trajectory_id,particle,phase_pre,phase_post,rel_x_pre_um,rel_y_pre_um,rel_z_pre_um,rel_x_post_um,rel_y_post_um,rel_z_post_um,step_len_um,edep_keV
T000001,Li7,BN,binder_void,0,0,0,-0.03171,-0.08242,-0.004585,0.0884404,57.6249
T000001,Li7,binder_void,ZnS,-0.03171,-0.08242,-0.004585,-0.06308,-0.16536,-0.009037,0.0887838,18.3121
T000001,Li7,ZnS,ZnS,-0.06308,-0.16536,-0.009037,-0.62268,-1.64894,0.101348,1.59989,764.063
T000001,Li7,ZnS,ZnS,-0.62268,-1.64894,0.101348,-0.62268,-1.64894,0.101348,0,0
T000002,alpha,BN,binder_void,0,0,0,0.32005,0.832,0.046277,0.892747,331.804
T000002,alpha,binder_void,BN,0.32005,0.832,0.046277,0.39259,1.02133,0.056624,0.203013,31.4578
T000002,alpha,BN,binder_void,0.39259,1.02133,0.056624,0.73947,1.93248,0.101651,0.976205,401.836
T000002,alpha,binder_void,BN,0.73947,1.93248,0.101651,0.76809,2.00208,0.105352,0.0753215,15.8725
T000002,alpha,BN,binder_void,0.76809,2.00208,0.105352,1.07988,2.75968,0.144438,0.82067,360.149
T000002,alpha,binder_void,BN,1.07988,2.75968,0.144438,1.11497,2.86848,0.150101,0.114398,19.3453
T000002,alpha,BN,binder_void,1.11497,2.86848,0.150101,1.25111,3.31618,0.186368,0.469945,169.618
T000002,alpha,binder_void,BN,1.25111,3.31618,0.186368,1.36578,3.81798,0.170987,0.515974,53.8287
T000002,alpha,BN,BN,1.36578,3.81798,0.170987,1.5104,4.46198,0.156081,0.683576,86.088
T000002,alpha,BN,BN,1.5104,4.46198,0.156081,1.5104,4.46198,0.156081,0,0
T000003,Li7,BN,binder_void,0,0,0,-0.14523,0.33382,0.347668,0.503621,319.953
T000003,Li7,binder_void,ZnS,-0.14523,0.33382,0.347668,-0.38279,0.89076,0.916241,0.831114,118.272
T000003,Li7,ZnS,ZnS,-0.38279,0.89076,0.916241,-1.0913,1.81728,1.782831,1.48299,395.93
T000003,Li7,ZnS,ZnS,-1.0913,1.81728,1.782831,-1.10516,1.82618,1.785611,0.277521,5.84549
T000003,Li7,ZnS,ZnS,-1.10516,1.82618,1.785611,-1.10516,1.82618,1.785611,0,0
T000004,alpha,BN,binder_void,0,0,0,0.04524,-0.10399,-0.108306,0.156819,54.4006
T000004,alpha,binder_void,BN,0.04524,-0.10399,-0.108306,0.35819,-0.82235,-0.852354,1.08061,169.05
T000004,alpha,BN,binder_void,0.35819,-0.82235,-0.852354,0.5045,-1.15922,-1.197413,0.503985,206.856
T000004,alpha,binder_void,BN,0.5045,-1.15922,-1.197413,0.63625,-1.4577,-1.504359,0.447976,76.9344
T000004,alpha,BN,binder_void,0.63625,-1.4577,-1.504359,0.91715,-2.08884,-2.156339,0.950192,435.917
T000004,alpha,binder_void,BN,0.91715,-2.08884,-2.156339,0.96465,-2.18755,-2.260979,0.151493,26.0135
T000004,alpha,BN,binder_void,0.96465,-2.18755,-2.260979,1.18064,-2.62919,-2.733249,0.682228,254.579
T000004,alpha,binder_void,BN,1.18064,-2.62919,-2.733249,1.23618,-2.76716,-2.876969,0.206879,33.7454
T000004,alpha,BN,BN,1.23618,-2.76716,-2.876969,1.40524,-3.22561,-3.337819,0.674452,212.505
T000004,alpha,BN,BN,1.40524,-3.22561,-3.337819,1.40524,-3.22561,-3.337819,0,0
T000005,Li7,BN,binder_void,0,0,0,-0.6308,-0.1869,-0.03225,0.65911,394.716
T000005,Li7,binder_void,BN,-0.6308,-0.1869,-0.03225,-0.83496,-0.2369,-0.04358,0.210552,28.7598
T000005,Li7,BN,binder_void,-0.83496,-0.2369,-0.04358,-1.38362,-0.3674,-0.09525,0.567465,239.414
T000005,Li7,binder_void,ZnS,-1.38362,-0.3674,-0.09525,-2.55493,-0.5731,-0.15955,1.19994,92.2955
T000005,Li7,ZnS,ZnS,-2.55493,-0.5731,-0.15955,-2.76529,-0.6392,-0.05607,0.25419,68.9116
T000005,Li7,ZnS,ZnS,-2.76529,-0.6392,-0.05607,-2.72236,-0.7151,0.00715,0.269116,15.9033
T000005,Li7,ZnS,ZnS,-2.72236,-0.7151,0.00715,-2.72236,-0.7151,0.00715,0,0
T000006,alpha,BN,binder_void,0,0,0,0.22801,0.0676,0.01166,0.238096,90.954
T000006,alpha,binder_void,BN,0.22801,0.0676,0.01166,0.34493,0.1026,0.01713,0.122185,15.5875
T000006,alpha,BN,binder_void,0.34493,0.1026,0.01713,1.10555,0.3329,0.05405,0.795662,316.785
T000006,alpha,binder_void,ZnS,1.10555,0.3329,0.05405,2.04667,0.6259,0.09907,0.986819,173.953
T000006,alpha,ZnS,ZnS,2.04667,0.6259,0.09907,5.483214,1.71885,0.2764,3.6607,872.72
T000006,alpha,ZnS,ZnS,5.483214,1.71885,0.2764,5.483214,1.71885,0.2764,0,0
T000007,Li7,BN,binder_void,0,0,0,0.13615,-0.052,-0.5994,0.617127,392.367
T000007,Li7,binder_void,BN,0.13615,-0.052,-0.5994,0.24175,-0.0818,-0.95788,0.374966,60.5368
T000007,Li7,BN,binder_void,0.24175,-0.0818,-0.95788,0.37904,-0.1224,-1.43764,0.501167,254.446
T000007,Li7,binder_void,BN,0.37904,-0.1224,-1.43764,0.52039,-0.1593,-1.88358,0.469685,54.6356
T000007,Li7,BN,binder_void,0.52039,-0.1593,-1.88358,0.57947,-0.1738,-2.09568,0.221062,87.5781
T000007,Li7,binder_void,BN,0.57947,-0.1738,-2.09568,0.72185,-0.2023,-2.68714,0.61148,56.9589
T000007,Li7,BN,binder_void,0.72185,-0.2023,-2.68714,0.85922,-0.25,-3.20086,0.549384,80.875
T000007,Li7,binder_void,binder_void,0.85922,-0.25,-3.20086,1.11904,-0.2156,-3.60651,0.548853,21.2686
T000007,Li7,binder_void,binder_void,1.11904,-0.2156,-3.60651,1.18387,-0.2204,-3.55016,0.435713,4.33349
T000007,Li7,binder_void,binder_void,1.18387,-0.2204,-3.55016,1.18387,-0.2204,-3.55016,0,0
T000008,alpha,BN,binder_void,0,0,0,-0.05611,0.0215,0.24704,0.254235,80.5507
T000008,alpha,binder_void,BN,-0.05611,0.0215,0.24704,-0.14405,0.0567,0.63138,0.395852,47.2144
T000008,alpha,BN,binder_void,-0.14405,0.0567,0.63138,-0.20894,0.0834,0.91303,0.290275,104.325
T000008,alpha,binder_void,BN,-0.20894,0.0834,0.91303,-0.28549,0.1131,1.24085,0.337944,53.4007
T000008,alpha,BN,binder_void,-0.28549,0.1131,1.24085,-0.49802,0.1977,2.12537,0.913739,344.295
T000008,alpha,binder_void,BN,-0.49802,0.1977,2.12537,-0.60163,0.2383,2.56583,0.454313,70.9087
T000008,alpha,BN,binder_void,-0.60163,0.2383,2.56583,-0.62223,0.2462,2.65404,0.0909229,36.253
T000008,alpha,binder_void,BN,-0.62223,0.2462,2.65404,-0.72712,0.2872,3.10851,0.468246,72.5031
T000008,alpha,BN,binder_void,-0.72712,0.2872,3.10851,-0.9266,0.3633,3.95879,0.876916,381.969
T000008,alpha,binder_void,BN,-0.9266,0.3633,3.95879,-0.98561,0.3901,4.21729,0.266516,41.2777
T000008,alpha,BN,binder_void,-0.98561,0.3901,4.21729,-1.16837,0.474,5.029341,0.83726,347.688
T000008,alpha,binder_void,ZnS,-1.16837,0.474,5.029341,-1.24137,0.484,5.410181,0.388206,49.0415
T000008,alpha,ZnS,ZnS,-1.24137,0.484,5.410181,-1.41908,0.3738,6.78701,1.65774,146.573
T000008,alpha,ZnS,ZnS,-1.41908,0.3738,6.78701,-1.41908,0.3738,6.78701,0,0
T000009,Li7,BN,binder_void,0,0,0,0.05772,-0.02634,0.07105,0.0952562,61.4463
T000009,Li7,binder_void,BN,0.05772,-0.02634,0.07105,0.16182,-0.07343,0.1988,0.171398,30.7392
T000009,Li7,BN,binder_void,0.16182,-0.07343,0.1988,0.67775,-0.3125,0.82462,0.846491,458.456
T000009,Li7,binder_void,BN,0.67775,-0.3125,0.82462,1.006528,-0.47777,1.23096,0.548861,60.6439
T000009,Li7,BN,binder_void,1.006528,-0.47777,1.23096,1.375414,-0.67213,1.71612,0.644676,198.494
T000009,Li7,binder_void,BN,1.375414,-0.67213,1.71612,1.380146,-0.67526,1.72177,0.00801716,0.940902
T000009,Li7,BN,BN,1.380146,-0.67526,1.72177,1.50125,-0.68966,1.92365,0.250136,29.2802
T000009,Li7,BN,BN,1.50125,-0.68966,1.92365,1.50125,-0.68966,1.92365,0,0
T000010,alpha,BN,binder_void,0,0,0,-0.14126,0.06446,-0.17388,0.233128,85.0135
T000010,alpha,binder_void,ZnS,-0.14126,0.06446,-0.17388,-0.39252,0.1813,-0.48532,0.416877,58.5102
T000010,alpha,ZnS,ZnS,-0.39252,0.1813,-0.48532,-2.90826,1.38603,-3.62962,4.23077,1326.48
T000010,alpha,ZnS,ZnS,-2.90826,1.38603,-3.62962,-2.90826,1.38603,-3.62962,0,0
T000011,Li7,BN,binder_void,0,0,0,-0.58859,-0.39847,-0.33078,0.784603,466.22
T000011,Li7,binder_void,BN,-0.58859,-0.39847,-0.33078,-1.91349,-1.06518,-0.99878,1.63087,184.591
T000011,Li7,BN,BN,-1.91349,-1.06518,-0.99878,-2.76323,-1.46734,-1.24718,0.997893,189.189
T000011,Li7,BN,BN,-2.76323,-1.46734,-1.24718,-2.76323,-1.46734,-1.24718,0,0
T000012,alpha,BN,binder_void,0,0,0,0.02127,0.01439,0.01195,0.0283226,7.88576
T000012,alpha,binder_void,BN,0.02127,0.01439,0.01195,1.156156,0.78311,0.65002,1.51207,214.048
T000012,alpha,BN,binder_void,1.156156,0.78311,0.65002,1.547196,1.04933,0.87173,0.522484,211.138
T000012,alpha,binder_void,BN,1.547196,1.04933,0.87173,1.735225,1.17558,0.97701,0.249764,38.5361
T000012,alpha,BN,binder_void,1.735225,1.17558,0.97701,2.341483,1.579,1.31731,0.803993,350.555
T000012,alpha,binder_void,BN,2.341483,1.579,1.31731,3.39955,2.26496,1.94556,1.40926,240.531
T000012,alpha,BN,binder_void,3.39955,2.26496,1.94556,3.67328,2.44005,2.11033,0.364528,158.286
T000012,alpha,binder_void,ZnS,3.67328,2.44005,2.11033,3.92439,2.60528,2.26012,0.335988,46.2716
T000012,alpha,ZnS,ZnS,3.92439,2.60528,2.26012,5.22783,3.431625,2.97668,1.90598,202.75
T000012,alpha,ZnS,ZnS,5.22783,3.431625,2.97668,5.22783,3.431625,2.97668,0,0
T000013,Li7,BN,binder_void,0,0,0,-0.02809,0.05422,0.0449,0.0757986,49.1267
T000013,Li7,binder_void,BN,-0.02809,0.05422,0.0449,-0.16048,0.31368,0.26184,0.363214,64.3702
T000013,Li7,BN,binder_void,-0.16048,0.31368,0.26184,-0.453468,0.87566,0.73402,0.790882,500.12
T000013,Li7,binder_void,BN,-0.453468,0.87566,0.73402,-0.488544,0.9468,0.78891,0.0964685,14.3225
T000013,Li7,BN,binder_void,-0.488544,0.9468,0.78891,-0.858352,1.65141,1.33248,0.968484,320.084
T000013,Li7,binder_void,ZnS,-0.858352,1.65141,1.33248,-0.895278,1.78265,1.44075,0.175177,10.9314
T000013,Li7,ZnS,ZnS,-0.895278,1.78265,1.44075,-0.87107,1.87642,1.57052,0.17223,39.9933
T000013,Li7,ZnS,ZnS,-0.87107,1.87642,1.57052,-0.862196,1.77593,1.64611,0.197814,9.98188
T000013,Li7,ZnS,ZnS,-0.862196,1.77593,1.64611,-0.863015,1.77327,1.65583,0.202872,4.07018
T000013,Li7,ZnS,ZnS,-0.863015,1.77327,1.65583,-0.863015,1.77327,1.65583,0,0
T000014,alpha,BN,binder_void,0,0,0,0.24942,-0.4814,-0.39864,0.673004,239.111
T000014,alpha,binder_void,BN,0.24942,-0.4814,-0.39864,0.2774,-0.53526,-0.44306,0.0752169,7.19674
T000014,alpha,BN,binder_void,0.2774,-0.53526,-0.44306,0.44257,-0.8529,-0.70576,0.444078,177.691
T000014,alpha,binder_void,BN,0.44257,-0.8529,-0.70576,0.58177,-1.12508,-0.9277,0.377786,57.8331
T000014,alpha,BN,binder_void,0.58177,-1.12508,-0.9277,0.85943,-1.66905,-1.365164,0.751349,304.745
T000014,alpha,binder_void,ZnS,0.85943,-1.66905,-1.365164,1.14681,-2.211342,-1.816643,0.761962,125.8
T000014,alpha,ZnS,ZnS,1.14681,-2.211342,-1.816643,2.57047,-4.89127,-4.12005,3.87527,863.624
T000014,alpha,ZnS,ZnS,2.57047,-4.89127,-4.12005,2.57047,-4.89127,-4.12005,0,0
T000015,Li7,BN,binder_void,0,0,0,0.04974,0.05867,-0.04554,0.0893936,60.3945
T000015,Li7,binder_void,BN,0.04974,0.05867,-0.04554,0.16742,0.19349,-0.14972,0.207087,31.893
T000015,Li7,BN,binder_void,0.16742,0.19349,-0.14972,0.4266,0.49085,-0.3789,0.456442,270.612
T000015,Li7,binder_void,BN,0.4266,0.49085,-0.3789,0.5418,0.64783,-0.47932,0.219123,28.4877
T000015,Li7,BN,binder_void,0.5418,0.64783,-0.47932,0.78493,0.97311,-0.68504,0.455855,208.338
T000015,Li7,binder_void,ZnS,0.78493,0.97311,-0.68504,1.48809,1.77413,-1.269312,1.22064,119.014
T000015,Li7,ZnS,ZnS,1.48809,1.77413,-1.269312,1.62992,2.2786,-1.488072,0.600816,98.2251
T000015,Li7,ZnS,ZnS,1.62992,2.2786,-1.488072,1.67224,2.41804,-1.80551,0.466129,23.036
T000015,Li7,ZnS,ZnS,1.67224,2.41804,-1.80551,1.67224,2.41804,-1.80551,0,0
T000016,alpha,BN,binder_void,0,0,0,-0.317543,-0.3745,0.29075,0.570678,235.794
T000016,alpha,binder_void,BN,-0.317543,-0.3745,0.29075,-0.463538,-0.54266,0.42316,0.259084,42.5414
T000016,alpha,BN,binder_void,-0.463538,-0.54266,0.42316,-0.924047,-1.07238,0.8404,0.816698,360.911
T000016,alpha,binder_void,BN,-0.924047,-1.07238,0.8404,-1.377367,-1.60091,1.27304,0.819858,147.929
T000016,alpha,BN,binder_void,-1.377367,-1.60091,1.27304,-1.730509,-2.01823,1.61477,0.644953,310.738
T000016,alpha,binder_void,BN,-1.730509,-2.01823,1.61477,-1.812355,-2.11554,1.69235,0.148963,26.5045
T000016,alpha,BN,binder_void,-1.812355,-2.11554,1.69235,-2.127551,-2.487099,1.99467,0.57414,199.359
T000016,alpha,binder_void,BN,-2.127551,-2.487099,1.99467,-2.37599,-2.743604,2.19539,0.410229,53.0355
T000016,alpha,BN,BN,-2.37599,-2.743604,2.19539,-2.71821,-3.1118989,2.45563,0.577123,93.187
T000016,alpha,BN,BN,-2.71821,-3.1118989,2.45563,-2.71821,-3.1118989,2.45563,0,0
T000017,Li7,BN,binder_void,0,0,0,0.0069,-0.21619,-0.1875,0.286324,192.229
T000017,Li7,binder_void,BN,0.0069,-0.21619,-0.1875,0.0244,-1.20694,-1.01341,1.29084,195.793
T000017,Li7,BN,binder_void,0.0244,-1.20694,-1.01341,0.0394,-1.62424,-1.3294,0.524483,260.235
T000017,Li7,binder_void,BN,0.0394,-1.62424,-1.3294,0.0465,-1.65893,-1.3487,0.0403459,4.10336
T000017,Li7,BN,binder_void,0.0465,-1.65893,-1.3487,0.074,-1.78861,-1.42129,0.151456,48.0957
T000017,Li7,binder_void,BN,0.074,-1.78861,-1.42129,0.185,-2.38486,-1.69696,0.670217,52.6598
T000017,Li7,BN,BN,0.185,-2.38486,-1.69696,0.2717,-2.71869,-1.83278,0.380713,86.8835
T000017,Li7,BN,BN,0.2717,-2.71869,-1.83278,0.2717,-2.71869,-1.83278,0,0
T000018,alpha,BN,binder_void,0,0,0,-0.0044,0.13645,0.11834,0.180679,71.1398
T000018,alpha,binder_void,BN,-0.0044,0.13645,0.11834,-0.0558,1.68889,1.471344,2.06016,315.017
T000018,alpha,BN,binder_void,-0.0558,1.68889,1.471344,-0.0747,2.42133,2.105317,0.969134,431.37
T000018,alpha,binder_void,BN,-0.0747,2.42133,2.105317,-0.0806,3.25725,2.834668,1.10966,197.189
T000018,alpha,BN,binder_void,-0.0806,3.25725,2.834668,-0.0899,3.56733,3.110658,0.415429,186.109
T000018,alpha,binder_void,BN,-0.0899,3.56733,3.110658,-0.0978,3.82738,3.35171,0.354813,48.9193
T000018,alpha,BN,BN,-0.0978,3.82738,3.35171,-0.1059,4.370299,3.84526,0.736955,220.256
T000018,alpha,BN,BN,-0.1059,4.370299,3.84526,-0.1059,4.370299,3.84526,0,0
T000019,Li7,BN,binder_void,0,0,0,-0.157,-0.0993,-0.01985,0.186852,121.432
T000019,Li7,binder_void,BN,-0.157,-0.0993,-0.01985,-0.9226,-0.59923,-0.11557,0.919713,149.763
T000019,Li7,BN,binder_void,-0.9226,-0.59923,-0.11557,-1.5815,-1.13278,-0.28121,0.86552,461.156
T000019,Li7,binder_void,BN,-1.5815,-1.13278,-0.28121,-1.7007,-1.20268,-0.31419,0.142388,8.65705
T000019,Li7,BN,BN,-1.7007,-1.20268,-0.31419,-2.3355,-1.54212,-0.48568,0.789626,111.216
T000019,Li7,BN,BN,-2.3355,-1.54212,-0.48568,-2.3355,-1.54212,-0.48568,0,0
T000020,alpha,BN,binder_void,0,0,0,0.2327,0.14715,0.02941,0.276842,99.7115
T000020,alpha,binder_void,BN,0.2327,0.14715,0.02941,0.6895,0.43588,0.08195,0.542993,78.4208
T000020,alpha,BN,binder_void,0.6895,0.43588,0.08195,1.2478,0.78503,0.14634,0.661689,251.593
T000020,alpha,binder_void,BN,1.2478,0.78503,0.14634,1.838,1.15362,0.21537,0.699318,109.043
T000020,alpha,BN,binder_void,1.838,1.15362,0.21537,2.4031,1.49747,0.28561,0.665344,290.707
T000020,alpha,binder_void,BN,2.4031,1.49747,0.28561,2.6117,1.62396,0.30845,0.245099,44.7745
T000020,alpha,BN,binder_void,2.6117,1.62396,0.30845,3.2141,2.00465,0.37476,0.716073,307.839
T000020,alpha,binder_void,BN,3.2141,2.00465,0.37476,3.444,2.16991,0.40032,0.284346,44.274
T000020,alpha,BN,binder_void,3.444,2.16991,0.40032,3.8396,2.46467,0.44818,0.496718,140.55
T000020,alpha,binder_void,BN,3.8396,2.46467,0.44818,4.2388,2.72407,0.46678,0.477995,31.7689
T000020,alpha,BN,BN,4.2388,2.72407,0.46678,4.7243,3.06242,0.4846,0.619064,71.3189
T000020,alpha,BN,BN,4.7243,3.06242,0.4846,4.7243,3.06242,0.4846,0,0
T000021,Li7,BN,binder_void,0,0,0,-0.0477,-0.1041,-0.14373,0.183804,114.418
T000021,Li7,binder_void,BN,-0.0477,-0.1041,-0.14373,-0.0885,-0.1889,-0.26061,0.150056,27.9985
T000021,Li7,BN,binder_void,-0.0885,-0.1889,-0.26061,-0.2765,-0.5789,-0.79241,0.686418,375.461
T000021,Li7,binder_void,BN,-0.2765,-0.5789,-0.79241,-0.442,-0.9655,-1.30865,0.666696,82.818
T000021,Li7,BN,binder_void,-0.442,-0.9655,-1.30865,-0.5928,-1.3089,-1.8413,0.656127,234.07
T000021,Li7,binder_void,binder_void,-0.5928,-1.3089,-1.8413,-0.5503,-1.3333,-1.90434,0.0999794,5.83009
T000021,Li7,binder_void,binder_void,-0.5503,-1.3333,-1.90434,-0.5503,-1.3333,-1.90434,0,0
T000022,alpha,BN,binder_void,0,0,0,0.2029,0.4427,0.61118,0.781552,287.073
T000022,alpha,binder_void,ZnS,0.2029,0.4427,0.61118,0.4448,0.9528,1.3182,0.904848,138.288
T000022,alpha,ZnS,ZnS,0.4448,0.9528,1.3182,1.5927,3.38081,4.69685,4.37535,1044.64
T000022,alpha,ZnS,ZnS,1.5927,3.38081,4.69685,1.5927,3.38081,4.69685,0,0
T000023,Li7,BN,binder_void,0,0,0,-0.3877,0.5565,0.13583,0.692213,411.593
T000023,Li7,binder_void,BN,-0.3877,0.5565,0.13583,-0.662,0.8947,0.21471,0.442707,63.0121
T000023,Li7,BN,binder_void,-0.662,0.8947,0.21471,-0.8314,1.1328,0.25996,0.296069,133.442
T000023,Li7,binder_void,ZnS,-0.8314,1.1328,0.25996,-1.664,2.29404,0.56584,1.46962,132.585
T000023,Li7,ZnS,ZnS,-1.664,2.29404,0.56584,-1.9018,2.53198,0.77613,0.418822,59.5633
T000023,Li7,ZnS,ZnS,-1.9018,2.53198,0.77613,-1.9287,2.53448,1.10092,0.395915,39.8039
T000023,Li7,ZnS,ZnS,-1.9287,2.53448,1.10092,-1.9287,2.53448,1.10092,0,0
T000024,alpha,BN,binder_void,0,0,0,0.1164,-0.167,-0.04077,0.207617,68.6137
T000024,alpha,binder_void,ZnS,0.1164,-0.167,-0.04077,0.6284,-0.9039,-0.21628,0.914327,126.838
T000024,alpha,ZnS,binder_void,0.6284,-0.9039,-0.21628,1.7306,-2.4903,-0.58738,1.97196,677.738
T000024,alpha,binder_void,BN,1.7306,-2.4903,-0.58738,1.9666,-2.8758,-0.67954,0.461392,72.7772
T000024,alpha,BN,binder_void,1.9666,-2.8758,-0.67954,2.3029,-3.4222,-0.80309,0.653863,275.792
T000024,alpha,binder_void,ZnS,2.3029,-3.4222,-0.80309,2.637,-3.8887,-0.91327,0.584689,93.7533
T000024,alpha,ZnS,ZnS,2.637,-3.8887,-0.91327,3.469,-5.0291,-1.20205,1.6955,154.488
T000024,alpha,ZnS,ZnS,3.469,-5.0291,-1.20205,3.469,-5.0291,-1.20205,0,0
T000025,Li7,BN,binder_void,0,0,0,0.0654,-0.08113,0.00301,0.104255,66.4031
T000025,Li7,binder_void,BN,0.0654,-0.08113,0.00301,0.4612,-0.57532,0.02121,0.633541,109.337
T000025,Li7,BN,binder_void,0.4612,-0.57532,0.02121,1.0378,-1.27765,0.04008,0.91027,489.692
T000025,Li7,binder_void,BN,1.0378,-1.27765,0.04008,1.1836,-1.43596,0.05026,0.215721,18.3014
T000025,Li7,BN,binder_void,1.1836,-1.43596,0.05026,1.6107,-1.80895,0.08146,0.575961,94.9332
T000025,Li7,binder_void,BN,1.6107,-1.80895,0.08146,2.248,-2.18185,0.08177,0.764684,40.2031
T000025,Li7,BN,BN,2.248,-2.18185,0.08177,2.3394,-2.19036,0.07656,0.100282,15.7268
T000025,Li7,BN,binder_void,2.3394,-2.19036,0.07656,2.3438,-2.19086,0.07475,0.00499847,0.804666
T000025,Li7,binder_void,binder_void,2.3438,-2.19086,0.07475,2.33,-2.1192,0.06389,0.0844733,4.16503
T000025,Li7,binder_void,binder_void,2.33,-2.1192,0.06389,2.33,-2.10521,0.00629,0.0899562,0.433154
T000025,Li7,binder_void,binder_void,2.33,-2.10521,0.00629,2.33,-2.10521,0.00629,0,0
T000026,alpha,BN,binder_void,0,0,0,-0.1394,0.17294,-0.0064,0.222224,76.6479
T000026,alpha,binder_void,BN,-0.1394,0.17294,-0.0064,-1.0298,1.2794,-0.05636,1.42126,206.857
T000026,alpha,BN,binder_void,-1.0298,1.2794,-0.05636,-1.5941,1.97041,-0.08899,0.892893,371.318
T000026,alpha,binder_void,BN,-1.5941,1.97041,-0.08899,-2.7849,3.3829,-0.1706,1.84979,299.807
T000026,alpha,BN,binder_void,-2.7849,3.3829,-0.1706,-3.1968,3.85987,-0.18688,0.630803,318.455
T000026,alpha,binder_void,BN,-3.1968,3.85987,-0.18688,-4.3123,5.16096,-0.22584,1.72173,181.112
T000026,alpha,BN,BN,-4.3123,5.16096,-0.22584,-4.4035,5.28366,-0.20898,0.162207,15.8034
T000026,alpha,BN,BN,-4.4035,5.28366,-0.20898,-4.4035,5.28366,-0.20898,0,0
T000027,Li7,BN,binder_void,0,0,0,-0.0144,-0.00232,-0.02167,0.026114,16.7877
T000027,Li7,binder_void,BN,-0.0144,-0.00232,-0.02167,-0.1504,-0.02514,-0.22726,0.247614,46.5756
T000027,Li7,BN,binder_void,-0.1504,-0.02514,-0.22726,-0.4679,-0.07431,-0.7116,0.581549,355.657
T000027,Li7,binder_void,BN,-0.4679,-0.07431,-0.7116,-0.6262,-0.09254,-0.96193,0.296882,40.8966
T000027,Li7,BN,binder_void,-0.6262,-0.09254,-0.96193,-1.0141,-0.12001,-1.60632,0.755267,271.275
T000027,Li7,binder_void,BN,-1.0141,-0.12001,-1.60632,-1.1293,-0.15997,-1.78051,0.213249,18.4403
T000027,Li7,BN,binder_void,-1.1293,-0.15997,-1.78051,-1.4358,-0.22303,-2.229274,0.571004,47.4911
T000027,Li7,binder_void,ZnS,-1.4358,-0.22303,-2.229274,-1.4625,-0.31055,-2.390748,0.188353,8.69949
T000027,Li7,ZnS,ZnS,-1.4625,-0.31055,-2.390748,-1.4831,-0.40579,-2.462574,0.133568,25.9743
T000027,Li7,ZnS,ZnS,-1.4831,-0.40579,-2.462574,-1.4115,-0.44261,-2.494459,0.116066,8.20313
T000027,Li7,ZnS,ZnS,-1.4115,-0.44261,-2.494459,-1.4115,-0.44261,-2.494459,0,0
T000028,alpha,BN,binder_void,0,0,0,0.4887,0.07893,0.73614,0.887214,332.879
T000028,alpha,binder_void,BN,0.4887,0.07893,0.73614,0.6311,0.10403,0.95016,0.258301,41.1839
T000028,alpha,BN,binder_void,0.6311,0.10403,0.95016,1.178,0.20672,1.76293,0.985208,428.785
T000028,alpha,binder_void,BN,1.178,0.20672,1.76293,1.281,0.22204,1.91047,0.180619,30.4988
T000028,alpha,BN,binder_void,1.281,0.22204,1.91047,1.6207,0.27486,2.39654,0.595568,267.961
T000028,alpha,binder_void,BN,1.6207,0.27486,2.39654,1.9763,0.34164,2.91079,0.62905,113.388
T000028,alpha,BN,binder_void,1.9763,0.34164,2.91079,2.285,0.40487,3.33026,0.525747,131.78
T000028,alpha,binder_void,BN,2.285,0.40487,3.33026,2.6257,0.42411,3.92413,0.687358,53.787
T000028,alpha,BN,BN,2.6257,0.42411,3.92413,2.8865,0.44912,4.44643,0.611805,69.7379
T000028,alpha,BN,BN,2.8865,0.44912,4.44643,2.8865,0.44912,4.44643,0,0
T000029,Li7,BN,binder_void,0,0,0,-0.0403,-0.2525,-0.4749,0.539625,324.014
T000029,Li7,binder_void,ZnS,-0.0403,-0.2525,-0.4749,-0.0739,-0.48164,-0.92058,0.50245,79.4355
T000029,Li7,ZnS,binder_void,-0.0739,-0.48164,-0.92058,-0.1534,-1.11121,-2.07825,1.36463,402.655
T000029,Li7,binder_void,binder_void,-0.1534,-1.11121,-2.07825,0.0381,-1.6318,-2.19214,0.617328,33.8954
T000029,Li7,binder_void,binder_void,0.0381,-1.6318,-2.19214,0.0381,-1.6318,-2.19214,0,0
T000030,alpha,BN,binder_void,0,0,0,0.0229,0.14336,0.26964,0.306251,115.295
T000030,alpha,binder_void,BN,0.0229,0.14336,0.26964,0.0583,0.36823,0.69211,0.479913,75.1349
T000030,alpha,BN,binder_void,0.0583,0.36823,0.69211,0.0842,0.52659,0.98956,0.337992,132.378
T000030,alpha,binder_void,BN,0.0842,0.52659,0.98956,0.2944,1.80847,3.369611,2.71206,456.004
T000030,alpha,BN,binder_void,0.2944,1.80847,3.369611,0.3534,2.20777,4.0915238,0.827499,370.653
T000030,alpha,binder_void,BN,0.3534,2.20777,4.0915238,0.3569,2.24199,4.145967,0.064405,12.4265
T000030,alpha,BN,BN,0.3569,2.24199,4.145967,0.4115,2.77327,4.98793,1.00037,308.109
T000030,alpha,BN,BN,0.4115,2.77327,4.98793,0.4115,2.77327,4.98793,0,0
T000031,Li7,BN,binder_void,0,0,0,0.6534,-0.07082,-0.36533,0.752518,450.228
T000031,Li7,binder_void,BN,0.6534,-0.07082,-0.36533,0.7105,-0.07899,-0.3912,0.0632387,8.52232
T000031,Li7,BN,binder_void,0.7105,-0.07899,-0.3912,1.5576,-0.19779,-0.77512,0.942109,346.877
T000031,Li7,binder_void,BN,1.5576,-0.19779,-0.77512,1.5832,-0.20523,-0.77759,0.0268792,1.0955
T000031,Li7,BN,BN,1.5832,-0.20523,-0.77759,1.8282,-0.23232,-0.89543,0.288706,24.9985
T000031,Li7,BN,BN,1.8282,-0.23232,-0.89543,1.8955,-0.26173,-0.91654,0.231838,8.27864
T000031,Li7,BN,BN,1.8955,-0.26173,-0.91654,1.8955,-0.26173,-0.91654,0,0
T000032,alpha,BN,binder_void,0,0,0,-0.1909,0.02068,0.10672,0.219661,77.7538
T000032,alpha,binder_void,BN,-0.1909,0.02068,0.10672,-0.7044,0.07656,0.39432,0.591216,80.0146
T000032,alpha,BN,binder_void,-0.7044,0.07656,0.39432,-1.10921,0.12192,0.6239,0.467653,178.164
T000032,alpha,binder_void,BN,-1.10921,0.12192,0.6239,-1.61984,0.17538,0.90712,0.586383,95.9826
T000032,alpha,BN,binder_void,-1.61984,0.17538,0.90712,-2.33036,0.24698,1.29593,0.813284,350.848
T000032,alpha,binder_void,ZnS,-2.33036,0.24698,1.29593,-2.6654,0.27181,1.47844,0.382358,72.016
T000032,alpha,ZnS,ZnS,-2.6654,0.27181,1.47844,-5.40273,0.489,2.95028,3.19701,615.221
T000032,alpha,ZnS,ZnS,-5.40273,0.489,2.95028,-5.40273,0.489,2.95028,0,0
T000033,Li7,BN,binder_void,0,0,0,0.239068,0.059,0.1984,0.316319,207.656
T000033,Li7,binder_void,BN,0.239068,0.059,0.1984,0.253446,0.0622,0.21039,0.0189831,2.564
T000033,Li7,BN,binder_void,0.253446,0.0622,0.21039,0.719508,0.1636,0.59772,0.615066,341.88
T000033,Li7,binder_void,BN,0.719508,0.1636,0.59772,0.768418,0.1697,0.63468,0.0616086,9.20271
T000033,Li7,BN,binder_void,0.768418,0.1697,0.63468,1.494928,0.2613,1.17958,0.920907,258.818
T000033,Li7,binder_void,ZnS,1.494928,0.2613,1.17958,1.551268,0.2711,1.27818,0.118413,5.90077
T000033,Li7,ZnS,ZnS,1.551268,0.2711,1.27818,1.531358,0.293,1.32691,0.0854097,3.16716
T000033,Li7,ZnS,ZnS,1.531358,0.293,1.32691,1.514068,0.3169,1.35152,0.0896059,5.84478
T000033,Li7,ZnS,ZnS,1.514068,0.3169,1.35152,1.517738,0.3498,1.3614,0.0885865,3.77358
T000033,Li7,ZnS,ZnS,1.517738,0.3498,1.3614,1.488528,0.3764,1.34198,0.0824112,1.19334
T000033,Li7,ZnS,ZnS,1.488528,0.3764,1.34198,1.488528,0.3764,1.34198,0,0
T000034,alpha,BN,binder_void,0,0,0,-0.229182,-0.0566,-0.1902,0.303165,106.898
T000034,alpha,binder_void,BN,-0.229182,-0.0566,-0.1902,-0.63987,-0.1588,-0.53071,0.543209,84.2874
T000034,alpha,BN,binder_void,-0.63987,-0.1588,-0.53071,-1.39228,-0.3439,-1.15264,0.993756,415.524
T000034,alpha,binder_void,BN,-1.39228,-0.3439,-1.15264,-1.929662,-0.4842,-1.61143,0.720444,126.39
T000034,alpha,BN,binder_void,-1.929662,-0.4842,-1.61143,-2.236612,-0.5712,-1.87847,0.416133,194.621
T000034,alpha,binder_void,BN,-2.236612,-0.5712,-1.87847,-3.575362,-0.9568,-3.03899,1.8143,272.8
T000034,alpha,BN,binder_void,-3.575362,-0.9568,-3.03899,-3.824392,-1.027,-3.22965,0.321733,123.785
T000034,alpha,binder_void,BN,-3.824392,-1.027,-3.22965,-4.340862,-1.1482,-3.59233,0.644159,55.094
T000034,alpha,BN,BN,-4.340862,-1.1482,-3.59233,-4.904242,-1.2428,-3.96087,0.702246,90.6001
T000034,alpha,BN,BN,-4.904242,-1.2428,-3.96087,-4.904242,-1.2428,-3.96087,0,0
T000035,Li7,BN,binder_void,0,0,0,-0.207569,-0.0711,-0.14744,0.264399,159.654
T000035,Li7,binder_void,BN,-0.207569,-0.0711,-0.14744,-0.6671987,-0.2269,-0.49513,0.597166,88.2477
T000035,Li7,BN,binder_void,-0.6671987,-0.2269,-0.49513,-1.400096,-0.4744,-1.0423,0.949426,451.006
T000035,Li7,binder_void,BN,-1.400096,-0.4744,-1.0423,-1.454395,-0.491,-1.08969,0.0740051,7.5216
T000035,Li7,BN,binder_void,-1.454395,-0.491,-1.08969,-1.805002,-0.5706,-1.44293,0.512405,108.116
T000035,Li7,binder_void,binder_void,-1.805002,-0.5706,-1.44293,-2.040092,-0.7709,-1.76508,0.48265,22.6732
T000035,Li7,binder_void,binder_void,-2.040092,-0.7709,-1.76508,-2.067112,-0.7352,-1.76179,0.349051,2.78108
T000035,Li7,binder_void,binder_void,-2.067112,-0.7352,-1.76179,-2.067112,-0.7352,-1.76179,0,0
T000036,alpha,BN,binder_void,0,0,0,0.284778,0.0975,0.20228,0.362682,127.718
T000036,alpha,binder_void,BN,0.284778,0.0975,0.20228,0.313928,0.1074,0.22307,0.0371534,4.3613
T000036,alpha,BN,binder_void,0.313928,0.1074,0.22307,0.616398,0.21,0.43854,0.38531,143.807
T000036,alpha,binder_void,BN,0.616398,0.21,0.43854,0.787418,0.2704,0.55966,0.218087,31.3227
T000036,alpha,BN,binder_void,0.787418,0.2704,0.55966,1.543978,0.5367,1.09355,0.963699,392.612
T000036,alpha,binder_void,ZnS,1.543978,0.5367,1.09355,1.563278,0.5431,1.10707,0.0244433,4.42796
T000036,alpha,ZnS,ZnS,1.563278,0.5431,1.10707,4.356478,1.4783,3.06676,3.60825,765.751
T000036,alpha,ZnS,ZnS,4.356478,1.4783,3.06676,4.356478,1.4783,3.06676,0,0
T000037,Li7,BN,binder_void,0,0,0,0.1328,0.08103,0.77072,0.786875,440.898
T000037,Li7,binder_void,BN,0.1328,0.08103,0.77072,0.2069,0.10701,1.13601,0.373801,51.0994
T000037,Li7,BN,binder_void,0.2069,0.10701,1.13601,0.31,0.14619,1.59893,0.47699,203.198
T000037,Li7,binder_void,BN,0.31,0.14619,1.59893,0.3863,0.20623,1.98126,0.395718,38.7044
T000037,Li7,BN,binder_void,0.3863,0.20623,1.98126,0.4553,0.29905,2.40482,0.44881,90.409
T000037,Li7,binder_void,binder_void,0.4553,0.29905,2.40482,0.5046,0.28841,2.55985,0.175903,10.3941
T000037,Li7,binder_void,binder_void,0.5046,0.28841,2.55985,0.4803,0.2829,2.67476,0.228191,6.17255
T000037,Li7,binder_void,binder_void,0.4803,0.2829,2.67476,0.4803,0.2829,2.67476,0,0
T000038,alpha,BN,binder_void,0,0,0,-0.0025,-0.00155,-0.01468,0.0149712,5.04884
T000038,alpha,binder_void,ZnS,-0.0025,-0.00155,-0.01468,-0.1471,-0.08999,-0.851965,0.8543,128.328
T000038,alpha,ZnS,binder_void,-0.1471,-0.08999,-0.851965,-0.4977,-0.32124,-2.90935,2.10503,820.686
T000038,alpha,binder_void,BN,-0.4977,-0.32124,-2.90935,-0.5023,-0.32147,-2.9348,0.0258755,5.47244
T000038,alpha,BN,binder_void,-0.5023,-0.32147,-2.9348,-0.6041,-0.32637,-3.48646,0.561312,247.928
T000038,alpha,binder_void,BN,-0.6041,-0.32637,-3.48646,-0.6138,-0.32738,-3.56431,0.0784636,12.7807
T000038,alpha,BN,binder_void,-0.6138,-0.32738,-3.56431,-0.7173,-0.3318,-4.40932,0.854847,145.251
T000038,alpha,binder_void,BN,-0.7173,-0.3318,-4.40932,-0.7189,-0.33018,-4.43394,0.0247308,1.42248
T000038,alpha,BN,binder_void,-0.7189,-0.33018,-4.43394,-0.768,-0.27732,-5.15236,0.740795,60.6263
T000038,alpha,binder_void,ZnS,-0.768,-0.27732,-5.15236,-0.8039,-0.21785,-5.29811,0.162385,6.57821
T000038,alpha,ZnS,ZnS,-0.8039,-0.21785,-5.29811,-0.8043,-0.11656,-5.44291,0.202477,35.8788
T000038,alpha,ZnS,ZnS,-0.8043,-0.11656,-5.44291,-0.8043,-0.11656,-5.44291,0,0
T000039,Li7,BN,binder_void,0,0,0,0.002,-0.01627,-0.00647,0.0176092,11.0634
T000039,Li7,binder_void,ZnS,0.002,-0.01627,-0.00647,0.0617,-0.50408,-0.200033,0.528288,92.1433
T000039,Li7,ZnS,ZnS,0.0617,-0.50408,-0.200033,0.4546,-1.92655,-0.768915,1.59267,663.208
T000039,Li7,ZnS,ZnS,0.4546,-1.92655,-0.768915,0.7373,-2.34996,-0.866052,0.984665,73.5853
T000039,Li7,ZnS,ZnS,0.7373,-2.34996,-0.866052,0.7373,-2.34996,-0.866052,0,0
T000040,alpha,BN,binder_void,0,0,0,-0.0736,0.61732,0.24567,0.668537,239.486
T000040,alpha,binder_void,BN,-0.0736,0.61732,0.24567,-0.1352,1.160711,0.45926,0.587123,88.9642
T000040,alpha,BN,binder_void,-0.1352,1.160711,0.45926,-0.2137,1.788837,0.68209,0.671192,294.366
T000040,alpha,binder_void,ZnS,-0.2137,1.788837,0.68209,-0.2488,2.057461,0.78151,0.28859,57.3448
T000040,alpha,ZnS,ZnS,-0.2488,2.057461,0.78151,-0.6877,5.41281,2.02411,3.67386,789.839
T000040,alpha,ZnS,ZnS,-0.6877,5.41281,2.02411,-0.6877,5.41281,2.02411,0,0
T000041,Li7,BN,binder_void,0,0,0,-0.0929,-0.1324,0.03721,0.16604,107.86
T000041,Li7,binder_void,BN,-0.0929,-0.1324,0.03721,-0.4597,-0.673,0.17426,0.667647,117.566
T000041,Li7,BN,binder_void,-0.4597,-0.673,0.17426,-0.619,-0.9092,0.23461,0.291357,164.398
T000041,Li7,binder_void,BN,-0.619,-0.9092,0.23461,-0.7083,-1.0351,0.26875,0.158093,26.2882
T000041,Li7,BN,binder_void,-0.7083,-1.0351,0.26875,-1.2153,-1.784,0.46998,0.930091,310.664
T000041,Li7,binder_void,BN,-1.2153,-1.784,0.46998,-1.3458,-1.987,0.53021,0.249429,18.7722
T000041,Li7,BN,BN,-1.3458,-1.987,0.53021,-1.6721,-2.5702,0.70279,0.733584,94.4512
T000041,Li7,BN,BN,-1.6721,-2.5702,0.70279,-1.6721,-2.5702,0.70279,0,0
T000042,alpha,BN,binder_void,0,0,0,0.1015,0.1446,-0.04062,0.181261,61.0601
T000042,alpha,binder_void,ZnS,0.1015,0.1446,-0.04062,0.1928,0.2759,-0.07767,0.164168,23.201
T000042,alpha,ZnS,ZnS,0.1928,0.2759,-0.07767,2.6726,3.8215,-1.0822,4.47071,1385.74
T000042,alpha,ZnS,ZnS,2.6726,3.8215,-1.0822,2.6726,3.8215,-1.0822,0,0
T000043,Li7,BN,binder_void,0,0,0,0.4579,0.0599,-0.12952,0.479879,300.026
T000043,Li7,binder_void,BN,0.4579,0.0599,-0.12952,1.257,0.1391,-0.34227,0.831176,124.822
T000043,Li7,BN,binder_void,1.257,0.1391,-0.34227,1.9849,0.2142,-0.55666,0.764764,296.004
T000043,Li7,binder_void,BN,1.9849,0.2142,-0.55666,2.1174,0.2117,-0.59612,0.138482,11.7296
T000043,Li7,BN,BN,2.1174,0.2117,-0.59612,2.8291,0.1938,-0.83105,0.78978,107.419
T000043,Li7,BN,BN,2.8291,0.1938,-0.83105,2.8291,0.1938,-0.83105,0,0
T000044,alpha,BN,binder_void,0,0,0,-0.0599,-0.0078,0.01694,0.0627351,19.7909
T000044,alpha,binder_void,BN,-0.0599,-0.0078,0.01694,-0.2561,-0.0329,0.0721,0.205349,28.7144
T000044,alpha,BN,binder_void,-0.2561,-0.0329,0.0721,-0.7848,-0.0939,0.21928,0.552198,212.405
T000044,alpha,binder_void,BN,-0.7848,-0.0939,0.21928,-2.29557,-0.2643,0.64181,1.57818,240.796
T000044,alpha,BN,binder_void,-2.29557,-0.2643,0.64181,-3.22955,-0.3644,0.892407,0.972478,428.861
T000044,alpha,binder_void,ZnS,-3.22955,-0.3644,0.892407,-3.7969,-0.4381,1.043624,0.591875,108.778
T000044,alpha,ZnS,binder_void,-3.7969,-0.4381,1.043624,-5.71845,-0.6944,1.557257,2.05267,407.881
T000044,alpha,binder_void,ZnS,-5.71845,-0.6944,1.557257,-5.71845,-0.6944,1.557257,0,0
T000044,alpha,ZnS,ZnS,-5.71845,-0.6944,1.557257,-5.82174,-0.7163,1.660693,0.176437,2.48957
T000044,alpha,ZnS,binder_void,-5.82174,-0.7163,1.660693,-5.89622,-0.7227,1.72036,0.120717,16.8977
T000044,alpha,binder_void,ZnS,-5.89622,-0.7227,1.72036,-5.89622,-0.7227,1.72036,0,0
T000044,alpha,ZnS,ZnS,-5.89622,-0.7227,1.72036,-5.90002,-0.7077,1.730247,0.0758033,1.1786
T000044,alpha,ZnS,ZnS,-5.90002,-0.7077,1.730247,-5.90218,-0.6981,1.734431,0.0574211,2.20822
T000044,alpha,ZnS,ZnS,-5.90218,-0.6981,1.734431,-5.90218,-0.6981,1.734431,0,0
T000045,Li7,BN,binder_void,0,0,0,-0.00436,0.00128,-0.00135,0.00473249,3.59694
T000045,Li7,binder_void,ZnS,-0.00436,0.00128,-0.00135,-0.48393,0.14155,-0.15167,0.521874,87.5809
T000045,Li7,ZnS,ZnS,-0.48393,0.14155,-0.15167,-2.0074,0.40797,-0.49887,1.59587,650.03
T000045,Li7,ZnS,ZnS,-2.0074,0.40797,-0.49887,-2.66955,0.25252,-0.71636,1.12678,118.171
T000045,Li7,ZnS,ZnS,-2.66955,0.25252,-0.71636,-2.66955,0.25252,-0.71636,0,0
T000046,alpha,BN,binder_void,0,0,0,0.80064,-0.23466,0.24784,0.870468,350.752
T000046,alpha,binder_void,ZnS,0.80064,-0.23466,0.24784,1.32874,-0.39806,0.4145,0.577401,91.5288
T000046,alpha,ZnS,binder_void,1.32874,-0.39806,0.4145,3.707926,-1.12859,1.18538,2.61986,806.173
T000046,alpha,binder_void,BN,3.707926,-1.12859,1.18538,4.217408,-1.264944,1.32638,0.546419,76.9459
T000046,alpha,BN,BN,4.217408,-1.264944,1.32638,4.94409,-1.501512,1.49963,0.79341,144.601
T000046,alpha,BN,BN,4.94409,-1.501512,1.49963,4.94409,-1.501512,1.49963,0,0
T000047,Li7,BN,binder_void,0,0,0,0.33273,-0.04839,0.44405,0.557278,349.983
T000047,Li7,binder_void,BN,0.33273,-0.04839,0.44405,0.45473,-0.06367,0.60382,0.201635,34.8324
T000047,Li7,BN,binder_void,0.45473,-0.06367,0.60382,1.03027,-0.13258,1.35781,0.954332,370.079
T000047,Li7,binder_void,BN,1.03027,-0.13258,1.35781,1.04704,-0.14097,1.38176,0.030431,2.51524
T000047,Li7,BN,BN,1.04704,-0.14097,1.38176,1.41611,-0.32549,1.9106,0.732588,82.5907
T000047,Li7,BN,BN,1.41611,-0.32549,1.9106,1.41611,-0.32549,1.9106,0,0
T000048,alpha,BN,binder_void,0,0,0,-0.00442,0.00065,-0.0059,0.00739508,1.83664
T000048,alpha,binder_void,ZnS,-0.00442,0.00065,-0.0059,-0.19969,0.02919,-0.26686,0.327182,49.1625
T000048,alpha,ZnS,binder_void,-0.19969,0.02919,-0.26686,-3.01066,0.44525,-4.02838,4.74659,1275.52
T000048,alpha,binder_void,BN,-3.01066,0.44525,-4.02838,-3.75981,0.64523,-4.38958,0.858295,125.882
T000048,alpha,BN,binder_void,-3.75981,0.64523,-4.38958,-3.81566,0.65808,-4.42418,0.0694885,5.6818
T000048,alpha,binder_void,BN,-3.81566,0.65808,-4.42418,-3.86237,0.658,-4.44858,0.0537388,0.340686
T000048,alpha,BN,BN,-3.86237,0.658,-4.44858,-3.95227,0.66075,-4.46248,0.0957759,2.37536
T000048,alpha,BN,BN,-3.95227,0.66075,-4.46248,-4.03342,0.63053,-4.44348,0.0955927,3.41363
T000048,alpha,BN,BN,-4.03342,0.63053,-4.44348,-4.03598,0.56445,-4.38698,0.10195,5.78315
T000048,alpha,BN,BN,-4.03598,0.56445,-4.38698,-4.03598,0.56445,-4.38698,0,0
T000049,Li7,BN,binder_void,0,0,0,0.672,0.416724,0.2576,0.83231,516.309
T000049,Li7,binder_void,BN,0.672,0.416724,0.2576,0.8478,0.530977,0.31,0.216208,25.7686
T000049,Li7,BN,binder_void,0.8478,0.530977,0.31,1.3026,0.82708,0.4498,0.562633,217.14
T000049,Li7,binder_void,binder_void,1.3026,0.82708,0.4498,2.5558,1.560598,0.4691,1.50985,80.7828
T000049,Li7,binder_void,binder_void,2.5558,1.560598,0.4691,2.5558,1.560598,0.4691,0,0
T000050,alpha,BN,binder_void,0,0,0,-0.0751,-0.04655,-0.0287,0.0928933,29.4908
T000050,alpha,binder_void,BN,-0.0751,-0.04655,-0.0287,-0.5142,-0.32048,-0.196,0.543932,80.2043
T000050,alpha,BN,binder_void,-0.5142,-0.32048,-0.196,-1.2505,-0.77376,-0.4799,0.910177,380.038
T000050,alpha,binder_void,BN,-1.2505,-0.77376,-0.4799,-1.3819,-0.8527,-0.5305,0.161426,25.2517
T000050,alpha,BN,binder_void,-1.3819,-0.8527,-0.5305,-1.9124,-1.17197,-0.7353,0.652333,290.212
T000050,alpha,binder_void,BN,-1.9124,-1.17197,-0.7353,-2.9322,-1.79105,-1.1411,1.26042,229.149
T000050,alpha,BN,binder_void,-2.9322,-1.79105,-1.1411,-3.662,-2.28885,-1.4355,0.932558,315.326
T000050,alpha,binder_void,BN,-3.662,-2.28885,-1.4355,-3.85894,-2.42917,-1.5125,0.254047,20.0578
T000050,alpha,BN,binder_void,-3.85894,-2.42917,-1.5125,-4.3724,-2.77561,-1.6972,0.659955,82.4859
T000050,alpha,binder_void,binder_void,-4.3724,-2.77561,-1.6972,-4.68306,-2.91829,-2.0721,0.535345,4.39892
T000050,alpha,binder_void,binder_void,-4.68306,-2.91829,-2.0721,-4.85898,-3.07379,-2.5393,0.589829,14.9019
T000050,alpha,binder_void,binder_void,-4.85898,-3.07379,-2.5393,-4.85898,-3.07379,-2.5393,0,0
T000051,Li7,BN,binder_void,0,0,0,-0.0437,0.213696,-0.029,0.220067,138.655
T000051,Li7,binder_void,BN,-0.0437,0.213696,-0.029,-0.1167,0.592627,-0.0795,0.389255,64.382
T000051,Li7,BN,binder_void,-0.1167,0.592627,-0.0795,-0.2275,1.1701368,-0.151,0.592941,323.049
T000051,Li7,binder_void,BN,-0.2275,1.1701368,-0.151,-0.3452,1.9027,-0.2217,0.7464,92.6512
T000051,Li7,BN,binder_void,-0.3452,1.9027,-0.2217,-0.5225,2.70249,-0.3284,0.836255,173.698
T000051,Li7,binder_void,binder_void,-0.5225,2.70249,-0.3284,-0.7872,3.53487,-0.2445,0.9476,56.2473
T000051,Li7,binder_void,binder_void,-0.7872,3.53487,-0.2445,-0.7872,3.53487,-0.2445,0,0
T000052,alpha,BN,binder_void,0,0,0,0.0696,-0.341,0.0463,0.35111,128.504
T000052,alpha,binder_void,BN,0.0696,-0.341,0.0463,0.6001,-2.88033,0.4002,2.6186,403.078
T000052,alpha,BN,binder_void,0.6001,-2.88033,0.4002,0.7786,-3.8157,0.5345,0.961988,404.15
T000052,alpha,binder_void,outside,0.7786,-3.8157,0.5345,1.309,-6.4829,0.9098,2.74803,315.124
T000053,Li7,BN,binder_void,0,0,0,-0.00093,-0.0018,-0.01105,0.0112201,6.02361
T000053,Li7,binder_void,BN,-0.00093,-0.0018,-0.01105,-0.02389,-0.0455,-0.28785,0.281203,49.5196
T000053,Li7,BN,binder_void,-0.02389,-0.0455,-0.28785,-0.06195,-0.1406,-0.89701,0.618126,374.627
T000053,Li7,binder_void,BN,-0.06195,-0.1406,-0.89701,-0.07593,-0.1911,-1.1505,0.258909,41.5408
T000053,Li7,BN,binder_void,-0.07593,-0.1911,-1.1505,-0.08263,-0.2207,-1.2953,0.148038,73.0115
T000053,Li7,binder_void,BN,-0.08263,-0.2207,-1.2953,-0.1268,-0.4953,-2.67574,1.41295,155.539
T000053,Li7,BN,BN,-0.1268,-0.4953,-2.67574,-0.31149,-0.6699,-3.44416,0.835857,139.739
T000053,Li7,BN,BN,-0.31149,-0.6699,-3.44416,-0.31149,-0.6699,-3.44416,0,0
T000054,alpha,BN,binder_void,0,0,0,0.05212,0.0976,0.62277,0.632586,245.609
T000054,alpha,binder_void,ZnS,0.05212,0.0976,0.62277,0.09835,0.1902,1.2091,0.595425,94.0272
T000054,alpha,ZnS,binder_void,0.09835,0.1902,1.2091,0.40914,0.837,4.572043,3.46195,977.214
T000054,alpha,binder_void,BN,0.40914,0.837,4.572043,0.39837,0.9684,4.999118,0.447604,52.6863
T000054,alpha,BN,BN,0.39837,0.9684,4.999118,0.38442,1.1492,5.514396,0.554654,100.463
T000054,alpha,BN,BN,0.38442,1.1492,5.514396,0.38442,1.1492,5.514396,0,0
T000055,Li7,BN,binder_void,0,0,0,-0.02156,-0.0054,0.01365,0.0260856,18.6158
T000055,Li7,binder_void,BN,-0.02156,-0.0054,0.01365,-0.1455,-0.0345,0.09128,0.149121,23.4635
T000055,Li7,BN,binder_void,-0.1455,-0.0345,0.09128,-0.89013,-0.2112,0.55841,0.897518,483.155
T000055,Li7,binder_void,binder_void,-0.89013,-0.2112,0.55841,-2.343542,-0.57,1.55281,1.80271,185.477
T000055,Li7,binder_void,BN,-2.343542,-0.57,1.55281,-2.5620422,-0.6408,1.70297,0.275137,20.3987
T000055,Li7,BN,BN,-2.5620422,-0.6408,1.70297,-3.180637,-0.9331,2.10526,0.843694,108.889
T000055,Li7,BN,BN,-3.180637,-0.9331,2.10526,-3.180637,-0.9331,2.10526,0,0
T000056,alpha,BN,binder_void,0,0,0,0.22487,0.0564,-0.14237,0.272081,104.406
T000056,alpha,binder_void,BN,0.22487,0.0564,-0.14237,1.32551,0.3364,-0.83959,1.33272,191.794
T000056,alpha,BN,binder_void,1.32551,0.3364,-0.83959,1.78527,0.4547,-1.13771,0.560662,225.717
T000056,alpha,binder_void,BN,1.78527,0.4547,-1.13771,1.94593,0.4973,-1.23972,0.19502,34.3981
T000056,alpha,BN,binder_void,1.94593,0.4973,-1.23972,2.74031,0.7092,-1.74561,0.965659,446.033
T000056,alpha,binder_void,BN,2.74031,0.7092,-1.74561,2.82734,0.7289,-1.80028,0.104645,18.3666
T000056,alpha,BN,binder_void,2.82734,0.7289,-1.80028,3.24078,0.8231,-2.05885,0.49697,220.006
T000056,alpha,binder_void,BN,3.24078,0.8231,-2.05885,3.79794,0.9215,-2.39177,0.657132,113.948
T000056,alpha,BN,binder_void,3.79794,0.9215,-2.39177,4.159,0.9763,-2.58529,0.416493,115.327
T000056,alpha,binder_void,binder_void,4.159,0.9763,-2.58529,4.16883,0.9774,-2.59062,0.0112405,0.00445272
T000056,alpha,binder_void,binder_void,4.16883,0.9774,-2.59062,4.16883,0.9774,-2.59062,0,0
T000057,Li7,BN,binder_void,0,0,0,0.05552,0.034467,0.218236,0.22784,147.709
T000057,Li7,binder_void,BN,0.05552,0.034467,0.218236,0.06966,0.043188,0.271417,0.0557165,10.0807
T000057,Li7,BN,binder_void,0.06966,0.043188,0.271417,0.26632,0.161687,1.005931,0.770137,439.639
T000057,Li7,binder_void,BN,0.26632,0.161687,1.005931,0.31719,0.178961,1.162018,0.165102,22.9911
T000057,Li7,BN,binder_void,0.31719,0.178961,1.162018,0.55645,0.248343,1.918221,0.799024,358.393
T000057,Li7,binder_void,BN,0.55645,0.248343,1.918221,0.72095,0.2665,2.157471,0.301977,13.0175
T000057,Li7,BN,BN,0.72095,0.2665,2.157471,0.78433,0.223621,2.249791,0.12595,12.2002
T000057,Li7,BN,BN,0.78433,0.223621,2.249791,0.80594,0.154122,2.322411,0.122728,8.01594
T000057,Li7,BN,BN,0.80594,0.154122,2.322411,0.80676,0.151218,2.321691,0.078668,0.953164
T000057,Li7,BN,BN,0.80676,0.151218,2.321691,0.80676,0.151218,2.321691,0,0
T000058,alpha,BN,binder_void,0,0,0,-0.08658,-0.053764,-0.340405,0.355347,115.089
T000058,alpha,binder_void,BN,-0.08658,-0.053764,-0.340405,-0.09026,-0.056119,-0.355021,0.0152541,0.86905
T000058,alpha,BN,binder_void,-0.09026,-0.056119,-0.355021,-0.26326,-0.167188,-1.043079,0.718173,245.258
T000058,alpha,binder_void,BN,-0.26326,-0.167188,-1.043079,-0.52222,-0.3308598,-2.053739,1.05612,147.63
T000058,alpha,BN,binder_void,-0.52222,-0.3308598,-2.053739,-0.77076,-0.490593,-2.997669,0.989279,430.418
T000058,alpha,binder_void,BN,-0.77076,-0.490593,-2.997669,-0.96981,-0.612838,-3.728839,0.767648,133.141
T000058,alpha,BN,binder_void,-0.96981,-0.612838,-3.728839,-1.2002,-0.739342,-4.563999,0.875996,393.876
T000058,alpha,binder_void,BN,-1.2002,-0.739342,-4.563999,-1.35574,-0.821544,-5.125859,0.589059,93.9161
T000058,alpha,BN,BN,-1.35574,-0.821544,-5.125859,-1.56644,-0.975085,-5.994189,0.912354,215.804
T000058,alpha,BN,BN,-1.56644,-0.975085,-5.994189,-1.56644,-0.975085,-5.994189,0,0
T000059,Li7,BN,binder_void,0,0,0,-0.05268,-0.119239,-0.090778,0.158875,98.8997
T000059,Li7,binder_void,BN,-0.05268,-0.119239,-0.090778,-0.11463,-0.2699662,-0.202883,0.197811,34.8786
T000059,Li7,BN,binder_void,-0.11463,-0.2699662,-0.202883,-0.35392,-0.856228,-0.629409,0.76428,423.084
T000059,Li7,binder_void,BN,-0.35392,-0.856228,-0.629409,-0.41887,-1.012272,-0.754489,0.210367,26.3992
T000059,Li7,BN,binder_void,-0.41887,-1.012272,-0.754489,-0.56216,-1.352599,-1.030059,0.462621,149.578
T000059,Li7,binder_void,BN,-0.56216,-1.352599,-1.030059,-0.57865,-1.405649,-1.070869,0.069001,5.78784
T000059,Li7,BN,BN,-0.57865,-1.405649,-1.070869,-0.72049,-1.929219,-1.479499,0.712738,101.373
T000059,Li7,BN,BN,-0.72049,-1.929219,-1.479499,-0.72049,-1.929219,-1.479499,0,0
T000060,alpha,BN,binder_void,0,0,0,0.16902,0.382499,0.291201,0.509614,201.174
T000060,alpha,binder_void,BN,0.16902,0.382499,0.291201,0.20198,0.456432,0.346661,0.0981253,15.8938
T000060,alpha,BN,binder_void,0.20198,0.456432,0.346661,0.52092,1.171621,0.881288,0.948354,399.237
T000060,alpha,binder_void,BN,0.52092,1.171621,0.881288,0.62035,1.412391,1.063644,0.317991,54.6339
T000060,alpha,BN,binder_void,0.62035,1.412391,1.063644,0.72046,1.657571,1.251724,0.324861,155.565
T000060,alpha,binder_void,BN,0.72046,1.657571,1.251724,0.76067,1.755231,1.316545,0.123924,23.4253
T000060,alpha,BN,binder_void,0.76067,1.755231,1.316545,1.05728,2.476921,1.797751,0.91736,423.326
T000060,alpha,binder_void,BN,1.05728,2.476921,1.797751,1.22048,2.911331,2.069191,0.538199,78.6596
T000060,alpha,BN,BN,1.22048,2.911331,2.069191,1.46869,3.548861,2.463641,0.807877,118.085
T000060,alpha,BN,BN,1.46869,3.548861,2.463641,1.46869,3.548861,2.463641,0,0
T000061,Li7,BN,binder_void,0,0,0,-0.2468,0.2309,-0.8163,0.884305,524.51
T000061,Li7,binder_void,ZnS,-0.2468,0.2309,-0.8163,-0.327,0.3253,-1.17851,0.383055,47.8457
T000061,Li7,ZnS,ZnS,-0.327,0.3253,-1.17851,-0.2061,0.4779,-2.51461,1.4068,267.644
T000061,Li7,ZnS,ZnS,-0.2061,0.4779,-2.51461,-0.2061,0.4779,-2.51461,0,0
T000062,alpha,BN,binder_void,0,0,0,0.0206,-0.0193,0.06841,0.0740455,31.6302
T000062,alpha,binder_void,BN,0.0206,-0.0193,0.06841,0.2301,-0.2137,0.75866,0.747103,105.764
T000062,alpha,BN,binder_void,0.2301,-0.2137,0.75866,0.3009,-0.2785,0.99004,0.250481,90.3431
T000062,alpha,binder_void,BN,0.3009,-0.2785,0.99004,0.3312,-0.3061,1.08953,0.107614,15.5195
T000062,alpha,BN,binder_void,0.3312,-0.3061,1.08953,0.5113,-0.4696,1.68355,0.641965,265.389
T000062,alpha,binder_void,BN,0.5113,-0.4696,1.68355,0.6041,-0.5457,1.98317,0.322765,48.0906
T000062,alpha,BN,binder_void,0.6041,-0.5457,1.98317,0.8056,-0.7112,2.64117,0.707973,322.718
T000062,alpha,binder_void,BN,0.8056,-0.7112,2.64117,0.9066,-0.8122,2.92849,0.320889,59.5339
T000062,alpha,BN,binder_void,0.9066,-0.8122,2.92849,1.1136,-1.0246,3.53258,0.673404,296.651
T000062,alpha,binder_void,binder_void,1.1136,-1.0246,3.53258,1.9575,-1.9241,6.14254,2.90951,234.361
T000062,alpha,binder_void,binder_void,1.9575,-1.9241,6.14254,1.9575,-1.9241,6.14254,0,0
T000063,Li7,BN,binder_void,0,0,0,-0.1104,0.1864,0.1279,0.251623,158.583
T000063,Li7,binder_void,BN,-0.1104,0.1864,0.1279,-0.2333,0.4001,0.26734,0.283191,46.7462
T000063,Li7,BN,binder_void,-0.2333,0.4001,0.26734,-0.5953,1.0283,0.68383,0.837426,412.61
T000063,Li7,binder_void,BN,-0.5953,1.0283,0.68383,-0.9862,1.7374,1.16219,0.94389,90.1406
T000063,Li7,BN,BN,-0.9862,1.7374,1.16219,-1.2669,2.3292,1.6222,0.829696,131.92
T000063,Li7,BN,BN,-1.2669,2.3292,1.6222,-1.2669,2.3292,1.6222,0,0
T000064,alpha,BN,binder_void,0,0,0,0.114,-0.1927,-0.13222,0.260051,98.2651
T000064,alpha,binder_void,BN,0.114,-0.1927,-0.13222,0.1258,-0.2128,-0.14642,0.0272845,1.72415
T000064,alpha,BN,binder_void,0.1258,-0.2128,-0.14642,0.3093,-0.5228,-0.36631,0.422079,169.664
T000064,alpha,binder_void,BN,0.3093,-0.5228,-0.36631,0.6785,-1.148,-0.81516,0.853654,123.288
T000064,alpha,BN,binder_void,0.6785,-1.148,-0.81516,1.1034,-1.8372,-1.32384,0.956425,446.8
T000064,alpha,binder_void,BN,1.1034,-1.8372,-1.32384,1.8283,-2.9384,-2.12174,1.54162,275.502
T000064,alpha,BN,binder_void,1.8283,-2.9384,-2.12174,2.2192,-3.5033,-2.54065,0.806041,225.004
T000064,alpha,binder_void,BN,2.2192,-3.5033,-2.54065,2.3915,-3.7067,-2.7197,0.321592,40.086
T000064,alpha,BN,binder_void,2.3915,-3.7067,-2.7197,2.4907,-3.8077,-2.82784,0.179007,28.9212
T000064,alpha,binder_void,BN,2.4907,-3.8077,-2.82784,2.5333,-3.8637,-2.87504,0.0848775,4.47024
T000064,alpha,BN,binder_void,2.5333,-3.8637,-2.87504,2.7687,-4.1651,-3.1061,0.465752,8.02778
T000064,alpha,binder_void,BN,2.7687,-4.1651,-3.1061,2.7687,-4.1651,-3.1061,0,0
T000064,alpha,BN,BN,2.7687,-4.1651,-3.1061,3.224,-4.0661,-3.14928,0.504135,48.2478
T000064,alpha,BN,BN,3.224,-4.0661,-3.14928,3.224,-4.0661,-3.14928,0,0
T000065,Li7,BN,binder_void,0,0,0,-0.5331,-0.09147,0.42841,0.690473,409.887
T000065,Li7,binder_void,BN,-0.5331,-0.09147,0.42841,-0.7123,-0.11969,0.60499,0.253219,37.5234
T000065,Li7,BN,binder_void,-0.7123,-0.11969,0.60499,-1.02804,-0.17932,0.91277,0.445708,202.818
T000065,Li7,binder_void,BN,-1.02804,-0.17932,0.91277,-1.11021,-0.19879,0.99388,0.117146,10.8451
T000065,Li7,BN,binder_void,-1.11021,-0.19879,0.99388,-1.38714,-0.25867,1.2526,0.38621,114.648
T000065,Li7,binder_void,BN,-1.38714,-0.25867,1.2526,-1.46416,-0.26891,1.32308,0.105299,7.31844
T000065,Li7,BN,BN,-1.46416,-0.26891,1.32308,-1.86047,-0.37266,1.65466,0.60812,56.9601
T000065,Li7,BN,BN,-1.86047,-0.37266,1.65466,-1.86047,-0.37266,1.65466,0,0
T000066,alpha,BN,binder_void,0,0,0,0.13596,0.02333,-0.10926,0.175969,60.5333
T000066,alpha,binder_void,BN,0.13596,0.02333,-0.10926,0.17841,0.03104,-0.14338,0.0550066,10.3081
T000066,alpha,BN,binder_void,0.17841,0.03104,-0.14338,0.72546,0.12952,-0.58313,0.708836,278.234
T000066,alpha,binder_void,BN,0.72546,0.12952,-0.58313,0.84717,0.15249,-0.67659,0.155167,22.3093
T000066,alpha,BN,binder_void,0.84717,0.15249,-0.67659,1.49711,0.27257,-1.1741,0.827427,362.865
T000066,alpha,binder_void,ZnS,1.49711,0.27257,-1.1741,1.87491,0.34577,-1.45771,0.478087,87.6592
T000066,alpha,ZnS,ZnS,1.87491,0.34577,-1.45771,4.41461,0.84261,-3.35493,3.28727,648.091
T000066,alpha,ZnS,ZnS,4.41461,0.84261,-3.35493,4.41461,0.84261,-3.35493,0,0
T000067,Li7,BN,binder_void,0,0,0,-0.21131,0.09396,-0.08951,0.248034,159.294
T000067,Li7,binder_void,BN,-0.21131,0.09396,-0.08951,-0.29414,0.13235,-0.12519,0.0980225,18.229
T000067,Li7,BN,binder_void,-0.29414,0.13235,-0.12519,-1.10281,0.50724,-0.47735,0.959951,534.135
T000067,Li7,binder_void,ZnS,-1.10281,0.50724,-0.47735,-1.44187,0.72318,-0.58613,0.418209,36.0148
T000067,Li7,ZnS,ZnS,-1.44187,0.72318,-0.58613,-1.61767,0.93913,-0.71938,0.323619,88.4779
T000067,Li7,ZnS,ZnS,-1.61767,0.93913,-0.71938,-1.61708,0.9482,-0.72207,0.225206,3.84935
T000067,Li7,ZnS,ZnS,-1.61708,0.9482,-0.72207,-1.61708,0.9482,-0.72207,0,0
T000068,alpha,BN,binder_void,0,0,0,0.41724,-0.18551,0.17672,0.489658,190.518
T000068,alpha,binder_void,BN,0.41724,-0.18551,0.17672,0.8102,-0.35154,0.33645,0.455535,74.6385
T000068,alpha,BN,binder_void,0.8102,-0.35154,0.33645,1.18147,-0.50852,0.48772,0.430575,187.903
T000068,alpha,binder_void,ZnS,1.18147,-0.50852,0.48772,1.81676,-0.78165,0.75164,0.740217,118.816
T000068,alpha,ZnS,binder_void,1.81676,-0.78165,0.75164,4.79001,-2.02786,1.98868,3.49342,860.608
T000068,alpha,binder_void,binder_void,4.79001,-2.02786,1.98868,5.27981,-2.24626,2.52066,0.791504,37.5154
T000068,alpha,binder_void,binder_void,5.27981,-2.24626,2.52066,5.27981,-2.24626,2.52066,0,0
T000069,Li7,BN,binder_void,0,0,0,0.12806,-0.02983,-0.04441,0.138805,89.3824
T000069,Li7,binder_void,ZnS,0.12806,-0.02983,-0.04441,0.64182,-0.15565,-0.21317,0.555326,92.1562
T000069,Li7,ZnS,ZnS,0.64182,-0.15565,-0.21317,2.13931,-0.5063,-0.46088,1.57112,629.48
T000069,Li7,ZnS,ZnS,2.13931,-0.5063,-0.46088,2.295,-0.52178,-0.42799,0.617932,28.9811
T000069,Li7,ZnS,ZnS,2.295,-0.52178,-0.42799,2.295,-0.52178,-0.42799,0,0
T000070,alpha,BN,binder_void,0,0,0,-0.75983,0.17698,0.26352,0.823563,296.839
T000070,alpha,binder_void,BN,-0.75983,0.17698,0.26352,-0.8548,0.19842,0.29971,0.103872,16.7962
T000070,alpha,BN,binder_void,-0.8548,0.19842,0.29971,-1.55826,0.35707,0.5667,0.769097,332.872
T000070,alpha,binder_void,BN,-1.55826,0.35707,0.5667,-1.90637,0.4361,0.69617,0.379738,69.7321
T000070,alpha,BN,binder_void,-1.90637,0.4361,0.69617,-2.47577,0.56879,0.90892,0.622336,272.211
T000070,alpha,binder_void,ZnS,-2.47577,0.56879,0.90892,-2.85877,0.69115,1.20348,0.49856,85.1793
T000070,alpha,ZnS,binder_void,-2.85877,0.69115,1.20348,-4.41117,1.209059,2.36926,2.06642,295.312
T000070,alpha,binder_void,ZnS,-4.41117,1.209059,2.36926,-4.49427,1.214037,2.67779,0.32029,29.5185
T000070,alpha,ZnS,ZnS,-4.49427,1.214037,2.67779,-4.77597,1.173406,3.05587,0.499197,70.1448
T000070,alpha,ZnS,ZnS,-4.77597,1.173406,3.05587,-4.77977,1.168912,3.0586,0.206609,1.39551
T000070,alpha,ZnS,ZnS,-4.77977,1.168912,3.0586,-4.77977,1.168912,3.0586,0,0
T000071,Li7,BN,binder_void,0,0,0,-0.39595,-0.39351,-0.14963,0.578253,336.432
T000071,Li7,binder_void,BN,-0.39595,-0.39351,-0.14963,-0.64812,-0.63477,-0.23736,0.359949,56.2868
T000071,Li7,BN,binder_void,-0.64812,-0.63477,-0.23736,-1.07872,-1.03145,-0.45504,0.625875,296.752
T000071,Li7,binder_void,BN,-1.07872,-1.03145,-0.45504,-1.42775,-1.48594,-0.602722,0.59448,54.1261
T000071,Li7,BN,BN,-1.42775,-1.48594,-0.602722,-1.77707,-2.13173,-0.673415,0.792534,96.4039
T000071,Li7,BN,BN,-1.77707,-2.13173,-0.673415,-1.77707,-2.13173,-0.673415,0,0
T000072,alpha,BN,binder_void,0,0,0,0.13548,0.13465,0.0512,0.197756,72.9287
T000072,alpha,binder_void,BN,0.13548,0.13465,0.0512,0.21548,0.21514,0.08169,0.117508,17.831
T000072,alpha,BN,binder_void,0.21548,0.21514,0.08169,0.8032,0.80347,0.30588,0.861405,339.529
T000072,alpha,binder_void,BN,0.8032,0.80347,0.30588,0.99447,0.99377,0.37863,0.279451,48.5712
T000072,alpha,BN,binder_void,0.99447,0.99377,0.37863,1.36523,1.366139,0.52091,0.544485,231.972
T000072,alpha,binder_void,BN,1.36523,1.366139,0.52091,1.65106,1.639598,0.63884,0.412808,71.5344
T000072,alpha,BN,binder_void,1.65106,1.639598,0.63884,2.07983,2.0444089,0.81649,0.61607,271.151
T000072,alpha,binder_void,BN,2.07983,2.0444089,0.81649,2.09675,2.0617268,0.8238,0.0252929,4.21884
T000072,alpha,BN,binder_void,2.09675,2.0617268,0.8238,2.6701,2.648725,1.07239,0.858623,281.499
T000072,alpha,binder_void,BN,2.6701,2.648725,1.07239,2.71176,2.682966,1.08609,0.0556532,6.47033
T000072,alpha,BN,binder_void,2.71176,2.682966,1.08609,3.11506,3.01578,1.21618,0.543928,85.1669
T000072,alpha,binder_void,binder_void,3.11506,3.01578,1.21618,3.5483,3.35626,1.41934,0.604953,39.1265
T000072,alpha,binder_void,binder_void,3.5483,3.35626,1.41934,3.5483,3.35626,1.41934,0,0
T000073,Li7,BN,binder_void,0,0,0,-0.12139,0.78317,0.1728538,0.811822,472.213
T000073,Li7,binder_void,BN,-0.12139,0.78317,0.1728538,-0.12157,0.89363,0.1878038,0.111483,13.2912
T000073,Li7,BN,binder_void,-0.12157,0.89363,0.1878038,-0.12788,1.56355,0.2837888,0.679152,292.032
T000073,Li7,binder_void,BN,-0.12788,1.56355,0.2837888,-0.06666,1.95719,0.2532358,0.406129,18.9834
T000073,Li7,BN,BN,-0.06666,1.95719,0.2532358,0.25085,2.24168,0.2385838,0.51129,43.4804
T000073,Li7,BN,BN,0.25085,2.24168,0.2385838,0.25085,2.24168,0.2385838,0,0
T000074,alpha,BN,binder_void,0,0,0,0.01766,-0.11395,-0.0251489,0.118019,41.4219
T000074,alpha,binder_void,BN,0.01766,-0.11395,-0.0251489,0.04099,-0.26177,-0.0570382,0.153014,22.7828
T000074,alpha,BN,binder_void,0.04099,-0.26177,-0.0570382,0.12578,-0.79327,-0.1712265,0.550248,203.466
T000074,alpha,binder_void,ZnS,0.12578,-0.79327,-0.1712265,0.25744,-1.64583,-0.3481912,0.880683,135.193
T000074,alpha,ZnS,binder_void,0.25744,-1.64583,-0.3481912,0.73048,-4.50529,-0.9488232,2.978,954.359
T000074,alpha,binder_void,BN,0.73048,-4.50529,-0.9488232,0.78742,-4.73388,-1.0701942,0.265406,25.261
T000074,alpha,BN,BN,0.78742,-4.73388,-1.0701942,0.92632,-5.296402,-1.3995782,0.68953,87.5156
T000074,alpha,BN,BN,0.92632,-5.296402,-1.3995782,0.92632,-5.296402,-1.3995782,0,0
T000075,Li7,BN,binder_void,0,0,0,-0.36381,0.3527,0.1394638,0.525811,326.21
T000075,Li7,binder_void,BN,-0.36381,0.3527,0.1394638,-0.75175,0.73174,0.2891518,0.562882,83.3096
T000075,Li7,BN,binder_void,-0.75175,0.73174,0.2891518,-1.25278,1.24346,0.4893618,0.745636,303.338
T000075,Li7,binder_void,BN,-1.25278,1.24346,0.4893618,-1.41638,1.38624,0.5422898,0.223995,18.7684
T000075,Li7,BN,BN,-1.41638,1.38624,0.5422898,-1.91416,1.94714,0.7952648,0.841631,108.374
T000075,Li7,BN,BN,-1.91416,1.94714,0.7952648,-1.91416,1.94714,0.7952648,0,0
T000076,alpha,BN,binder_void,0,0,0,0.12609,-0.12224,-0.0483369,0.182156,61.9515
T000076,alpha,binder_void,BN,0.12609,-0.12224,-0.0483369,0.51068,-0.49357,-0.1938122,0.554047,78.4034
T000076,alpha,BN,binder_void,0.51068,-0.49357,-0.1938122,0.88089,-0.85024,-0.3314162,0.532224,209.522
T000076,alpha,binder_void,ZnS,0.88089,-0.85024,-0.3314162,1.12231,-1.08379,-0.4165192,0.346518,61.737
T000076,alpha,ZnS,binder_void,1.12231,-1.08379,-0.4165192,3.37335,-3.26167,-1.1874182,3.24849,970.472
T000076,alpha,binder_void,ZnS,3.37335,-3.26167,-1.1874182,3.74433,-3.76263,-1.3170182,0.640768,51.145
T000076,alpha,ZnS,ZnS,3.74433,-3.76263,-1.3170182,3.82473,-3.89745,-1.3104382,0.165542,18.4642
T000076,alpha,ZnS,ZnS,3.82473,-3.89745,-1.3104382,3.86971,-3.98598,-1.4378382,0.188813,14.4672
T000076,alpha,ZnS,ZnS,3.86971,-3.98598,-1.4378382,3.88945,-4.05236,-1.5544782,0.184799,2.95325
T000076,alpha,ZnS,ZnS,3.88945,-4.05236,-1.5544782,3.89212,-4.05129,-1.5569682,0.164839,0.885009
T000076,alpha,ZnS,ZnS,3.89212,-4.05129,-1.5569682,3.89212,-4.05129,-1.5569682,0,0
T000077,Li7,BN,binder_void,0,0,0,-0.029,0.1596,0.22808,0.27999,192.756
T000077,Li7,binder_void,BN,-0.029,0.1596,0.22808,-0.0572,0.3319,0.47049,0.29873,59.6523
T000077,Li7,BN,binder_void,-0.0572,0.3319,0.47049,-0.0861,0.5466,0.78163,0.379261,223.277
T000077,Li7,binder_void,BN,-0.0861,0.5466,0.78163,-0.1027,0.6285,0.90664,0.150385,23.2038
T000077,Li7,BN,binder_void,-0.1027,0.6285,0.90664,-0.1913,1.0984,1.63923,0.876928,344.626
T000077,Li7,binder_void,ZnS,-0.1913,1.0984,1.63923,-0.025,1.6345,2.8536,1.35056,123.561
T000077,Li7,ZnS,ZnS,-0.025,1.6345,2.8536,0.0378,1.7515,2.94614,0.175578,41.4276
T000077,Li7,ZnS,ZnS,0.0378,1.7515,2.94614,0.0797,1.6799,3.02485,0.156264,4.49588
T000077,Li7,ZnS,ZnS,0.0797,1.6799,3.02485,0.0797,1.6799,3.02485,0,0
T000078,alpha,BN,binder_void,0,0,0,0.0318,-0.1742,-0.24878,0.305356,101.639
T000078,alpha,binder_void,BN,0.0318,-0.1742,-0.24878,0.075,-0.4176,-0.5979,0.427774,49.2497
T000078,alpha,BN,binder_void,0.075,-0.4176,-0.5979,0.1752,-0.9805,-1.41211,0.995001,381.763
T000078,alpha,binder_void,BN,0.1752,-0.9805,-1.41211,0.8688,-3.4884,-4.72463,4.21367,712.513
T000078,alpha,BN,binder_void,0.8688,-3.4884,-4.72463,0.9504,-3.857,-5.18831,0.598247,256.528
T000078,alpha,binder_void,BN,0.9504,-3.857,-5.18831,1.0045,-4.0594,-5.43525,0.323968,52.5327
T000078,alpha,BN,binder_void,1.0045,-4.0594,-5.43525,1.0967,-4.4898,-5.923419,0.659695,118.471
T000078,alpha,binder_void,BN,1.0967,-4.4898,-5.923419,1.1191,-5.1337,-6.558802,0.911333,88.8662
T000078,alpha,BN,BN,1.1191,-5.1337,-6.558802,1.1162,-5.2672,-6.601584,0.148327,1.67494
T000078,alpha,BN,binder_void,1.1162,-5.2672,-6.601584,1.0847,-5.3206,-6.542693,0.0940399,1.94197
T000078,alpha,binder_void,BN,1.0847,-5.3206,-6.542693,1.0847,-5.3206,-6.542693,0,0
T000078,alpha,BN,BN,1.0847,-5.3206,-6.542693,1.1441,-5.3344,-6.608138,0.0946427,5.34707
T000078,alpha,BN,BN,1.1441,-5.3344,-6.608138,1.1416,-5.3201,-6.683493,0.0893092,1.85781
T000078,alpha,BN,BN,1.1416,-5.3201,-6.683493,1.1021,-5.3211,-6.696477,0.13024,3.61537
T000078,alpha,BN,BN,1.1021,-5.3211,-6.696477,1.1021,-5.3211,-6.696477,0,0
T000079,Li7,BN,binder_void,0,0,0,-0.0614,-0.5202,-0.24725,0.579519,348.482
T000079,Li7,binder_void,BN,-0.0614,-0.5202,-0.24725,-0.1095,-0.8717,-0.3952,0.384555,58.4468
T000079,Li7,BN,binder_void,-0.1095,-0.8717,-0.3952,-0.1822,-1.3565,-0.59232,0.529273,227.59
T000079,Li7,binder_void,BN,-0.1822,-1.3565,-0.59232,-0.196,-1.4547,-0.63386,0.107512,10.2509
T000079,Li7,BN,binder_void,-0.196,-1.4547,-0.63386,-0.2578,-1.9721,-0.85789,0.57239,159.653
T000079,Li7,binder_void,BN,-0.2578,-1.9721,-0.85789,-0.3855,-2.187,-0.94267,0.272283,10.4632
T000079,Li7,BN,BN,-0.3855,-2.187,-0.94267,-0.2701,-2.2366,-1.02216,0.166054,29.9008
T000079,Li7,BN,BN,-0.2701,-2.2366,-1.02216,-0.2701,-2.2366,-1.02216,0,0
T000080,alpha,BN,binder_void,0,0,0,0.0157,0.1325,0.063,0.147584,55.3063
T000080,alpha,binder_void,ZnS,0.0157,0.1325,0.063,0.0653,0.5907,0.27996,0.50943,68.1969
T000080,alpha,ZnS,binder_void,0.0653,0.5907,0.27996,0.2203,2.01656,0.95427,1.58765,606.412
T000080,alpha,binder_void,BN,0.2203,2.01656,0.95427,0.3242,2.70638,1.27235,0.766792,137.543
T000080,alpha,BN,binder_void,0.3242,2.70638,1.27235,0.3887,3.27725,1.54612,0.636695,324.277
T000080,alpha,binder_void,ZnS,0.3887,3.27725,1.54612,0.5382,4.3833,2.06971,1.23456,135.025
T000080,alpha,ZnS,ZnS,0.5382,4.3833,2.06971,0.6803,5.55503,2.76861,1.64149,143.239
T000080,alpha,ZnS,ZnS,0.6803,5.55503,2.76861,0.6803,5.55503,2.76861,0,0
T000081,Li7,BN,binder_void,0,0,0,0.03236,-0.0521,0.0422,0.074417,50.9386
T000081,Li7,binder_void,BN,0.03236,-0.0521,0.0422,0.04942,-0.0794,0.06445,0.0391936,7.26146
T000081,Li7,BN,binder_void,0.04942,-0.0794,0.06445,0.33832,-0.5455,0.44124,0.665812,424.584
T000081,Li7,binder_void,BN,0.33832,-0.5455,0.44124,0.46578,-0.791,0.62155,0.330319,43.0007
T000081,Li7,BN,BN,0.46578,-0.791,0.62155,0.84152,-1.5122,1.14558,0.974863,319.829
T000081,Li7,BN,BN,0.84152,-1.5122,1.14558,0.84152,-1.5122,1.14558,0,0
T000082,alpha,BN,binder_void,0,0,0,-0.22646,0.3642,-0.29535,0.520802,203.405
T000082,alpha,binder_void,ZnS,-0.22646,0.3642,-0.29535,-0.24572,0.3948,-0.32073,0.0441323,6.80374
T000082,alpha,ZnS,ZnS,-0.24572,0.3948,-0.32073,-1.98115,3.1473,-2.600447,3.99975,1259.79
T000082,alpha,ZnS,ZnS,-1.98115,3.1473,-2.600447,-1.98115,3.1473,-2.600447,0,0
T000083,Li7,BN,binder_void,0,0,0,0.02008,-0.0416,0.05038,0.0683527,44.7704
T000083,Li7,binder_void,BN,0.02008,-0.0416,0.05038,0.02935,-0.0604,0.07298,0.0308246,6.60238
T000083,Li7,BN,binder_void,0.02935,-0.0604,0.07298,0.26639,-0.5428,0.65257,0.791177,451.854
T000083,Li7,binder_void,BN,0.26639,-0.5428,0.65257,0.38887,-0.7522,0.95241,0.385931,45.9993
T000083,Li7,BN,binder_void,0.38887,-0.7522,0.95241,0.56369,-1.0451,1.35923,0.532897,169.191
T000083,Li7,binder_void,BN,0.56369,-1.0451,1.35923,0.61075,-1.118,1.48662,0.154396,11.441
T000083,Li7,BN,BN,0.61075,-1.118,1.48662,0.8656,-1.5223,2.1271,0.848693,110.143
T000083,Li7,BN,BN,0.8656,-1.5223,2.1271,0.8656,-1.5223,2.1271,0,0
T000084,alpha,BN,binder_void,0,0,0,-0.16658,0.345,-0.41794,0.567009,191.994
T000084,alpha,binder_void,ZnS,-0.16658,0.345,-0.41794,-0.1718,0.3559,-0.43131,0.0179953,3.10327
T000084,alpha,ZnS,binder_void,-0.1718,0.3559,-0.43131,-1.26447,2.634,-3.232022,3.79462,1226.69
T000084,alpha,binder_void,BN,-1.26447,2.634,-3.232022,-1.34058,2.7952,-3.532647,0.353174,23.9264
T000084,alpha,BN,BN,-1.34058,2.7952,-3.532647,-1.42831,2.9674,-3.755171,0.351694,24.2819
T000084,alpha,BN,BN,-1.42831,2.9674,-3.755171,-1.42831,2.9674,-3.755171,0,0
T000085,Li7,BN,binder_void,0,0,0,0.01303,-0.0799,0.05053,0.0954376,59.2678
T000085,Li7,binder_void,BN,0.01303,-0.0799,0.05053,0.04391,-0.2714,0.17017,0.22796,37.333
T000085,Li7,BN,binder_void,0.04391,-0.2714,0.17017,0.19931,-1.1155,0.66525,0.992212,493.334
T000085,Li7,binder_void,ZnS,0.19931,-1.1155,0.66525,0.23159,-1.4976,0.7975,0.406006,45.3791
T000085,Li7,ZnS,ZnS,0.23159,-1.4976,0.7975,0.28134,-2.6017,1.168023,1.34949,162.315
T000085,Li7,ZnS,ZnS,0.28134,-2.6017,1.168023,0.20489,-2.7212,1.391659,0.747174,42.3719
T000085,Li7,ZnS,ZnS,0.20489,-2.7212,1.391659,0.20489,-2.7212,1.391659,0,0
T000086,alpha,BN,binder_void,0,0,0,-0.11876,0.7284,-0.46058,0.870031,349.184
T000086,alpha,binder_void,ZnS,-0.11876,0.7284,-0.46058,-0.1407,0.8473,-0.53476,0.141861,25.4704
T000086,alpha,ZnS,binder_void,-0.1407,0.8473,-0.53476,-0.78929,4.296,-2.69602,4.16345,951.88
T000086,alpha,binder_void,binder_void,-0.78929,4.296,-2.69602,-0.91194,5.0739,-3.92403,1.46869,143.466
T000086,alpha,binder_void,binder_void,-0.91194,5.0739,-3.92403,-0.91194,5.0739,-3.92403,0,0
T000087,Li7,BN,binder_void,0,0,0,0.04234,-0.0852,0.00701,0.0954121,65.1988
T000087,Li7,binder_void,BN,0.04234,-0.0852,0.00701,0.18685,-0.3772,0.03098,0.326768,52.5678
T000087,Li7,BN,binder_void,0.18685,-0.3772,0.03098,0.43728,-0.8942,0.06263,0.575723,349.271
T000087,Li7,binder_void,BN,0.43728,-0.8942,0.06263,0.59786,-1.2212,0.07245,0.364615,47.5338
T000087,Li7,BN,binder_void,0.59786,-1.2212,0.07245,0.78378,-1.6071,0.08052,0.429418,173.383
T000087,Li7,binder_void,BN,0.78378,-1.6071,0.08052,0.8248,-1.7217,0.08791,0.122075,10.3287
T000087,Li7,BN,BN,0.8248,-1.7217,0.08791,1.02842,-2.2463,0.11864,0.57322,141.718
T000087,Li7,BN,BN,1.02842,-2.2463,0.11864,1.02842,-2.2463,0.11864,0,0
T000088,alpha,BN,binder_void,0,0,0,-0.38623,0.7771,-0.06391,0.870263,325.517
T000088,alpha,binder_void,ZnS,-0.38623,0.7771,-0.06391,-0.4098,0.8242,-0.06717,0.0527467,10.3011
T000088,alpha,ZnS,ZnS,-0.4098,0.8242,-0.06717,-2.45094,4.9031,-0.35449,4.62735,1134.18
T000088,alpha,ZnS,ZnS,-2.45094,4.9031,-0.35449,-2.45094,4.9031,-0.35449,0,0
T000089,Li7,BN,binder_void,0,0,0,0.234935,0.25991,0.62063,0.713187,422.861
T000089,Li7,binder_void,BN,0.234935,0.25991,0.62063,0.245089,0.27028,0.64702,0.0301174,4.557
T000089,Li7,BN,binder_void,0.245089,0.27028,0.64702,0.473278,0.50304,1.24756,0.685099,293.633
T000089,Li7,binder_void,BN,0.473278,0.50304,1.24756,0.522967,0.55213,1.35191,0.125742,10.1874
T000089,Li7,BN,BN,0.522967,0.55213,1.35191,0.825243,0.87953,2.008042,0.843184,108.762
T000089,Li7,BN,BN,0.825243,0.87953,2.008042,0.825243,0.87953,2.008042,0,0
T000090,alpha,BN,binder_void,0,0,0,-0.061578,-0.06813,-0.16267,0.186805,73.1547
T000090,alpha,binder_void,BN,-0.061578,-0.06813,-0.16267,-0.474677,-0.52931,-1.26057,1.26053,187.919
T000090,alpha,BN,binder_void,-0.474677,-0.52931,-1.26057,-0.759254,-0.83692,-2.01662,0.86457,370.258
T000090,alpha,binder_void,ZnS,-0.759254,-0.83692,-2.01662,-1.143426,-1.23782,-3.03264,1.15803,212.152
T000090,alpha,ZnS,ZnS,-1.143426,-1.23782,-3.03264,-2.191937,-2.30123,-5.80347,3.22808,626.516
T000090,alpha,ZnS,ZnS,-2.191937,-2.30123,-5.80347,-2.191937,-2.30123,-5.80347,0,0
T000091,Li7,BN,binder_void,0,0,0,-0.073942,-0.17261,0.07959,0.203986,127.937
T000091,Li7,binder_void,BN,-0.073942,-0.17261,0.07959,-0.3349758,-0.76175,0.34421,0.696798,112.024
T000091,Li7,BN,binder_void,-0.3349758,-0.76175,0.34421,-0.501453,-1.13595,0.50374,0.439862,254.329
T000091,Li7,binder_void,BN,-0.501453,-1.13595,0.50374,-0.738015,-1.63391,0.72473,0.5945,74.7023
T000091,Li7,BN,binder_void,-0.738015,-1.63391,0.72473,-0.966803,-2.12584,0.95475,0.592198,187.755
T000091,Li7,binder_void,BN,-0.966803,-2.12584,0.95475,-0.982193,-2.17773,0.96196,0.0546683,3.88973
T000091,Li7,BN,BN,-0.982193,-2.17773,0.96196,-1.14656,-2.80893,1.01347,0.717986,79.3634
T000091,Li7,BN,BN,-1.14656,-2.80893,1.01347,-1.14656,-2.80893,1.01347,0,0
T000092,alpha,BN,binder_void,0,0,0,0.236655,0.55245,-0.25473,0.652817,265.207
T000092,alpha,binder_void,BN,0.236655,0.55245,-0.25473,0.277266,0.64885,-0.30076,0.114286,16.0884
T000092,alpha,BN,binder_void,0.277266,0.64885,-0.30076,0.570069,1.346,-0.6325,0.825855,353.214
T000092,alpha,binder_void,BN,0.570069,1.346,-0.6325,0.584035,1.37913,-0.6486,0.0393924,6.59859
T000092,alpha,BN,binder_void,0.584035,1.37913,-0.6486,0.885603,2.096235,-0.99926,0.853627,412.008
T000092,alpha,binder_void,BN,0.885603,2.096235,-0.99926,0.964883,2.280124,-1.08938,0.219623,38.022
T000092,alpha,BN,binder_void,0.964883,2.280124,-1.08938,1.243983,2.929353,-1.40489,0.775081,311.231
T000092,alpha,binder_void,BN,1.243983,2.929353,-1.40489,1.370553,3.1566634,-1.50278,0.279154,24.4442
T000092,alpha,BN,BN,1.370553,3.1566634,-1.50278,1.556143,3.52534,-1.64462,0.475653,43.1871
T000092,alpha,BN,BN,1.556143,3.52534,-1.64462,1.556143,3.52534,-1.64462,0,0
T000093,Li7,BN,binder_void,0,0,0,-0.1036,-0.02063,0.31643,0.333694,221.769
T000093,Li7,binder_void,BN,-0.1036,-0.02063,0.31643,-0.1409,-0.02852,0.43251,0.122201,20.8567
T000093,Li7,BN,binder_void,-0.1409,-0.02852,0.43251,-0.191,-0.03998,0.59331,0.168865,97.7251
T000093,Li7,binder_void,BN,-0.191,-0.03998,0.59331,-0.2644,-0.05703,0.82589,0.244529,34.2759
T000093,Li7,BN,binder_void,-0.2644,-0.05703,0.82589,-0.5408,-0.12396,1.73894,0.959482,394.81
T000093,Li7,binder_void,BN,-0.5408,-0.12396,1.73894,-0.5839,-0.12714,1.83656,0.107092,7.93153
T000093,Li7,BN,BN,-0.5839,-0.12714,1.83656,-0.8008,-0.16866,2.35315,0.637677,62.6316
T000093,Li7,BN,BN,-0.8008,-0.16866,2.35315,-0.8008,-0.16866,2.35315,0,0
T000094,alpha,BN,binder_void,0,0,0,0.1324,0.02634,-0.404146,0.426108,151.317
T000094,alpha,binder_void,ZnS,0.1324,0.02634,-0.404146,0.2461,0.04983,-0.749876,0.364722,55.5839
T000094,alpha,ZnS,ZnS,0.2461,0.04983,-0.749876,1.5211,0.31107,-4.61016,4.10217,1263.1
T000094,alpha,ZnS,ZnS,1.5211,0.31107,-4.61016,1.5211,0.31107,-4.61016,0,0
T000095,Li7,BN,binder_void,0,0,0,-0.1675,0.04544,0.01015,0.173967,118.782
T000095,Li7,binder_void,BN,-0.1675,0.04544,0.01015,-0.2884,0.07797,0.01687,0.125379,24.1692
T000095,Li7,BN,binder_void,-0.2884,0.07797,0.01687,-0.9248,0.25278,0.04451,0.66112,359.277
T000095,Li7,binder_void,BN,-0.9248,0.25278,0.04451,-1.0947,0.28977,0.05749,0.174365,21.3604
T000095,Li7,BN,binder_void,-1.0947,0.28977,0.05749,-1.7518,0.44218,0.09817,0.678763,238.32
T000095,Li7,binder_void,BN,-1.7518,0.44218,0.09817,-1.9249,0.471,0.08787,0.176544,11.7007
T000095,Li7,BN,binder_void,-1.9249,0.471,0.08787,-2.0643,0.49413,0.07963,0.143623,29.1952
T000095,Li7,binder_void,BN,-2.0643,0.49413,0.07963,-2.9144,0.66116,-0.12673,1.02909,26.7886
T000095,Li7,BN,BN,-2.9144,0.66116,-0.12673,-2.9643,0.65942,-0.12599,0.0535437,6.73872
T000095,Li7,BN,BN,-2.9643,0.65942,-0.12599,-2.9848,0.63267,-0.1075,0.0560335,3.76852
T000095,Li7,BN,BN,-2.9848,0.63267,-0.1075,-2.9848,0.63267,-0.1075,0,0
T000096,alpha,BN,binder_void,0,0,0,0.7874,-0.21352,-0.04764,0.81726,303.867
T000096,alpha,binder_void,ZnS,0.7874,-0.21352,-0.04764,1.157,-0.32029,-0.09147,0.387231,55.6617
T000096,alpha,ZnS,binder_void,1.157,-0.32029,-0.09147,3.1972,-0.91221,-0.319,2.1443,790.299
T000096,alpha,binder_void,ZnS,3.1972,-0.91221,-0.319,3.3621,-0.99029,-0.32599,0.182583,30.8762
T000096,alpha,ZnS,ZnS,3.3621,-0.99029,-0.32599,5.2476,-1.8586,-0.381821,2.2274,289.296
T000096,alpha,ZnS,ZnS,5.2476,-1.8586,-0.381821,5.2476,-1.8586,-0.381821,0,0
T000097,Li7,BN,binder_void,0,0,0,0.01108,0.1136,-0.01801,0.115575,76.9466
T000097,Li7,binder_void,BN,0.01108,0.1136,-0.01801,0.04602,0.5099,-0.08351,0.403229,73.5683
T000097,Li7,BN,binder_void,0.04602,0.5099,-0.08351,0.10322,0.9806,-0.17115,0.482545,262.694
T000097,Li7,binder_void,BN,0.10322,0.9806,-0.17115,0.14676,1.4818,-0.25315,0.509956,74.3783
T000097,Li7,BN,binder_void,0.14676,1.4818,-0.25315,0.20029,1.9709,-0.33179,0.499461,219.967
T000097,Li7,binder_void,BN,0.20029,1.9709,-0.33179,0.20881,2.0168,-0.33957,0.0473973,4.54143
T000097,Li7,BN,binder_void,0.20881,2.0168,-0.33957,0.28293,2.4007,-0.41176,0.402846,81.9588
T000097,Li7,binder_void,binder_void,0.28293,2.4007,-0.41176,0.20745,3.4402,-0.78864,1.26194,56.7842
T000097,Li7,binder_void,binder_void,0.20745,3.4402,-0.78864,0.20745,3.4402,-0.78864,0,0
T000098,alpha,BN,binder_void,0,0,0,-0.07559,-0.7752,0.12286,0.788551,300.775
T000098,alpha,binder_void,BN,-0.07559,-0.7752,0.12286,-0.08529,-0.868,0.13679,0.0944064,15.3172
T000098,alpha,BN,binder_void,-0.08529,-0.868,0.13679,-0.15801,-1.5629,0.24253,0.706678,294.934
T000098,alpha,binder_void,BN,-0.15801,-1.5629,0.24253,-0.16684,-1.7583,0.2608,0.196521,36.3216
T000098,alpha,BN,binder_void,-0.16684,-1.7583,0.2608,-0.21045,-2.5895,0.33111,0.83561,362.278
T000098,alpha,binder_void,BN,-0.21045,-2.5895,0.33111,-0.23667,-3.029,0.35148,0.440778,72.1319
T000098,alpha,BN,BN,-0.23667,-3.029,0.35148,-0.27775,-3.9769,0.40074,0.951877,388.242
T000098,alpha,BN,BN,-0.27775,-3.9769,0.40074,-0.27775,-3.9769,0.40074,0,0
T000099,Li7,BN,binder_void,0,0,0,0.19422,0.091,-0.14684,0.260001,164.323
T000099,Li7,binder_void,BN,0.19422,0.091,-0.14684,0.38623,0.1538,-0.2612,0.232162,40.533
T000099,Li7,BN,binder_void,0.38623,0.1538,-0.2612,1.123805,0.4024,-0.67935,0.884969,414.364
T000099,Li7,binder_void,ZnS,1.123805,0.4024,-0.67935,1.273412,0.4514,-0.76461,0.179139,20.2855
T000099,Li7,ZnS,ZnS,1.273412,0.4514,-0.76461,2.092966,0.5042,-1.71878,1.34475,200.495
T000099,Li7,ZnS,ZnS,2.092966,0.5042,-1.71878,2.092966,0.5042,-1.71878,0,0
T000100,alpha,BN,binder_void,0,0,0,-0.26191,-0.1228,0.198,0.350549,131.439
T000100,alpha,binder_void,BN,-0.26191,-0.1228,0.198,-0.35533,-0.1655,0.26833,0.12451,19.7079
T000100,alpha,BN,binder_void,-0.35533,-0.1655,0.26833,-0.407,-0.1891,0.307,0.0686956,25.8919
T000100,alpha,binder_void,BN,-0.407,-0.1891,0.307,-0.94513,-0.4314,0.70809,0.713583,97.1636
T000100,alpha,BN,binder_void,-0.94513,-0.4314,0.70809,-1.42418,-0.6445,1.05771,0.630297,256.118
T000100,alpha,binder_void,ZnS,-1.42418,-0.6445,1.05771,-1.7495,-0.7913,1.28758,0.424523,74.8715
T000100,alpha,ZnS,ZnS,-1.7495,-0.7913,1.28758,-4.6698,-2.1066,3.35674,3.87851,864.808
T000100,alpha,ZnS,ZnS,-4.6698,-2.1066,3.35674,-4.6698,-2.1066,3.35674,0,0
T000101,Li7,BN,binder_void,0,0,0,0.0632,0.31649,0.31787,0.453173,277.892
T000101,Li7,binder_void,BN,0.0632,0.31649,0.31787,0.12051,0.6219,0.6158,0.43061,59.1276
T000101,Li7,BN,binder_void,0.12051,0.6219,0.6158,0.20518,1.12719,1.08111,0.693357,300.946
T000101,Li7,binder_void,BN,0.20518,1.12719,1.08111,0.27145,1.59201,1.42392,0.582826,56.1769
T000101,Li7,BN,binder_void,0.27145,1.59201,1.42392,0.28868,2.00247,1.74119,0.526569,127.793
T000101,Li7,binder_void,BN,0.28868,2.00247,1.74119,0.27516,2.07392,1.76974,0.0805375,3.9074
T000101,Li7,BN,BN,0.27516,2.07392,1.76974,0.2622,2.1337,1.78016,0.065252,10.1279
T000101,Li7,BN,BN,0.2622,2.1337,1.78016,0.24952,2.1298,1.73657,0.0599831,4.0293
T000101,Li7,BN,BN,0.24952,2.1298,1.73657,0.24952,2.1298,1.73657,0,0
T000102,alpha,BN,binder_void,0,0,0,-0.02015,-0.10091,-0.10136,0.144443,49.9818
T000102,alpha,binder_void,BN,-0.02015,-0.10091,-0.10136,-0.03472,-0.17484,-0.17622,0.106225,18.2399
T000102,alpha,BN,binder_void,-0.03472,-0.17484,-0.17622,-0.13829,-0.69768,-0.706511,0.751944,293.838
T000102,alpha,binder_void,BN,-0.13829,-0.69768,-0.706511,-0.33737,-1.71293,-1.728517,1.45443,248.576
T000102,alpha,BN,binder_void,-0.33737,-1.71293,-1.728517,-0.46329,-2.3533,-2.36701,0.913347,426.048
T000102,alpha,binder_void,BN,-0.46329,-2.3533,-2.36701,-0.46486,-2.36334,-2.37708,0.0143084,2.60285
T000102,alpha,BN,binder_void,-0.46486,-2.36334,-2.37708,-0.57241,-3.05456,-3.07104,0.986934,368.994
T000102,alpha,binder_void,binder_void,-0.57241,-3.05456,-3.07104,-0.68142,-3.96188,-4.08243,1.42845,61.7199
T000102,alpha,binder_void,binder_void,-0.68142,-3.96188,-4.08243,-0.68142,-3.96188,-4.08243,0,0
T000103,Li7,BN,binder_void,0,0,0,0.7578,-0.20328,0.01011,0.785089,482.564
T000103,Li7,binder_void,BN,0.7578,-0.20328,0.01011,1.450025,-0.40017,0.02682,0.720245,108.916
T000103,Li7,BN,binder_void,1.450025,-0.40017,0.02682,2.037214,-0.57039,0.03218,0.612727,258.075
T000103,Li7,binder_void,BN,2.037214,-0.57039,0.03218,2.752095,-0.63887,-0.01882,0.723456,62.8763
T000103,Li7,BN,BN,2.752095,-0.63887,-0.01882,3.48539,-0.75192,-0.16754,0.809888,100.569
T000103,Li7,BN,BN,3.48539,-0.75192,-0.16754,3.48539,-0.75192,-0.16754,0,0
T000104,alpha,BN,binder_void,0,0,0,-0.08053,0.02161,-0.00107,0.0833863,22.016
T000104,alpha,binder_void,BN,-0.08053,0.02161,-0.00107,-0.96036,0.26068,-0.01203,0.911824,121.954
T000104,alpha,BN,binder_void,-0.96036,0.26068,-0.01203,-1.52486,0.41236,-0.01818,0.584597,221.848
T000104,alpha,binder_void,BN,-1.52486,0.41236,-0.01818,-1.73561,0.46835,-0.01949,0.218066,38.3958
T000104,alpha,BN,binder_void,-1.73561,0.46835,-0.01949,-2.58975,0.69643,-0.02558,0.884215,348.931
T000104,alpha,binder_void,BN,-2.58975,0.69643,-0.02558,-2.74808,0.73711,-0.02491,0.163473,25.968
T000104,alpha,BN,binder_void,-2.74808,0.73711,-0.02491,-3.47081,0.92271,-0.02296,0.746348,338.019
T000104,alpha,binder_void,BN,-3.47081,0.92271,-0.02296,-4.32156,1.14146,-0.03197,0.87863,156.895
T000104,alpha,BN,binder_void,-4.32156,1.14146,-0.03197,-4.39506,1.15899,-0.0333,0.075581,32.3625
T000104,alpha,binder_void,BN,-4.39506,1.15899,-0.0333,-4.72433,1.23439,-0.03827,0.337868,66.9449
T000104,alpha,BN,binder_void,-4.72433,1.23439,-0.03827,-5.21367,1.34648,-0.05781,0.502802,200.802
T000104,alpha,binder_void,BN,-5.21367,1.34648,-0.05781,-5.48887,1.42813,-0.07916,0.288,32.9365
T000104,alpha,BN,binder_void,-5.48887,1.42813,-0.07916,-5.92688,1.56085,-0.12338,0.461672,109.837
T000104,alpha,binder_void,BN,-5.92688,1.56085,-0.12338,-6.35792,1.63304,-0.17137,0.443687,48.7187
T000104,alpha,BN,BN,-6.35792,1.63304,-0.17137,-6.41935,1.68457,-0.18678,0.0869051,4.98109
T000104,alpha,BN,BN,-6.41935,1.68457,-0.18678,-6.46631,1.71123,-0.15243,0.0816636,2.00022
T000104,alpha,BN,BN,-6.46631,1.71123,-0.15243,-6.4506,1.72549,-0.09476,0.0769213,1.64312
T000104,alpha,BN,BN,-6.4506,1.72549,-0.09476,-6.45594,1.73796,-0.08746,0.0896486,1.74658
T000104,alpha,BN,BN,-6.45594,1.73796,-0.08746,-6.45594,1.73796,-0.08746,0,0
T000105,Li7,BN,binder_void,0,0,0,-0.024,-0.1519,-0.05727,0.164148,101.123
T000105,Li7,binder_void,BN,-0.024,-0.1519,-0.05727,-0.03287,-0.204,-0.07715,0.0564914,10.2751
T000105,Li7,BN,binder_void,-0.03287,-0.204,-0.07715,-0.16202,-0.9583,-0.36867,0.819803,440.153
T000105,Li7,binder_void,BN,-0.16202,-0.9583,-0.36867,-0.28237,-1.8884,-0.77101,1.02298,102.513
T000105,Li7,BN,binder_void,-0.28237,-1.8884,-0.77101,-0.36983,-2.3489,-1.01644,0.533951,118.188
T000105,Li7,binder_void,ZnS,-0.36983,-2.3489,-1.01644,-0.6547,-3.0144,-1.30051,0.80162,43.8046
T000105,Li7,ZnS,ZnS,-0.6547,-3.0144,-1.30051,-0.70997,-3.0705,-1.31749,0.104726,16.3003
T000105,Li7,ZnS,ZnS,-0.70997,-3.0705,-1.31749,-0.6974,-3.0652,-1.28017,0.128006,6.76323
T000105,Li7,ZnS,ZnS,-0.6974,-3.0652,-1.28017,-0.69683,-3.0653,-1.27859,0.107659,0.879652
T000105,Li7,ZnS,ZnS,-0.69683,-3.0653,-1.27859,-0.69683,-3.0653,-1.27859,0,0
T000106,alpha,BN,binder_void,0,0,0,0.10033,0.6352,0.23947,0.686249,267.058
T000106,alpha,binder_void,BN,0.10033,0.6352,0.23947,0.23731,1.4806,0.56904,0.917732,150.234
T000106,alpha,BN,binder_void,0.23731,1.4806,0.56904,0.30904,1.918,0.73578,0.47364,202.268
T000106,alpha,binder_void,BN,0.30904,1.918,0.73578,0.36929,2.2529,0.86046,0.362391,63.8395
T000106,alpha,BN,binder_void,0.36929,2.2529,0.86046,0.53278,3.1343,1.19454,0.957077,457.37
T000106,alpha,binder_void,BN,0.53278,3.1343,1.19454,0.53435,3.1421,1.197873,0.00866297,1.13125
T000106,alpha,BN,BN,0.53435,3.1421,1.197873,0.70831,4.0202,1.572516,0.973119,328.1
T000106,alpha,BN,BN,0.70831,4.0202,1.572516,0.70831,4.0202,1.572516,0,0
T000107,Li7,BN,binder_void,0,0,0,0.21707,0.1135,-0.25956,0.357007,220.06
T000107,Li7,binder_void,ZnS,0.21707,0.1135,-0.25956,0.64937,0.3347,-0.76807,0.703381,106.515
T000107,Li7,ZnS,ZnS,0.64937,0.3347,-0.76807,1.72155,0.9255,-1.64545,1.52618,513.425
T000107,Li7,ZnS,ZnS,1.72155,0.9255,-1.64545,1.72155,0.9255,-1.64545,0,0
T000108,alpha,BN,binder_void,0,0,0,-0.19192,-0.1003,0.22951,0.31557,124.497
T000108,alpha,binder_void,BN,-0.19192,-0.1003,0.22951,-0.24733,-0.1312,0.29675,0.0924584,12.8586
T000108,alpha,BN,binder_void,-0.24733,-0.1312,0.29675,-0.82358,-0.4538,0.99742,0.963007,407.738
T000108,alpha,binder_void,BN,-0.82358,-0.4538,0.99742,-1.06518,-0.5879,1.280584,0.395645,68.2793
T000108,alpha,BN,binder_void,-1.06518,-0.5879,1.280584,-1.40197,-0.7747,1.673562,0.550342,253.906
T000108,alpha,binder_void,BN,-1.40197,-0.7747,1.673562,-1.69067,-0.9222,1.993754,0.4557,86.029
T000108,alpha,BN,binder_void,-1.69067,-0.9222,1.993754,-2.20683,-1.1802,2.564309,0.812215,309.038
T000108,alpha,binder_void,BN,-2.20683,-1.1802,2.564309,-2.2874,-1.2266,2.67683,0.145975,21.697
T000108,alpha,BN,binder_void,-2.2874,-1.2266,2.67683,-2.77394,-1.5069,3.34356,0.878959,81.9888
T000108,alpha,binder_void,BN,-2.77394,-1.5069,3.34356,-3.18287,-1.7012,4.07787,0.868347,85.4156
T000108,alpha,BN,BN,-3.18287,-1.7012,4.07787,-3.23039,-1.76,4.23519,0.191823,1.93818
T000108,alpha,BN,binder_void,-3.23039,-1.76,4.23519,-3.22904,-1.7607,4.2388,0.00392366,0.0412173
T000108,alpha,binder_void,binder_void,-3.22904,-1.7607,4.2388,-3.09844,-1.8835,4.63869,0.494539,11.115
T000108,alpha,binder_void,BN,-3.09844,-1.8835,4.63869,-3.09167,-1.8914,4.6748,0.0397662,0.500559
T000108,alpha,BN,BN,-3.09167,-1.8914,4.6748,-3.08426,-1.9053,4.69608,0.0281065,4.95809
T000108,alpha,BN,BN,-3.08426,-1.9053,4.69608,-3.08426,-1.9053,4.69608,0,0
T000109,Li7,BN,binder_void,0,0,0,0.25694,-0.07949,-0.21724,0.345835,225.051
T000109,Li7,binder_void,ZnS,0.25694,-0.07949,-0.21724,0.80528,-0.22968,-0.65864,0.720051,106.242
T000109,Li7,ZnS,ZnS,0.80528,-0.22968,-0.65864,2.072864,-0.63649,-1.35894,1.52456,446.166
T000109,Li7,ZnS,ZnS,2.072864,-0.63649,-1.35894,2.44584,-0.77208,-1.52454,0.907741,62.54
T000109,Li7,ZnS,ZnS,2.44584,-0.77208,-1.52454,2.44584,-0.77208,-1.52454,0,0
T000110,alpha,BN,binder_void,0,0,0,-0.31106,0.09624,0.263,0.418574,164.412
T000110,alpha,binder_void,ZnS,-0.31106,0.09624,0.263,-0.41222,0.12724,0.34762,0.13549,18.9711
T000110,alpha,ZnS,binder_void,-0.41222,0.12724,0.34762,-2.78929,0.8396,2.37435,3.21874,1264.27
T000110,alpha,binder_void,BN,-2.78929,0.8396,2.37435,-3.17426,0.9664,2.62585,0.513259,21.4768
T000110,alpha,BN,BN,-3.17426,0.9664,2.62585,-3.17864,0.96632,2.62887,0.0114046,0.870579
T000110,alpha,BN,BN,-3.17864,0.96632,2.62887,-3.17864,0.96632,2.62887,0,0
T000111,Li7,BN,binder_void,0,0,0,0.3571,0.0352,0.22527,0.423844,262.792
T000111,Li7,binder_void,BN,0.3571,0.0352,0.22527,0.566341,0.06636,0.36402,0.25303,38.4837
T000111,Li7,BN,binder_void,0.566341,0.06636,0.36402,1.249327,0.17255,0.80577,0.821928,379.387
T000111,Li7,binder_void,BN,1.249327,0.17255,0.80577,1.4190477,0.18988,0.93851,0.216465,20.1433
T000111,Li7,BN,binder_void,1.4190477,0.18988,0.93851,1.599128,0.20348,1.1044,0.24679,69.6301
T000111,Li7,binder_void,ZnS,1.599128,0.20348,1.1044,1.79344,0.21942,1.24992,0.245179,14.5946
T000111,Li7,ZnS,ZnS,1.79344,0.21942,1.24992,1.902661,0.16959,1.34516,0.162163,27.6597
T000111,Li7,ZnS,ZnS,1.902661,0.16959,1.34516,1.85251,0.05768,1.40436,0.158522,17.9276
T000111,Li7,ZnS,ZnS,1.85251,0.05768,1.40436,1.857133,-0.04459,1.29083,0.207304,9.38176
T000111,Li7,ZnS,ZnS,1.857133,-0.04459,1.29083,1.857133,-0.04459,1.29083,0,0
T000112,alpha,BN,binder_void,0,0,0,-0.28787,-0.02838,-0.1816,0.341558,126.269
T000112,alpha,binder_void,ZnS,-0.28787,-0.02838,-0.1816,-0.44802,-0.04475,-0.28372,0.190644,26.5246
T000112,alpha,ZnS,binder_void,-0.44802,-0.04475,-0.28372,-3.26258,-0.32618,-2.0909,3.37233,1260.09
T000112,alpha,binder_void,BN,-3.26258,-0.32618,-2.0909,-3.3528,-0.35141,-2.1854,0.133424,13.8576
T000112,alpha,BN,BN,-3.3528,-0.35141,-2.1854,-3.63716,-0.41816,-2.51035,0.476089,43.2625
T000112,alpha,BN,BN,-3.63716,-0.41816,-2.51035,-3.63716,-0.41816,-2.51035,0,0
T000113,Li7,BN,binder_void,0,0,0,-0.5193,-0.3225,0.11119,0.621742,388.963
T000113,Li7,binder_void,ZnS,-0.5193,-0.3225,0.11119,-0.7224,-0.42356,0.14817,0.229871,33.7151
T000113,Li7,ZnS,ZnS,-0.7224,-0.42356,0.14817,-1.8517,-1.31551,0.40407,1.48972,398.573
T000113,Li7,ZnS,ZnS,-1.8517,-1.31551,0.40407,-1.8995,-1.38213,0.42869,0.497016,18.7488
T000113,Li7,ZnS,ZnS,-1.8995,-1.38213,0.42869,-1.8995,-1.38213,0.42869,0,0
T000114,alpha,BN,binder_void,0,0,0,0.1486,0.09225,-0.03181,0.177761,76.6562
T000114,alpha,binder_void,BN,0.1486,0.09225,-0.03181,0.4072,0.25211,-0.08654,0.308879,44.2761
T000114,alpha,BN,binder_void,0.4072,0.25211,-0.08654,1.0512,0.64957,-0.22008,0.768551,301.177
T000114,alpha,binder_void,ZnS,1.0512,0.64957,-0.22008,2.05437,1.25679,-0.42417,1.19042,202.173
T000114,alpha,ZnS,binder_void,2.05437,1.25679,-0.42417,2.32721,1.42131,-0.47556,0.32297,130.652
T000114,alpha,binder_void,BN,2.32721,1.42131,-0.47556,3.27692,1.97441,-0.65465,1.11376,210.347
T000114,alpha,BN,binder_void,3.27692,1.97441,-0.65465,4.11282,2.47894,-0.8082,0.9895,388.517
T000114,alpha,binder_void,BN,4.11282,2.47894,-0.8082,4.45254,2.67096,-0.89094,0.39978,47.2663
T000114,alpha,BN,BN,4.45254,2.67096,-0.89094,4.94216,2.95203,-1.02537,0.608088,68.9347
T000114,alpha,BN,BN,4.94216,2.95203,-1.02537,4.94216,2.95203,-1.02537,0,0
T000115,Li7,BN,binder_void,0,0,0,0.15,0.29911,0.06231,0.340451,223.438
T000115,Li7,binder_void,BN,0.15,0.29911,0.06231,0.2103,0.42058,0.08919,0.138248,20.787
T000115,Li7,BN,binder_void,0.2103,0.42058,0.08919,0.549,1.12115,0.22804,0.791684,367.045
T000115,Li7,binder_void,BN,0.549,1.12115,0.22804,0.9228,2.06221,0.38119,1.02797,87.1417
T000115,Li7,BN,binder_void,0.9228,2.06221,0.38119,1.3951,2.72933,0.50789,0.854735,130.574
T000115,Li7,binder_void,binder_void,1.3951,2.72933,0.50789,1.48873,2.80975,0.47047,0.13648,3.54502
T000115,Li7,binder_void,binder_void,1.48873,2.80975,0.47047,1.58771,2.89825,0.47921,0.148846,5.24332
T000115,Li7,binder_void,binder_void,1.58771,2.89825,0.47921,1.67713,2.83433,0.48414,0.147747,2.3106
T000115,Li7,binder_void,binder_void,1.67713,2.83433,0.48414,1.67713,2.83433,0.48414,0,0
T000116,alpha,BN,binder_void,0,0,0,-0.1429,-0.28522,-0.05942,0.324544,117.634
T000116,alpha,binder_void,ZnS,-0.1429,-0.28522,-0.05942,-0.3946,-0.79062,-0.16438,0.574274,84.6713
T000116,alpha,ZnS,binder_void,-0.3946,-0.79062,-0.16438,-1.6071,-3.2234,-0.6707,2.77571,1211.22
T000116,alpha,binder_void,BN,-1.6071,-3.2234,-0.6707,-1.9317,-3.83754,-0.7483,0.71124,23.0882
T000116,alpha,BN,BN,-1.9317,-3.83754,-0.7483,-2.0469,-4.15925,-0.88709,0.415583,33.3869
T000116,alpha,BN,BN,-2.0469,-4.15925,-0.88709,-2.0469,-4.15925,-0.88709,0,0
T000117,Li7,BN,binder_void,0,0,0,0.04526,0.02975,-0.08166,0.0979909,61.0834
T000117,Li7,binder_void,BN,0.04526,0.02975,-0.08166,0.0739,0.04911,-0.13378,0.0625489,10.6253
T000117,Li7,BN,binder_void,0.0739,0.04911,-0.13378,0.42397,0.28436,-0.77022,0.764196,436.61
T000117,Li7,binder_void,BN,0.42397,0.28436,-0.77022,0.56201,0.39053,-0.99116,0.281452,34.5384
T000117,Li7,BN,binder_void,0.56201,0.39053,-0.99116,0.76762,0.53923,-1.28554,0.389622,157.306
T000117,Li7,binder_void,BN,0.76762,0.53923,-1.28554,1.20885,0.84373,-1.86989,0.798826,61.5411
T000117,Li7,BN,BN,1.20885,0.84373,-1.86989,1.65426,1.01516,-2.30931,0.713104,78.2962
T000117,Li7,BN,BN,1.65426,1.01516,-2.30931,1.65426,1.01516,-2.30931,0,0
T000118,alpha,BN,binder_void,0,0,0,-0.32097,-0.21098,0.57906,0.694938,260.192
T000118,alpha,binder_void,BN,-0.32097,-0.21098,0.57906,-0.35418,-0.23273,0.63834,0.0713412,10.1842
T000118,alpha,BN,binder_void,-0.35418,-0.23273,0.63834,-0.82064,-0.53408,1.46627,0.997143,423.168
T000118,alpha,binder_void,BN,-0.82064,-0.53408,1.46627,-1.01541,-0.6891,1.79484,0.41224,72.7156
T000118,alpha,BN,binder_void,-1.01541,-0.6891,1.79484,-1.23006,-0.858257,2.14986,0.44814,195.3
T000118,alpha,binder_void,BN,-1.23006,-0.858257,2.14986,-1.2965,-0.914617,2.26144,0.141576,23.3225
T000118,alpha,BN,binder_void,-1.2965,-0.914617,2.26144,-1.70485,-1.261489,2.94453,0.869074,387.06
T000118,alpha,binder_void,BN,-1.70485,-1.261489,2.94453,-1.92555,-1.441035,3.26305,0.428475,38.4309
T000118,alpha,BN,BN,-1.92555,-1.441035,3.26305,-2.16703,-1.664747,3.68155,0.563439,59.6269
T000118,alpha,BN,BN,-2.16703,-1.664747,3.68155,-2.16703,-1.664747,3.68155,0,0
T000119,Li7,BN,binder_void,0,0,0,-0.10024,-0.05527,-0.10127,0.152854,96.8156
T000119,Li7,binder_void,ZnS,-0.10024,-0.05527,-0.10127,-0.46293,-0.26909,-0.49511,0.576639,95.7521
T000119,Li7,ZnS,ZnS,-0.46293,-0.26909,-0.49511,-1.38696,-0.65017,-1.68538,1.56797,509.71
T000119,Li7,ZnS,ZnS,-1.38696,-0.65017,-1.68538,-1.3619,-0.871886,-2.78248,1.25495,137.722
T000119,Li7,ZnS,ZnS,-1.3619,-0.871886,-2.78248,-1.3619,-0.871886,-2.78248,0,0
T000120,alpha,BN,binder_void,0,0,0,0.29217,0.16112,0.29518,0.445512,174.665
T000120,alpha,binder_void,BN,0.29217,0.16112,0.29518,0.62971,0.33835,0.62858,0.506468,80.9118
T000120,alpha,BN,binder_void,0.62971,0.33835,0.62858,1.20627,0.62463,1.18625,0.851836,363.044
T000120,alpha,binder_void,ZnS,1.20627,0.62463,1.18625,1.39793,0.72042,1.37349,0.284562,49.9903
T000120,alpha,ZnS,ZnS,1.39793,0.72042,1.37349,3.86521,1.93315,3.75445,3.70534,801.388
T000120,alpha,ZnS,ZnS,3.86521,1.93315,3.75445,3.86521,1.93315,3.75445,0,0
T000121,Li7,BN,binder_void,0,0,0,0.2052,0.3292,0.1173,0.405474,250.376
T000121,Li7,binder_void,BN,0.2052,0.3292,0.1173,0.2421,0.3889,0.138,0.0730972,10.8143
T000121,Li7,BN,binder_void,0.2421,0.3889,0.138,0.6794,1.0966,0.3795,0.867889,423.775
T000121,Li7,binder_void,outside,0.6794,1.0966,0.3795,0.9252,1.429,0.5223,0.438748,37.8657
T000122,alpha,BN,binder_void,0,0,0,-0.2825,-0.453,-0.1613,0.557719,205.532
T000122,alpha,binder_void,BN,-0.2825,-0.453,-0.1613,-0.4155,-0.6719,-0.2383,0.267518,38.2712
T000122,alpha,BN,binder_void,-0.4155,-0.6719,-0.2383,-0.5128,-0.8323,-0.2954,0.196074,78.8593
T000122,alpha,binder_void,ZnS,-0.5128,-0.8323,-0.2954,-1.0024,-1.6475,-0.5908,0.995875,160.492
T000122,alpha,ZnS,ZnS,-1.0024,-1.6475,-0.5908,-3.04882,-5.02743,-1.8715,4.21448,986.845
T000122,alpha,ZnS,ZnS,-3.04882,-5.02743,-1.8715,-3.04882,-5.02743,-1.8715,0,0
T000123,Li7,BN,binder_void,0,0,0,0.0078,0.4132,-0.1971,0.458016,295.509
T000123,Li7,binder_void,ZnS,0.0078,0.4132,-0.1971,0.0106,0.6748,-0.3065,0.283609,46.1655
T000123,Li7,ZnS,ZnS,0.0106,0.6748,-0.3065,0.0387,2.1873,-0.695,1.57476,568.718
T000123,Li7,ZnS,ZnS,0.0387,2.1873,-0.695,0.0752,2.9544,-0.6433,1.1441,102.608
T000123,Li7,ZnS,ZnS,0.0752,2.9544,-0.6433,0.0752,2.9544,-0.6433,0,0
T000124,alpha,BN,binder_void,0,0,0,-0.0085,-0.4455,0.2125,0.49369,162.216
T000124,alpha,binder_void,BN,-0.0085,-0.4455,0.2125,-0.0158,-0.6947,0.3337,0.27717,38.5761
T000124,alpha,BN,binder_void,-0.0158,-0.6947,0.3337,-0.0235,-0.9745,0.4705,0.311554,114.974
T000124,alpha,binder_void,outside,-0.0235,-0.9745,0.4705,-0.0261,-1.0807,0.5223,0.118231,13.8198
T000125,Li7,BN,binder_void,0,0,0,0.2911,-0.07365,0.15674,0.338797,208.823
T000125,Li7,binder_void,BN,0.2911,-0.07365,0.15674,0.7426,-0.17052,0.39463,0.519581,81.7295
T000125,Li7,BN,binder_void,0.7426,-0.17052,0.39463,1.5969,-0.36942,0.84505,0.988452,454.569
T000125,Li7,binder_void,BN,1.5969,-0.36942,0.84505,1.8536,-0.45507,1.01321,0.320469,24.4743
T000125,Li7,BN,binder_void,1.8536,-0.45507,1.01321,2.2569,-0.62865,1.31416,0.573492,49.8058
T000125,Li7,binder_void,binder_void,2.2569,-0.62865,1.31416,2.5535,-0.73983,1.46789,0.371389,16.0141
T000125,Li7,binder_void,binder_void,2.5535,-0.73983,1.46789,2.6336,-0.82058,1.44863,0.36987,4.68158
T000125,Li7,binder_void,binder_void,2.6336,-0.82058,1.44863,2.6336,-0.82058,1.44863,0,0
T000126,alpha,BN,binder_void,0,0,0,-0.4248,0.1075,-0.22878,0.494397,177.378
T000126,alpha,binder_void,ZnS,-0.4248,0.1075,-0.22878,-0.5613,0.14252,-0.30324,0.159413,21.9022
T000126,alpha,ZnS,binder_void,-0.5613,0.14252,-0.30324,-3.3839,0.86731,-1.84178,3.31152,805.677
T000126,alpha,binder_void,BN,-3.3839,0.86731,-1.84178,-3.714,0.96609,-1.90288,0.349985,60.4518
T000126,alpha,BN,binder_void,-3.714,0.96609,-1.90288,-3.7707,0.98257,-1.91225,0.0598661,25.8432
T000126,alpha,binder_void,ZnS,-3.7707,0.98257,-1.91225,-5.2256,1.41217,-2.11757,1.53226,228.771
T000126,alpha,ZnS,ZnS,-5.2256,1.41217,-2.11757,-6.54293,1.90317,-2.26471,1.67411,149.977
T000126,alpha,ZnS,ZnS,-6.54293,1.90317,-2.26471,-6.54293,1.90317,-2.26471,0,0
T000127,Li7,BN,binder_void,0,0,0,-0.3664,-0.41721,0.0971,0.563977,319.487
T000127,Li7,binder_void,ZnS,-0.3664,-0.41721,0.0971,-0.8549,-0.97249,0.18934,0.745763,91.706
T000127,Li7,ZnS,binder_void,-0.8549,-0.97249,0.18934,-1.322,-1.53779,0.27844,0.750303,335.905
T000127,Li7,binder_void,BN,-1.322,-1.53779,0.27844,-2.182,-2.07443,0.35273,1.03939,59.2926
T000127,Li7,BN,BN,-2.182,-2.07443,0.35273,-2.3973,-2.18163,0.45377,0.274599,27.0666
T000127,Li7,BN,BN,-2.3973,-2.18163,0.45377,-2.386,-2.18803,0.50737,0.206099,6.54246
T000127,Li7,BN,BN,-2.386,-2.18803,0.50737,-2.386,-2.18803,0.50737,0,0
T000128,alpha,BN,binder_void,0,0,0,0.1931,0.21986,-0.05117,0.297059,107.743
T000128,alpha,binder_void,BN,0.1931,0.21986,-0.05117,1.5779,1.79702,-0.4268,2.13241,318.364
T000128,alpha,BN,binder_void,1.5779,1.79702,-0.4268,2.0169,2.2956,-0.548,0.675394,284.331
T000128,alpha,binder_void,BN,2.0169,2.2956,-0.548,2.4631,2.82399,-0.658,0.700402,122.511
T000128,alpha,BN,binder_void,2.4631,2.82399,-0.658,3.026,3.46902,-0.79198,0.867059,384.437
T000128,alpha,binder_void,BN,3.026,3.46902,-0.79198,3.1981,3.6756,-0.83164,0.271854,37.7675
T000128,alpha,BN,binder_void,3.1981,3.6756,-0.83164,3.5563,4.11668,-0.91022,0.575501,206.093
T000128,alpha,binder_void,binder_void,3.5563,4.11668,-0.91022,3.6664,4.21695,-0.88161,0.158912,5.42422
T000128,alpha,binder_void,binder_void,3.6664,4.21695,-0.88161,3.7208,4.2792,-0.78473,0.152714,1.66683
T000128,alpha,binder_void,binder_void,3.7208,4.2792,-0.78473,3.7532,4.23615,-0.74674,0.190504,1.66072
T000128,alpha,binder_void,binder_void,3.7532,4.23615,-0.74674,3.7532,4.23615,-0.74674,0,0
T000129,Li7,BN,binder_void,0,0,0,0.08119,-0.263,0.11957,0.300198,201.35
T000129,Li7,binder_void,BN,0.08119,-0.263,0.11957,0.13498,-0.4376,0.1968,0.198361,35.3468
T000129,Li7,BN,binder_void,0.13498,-0.4376,0.1968,0.34528,-1.1324,0.50242,0.788328,466.762
T000129,Li7,binder_void,BN,0.34528,-1.1324,0.50242,0.35536,-1.1659,0.51667,0.0378025,5.06526
T000129,Li7,BN,binder_void,0.35536,-1.1659,0.51667,0.50013,-1.6453,0.72237,0.543298,217.085
T000129,Li7,binder_void,BN,0.50013,-1.6453,0.72237,0.52094,-1.7224,0.75337,0.0858123,6.67575
T000129,Li7,BN,binder_void,0.52094,-1.7224,0.75337,0.5948,-1.9898,0.86846,0.30752,57.8018
T000129,Li7,binder_void,binder_void,0.5948,-1.9898,0.86846,0.3937,-2.3067,0.88018,0.393695,20.4126
T000129,Li7,binder_void,binder_void,0.3937,-2.3067,0.88018,0.37851,-2.3408,0.8884,0.33101,2.50101
T000129,Li7,binder_void,binder_void,0.37851,-2.3408,0.8884,0.37851,-2.3408,0.8884,0,0
T000130,alpha,BN,binder_void,0,0,0,-0.08991,0.2913,-0.13241,0.332377,111.916
T000130,alpha,binder_void,BN,-0.08991,0.2913,-0.13241,-0.2026,0.66,-0.30149,0.420923,50.4997
T000130,alpha,BN,binder_void,-0.2026,0.66,-0.30149,-0.46566,1.5145,-0.73311,0.992977,375.315
T000130,alpha,binder_void,BN,-0.46566,1.5145,-0.73311,-0.52458,1.7036,-0.83042,0.220652,36.4932
T000130,alpha,BN,binder_void,-0.52458,1.7036,-0.83042,-0.70321,2.2833,-1.12896,0.676174,287.166
T000130,alpha,binder_void,BN,-0.70321,2.2833,-1.12896,-0.75017,2.4319,-1.20723,0.174378,32.9002
T000130,alpha,BN,binder_void,-0.75017,2.4319,-1.20723,-0.99396,3.1946,-1.61022,0.896757,382.252
T000130,alpha,binder_void,BN,-0.99396,3.1946,-1.61022,-1.06978,3.4303,-1.73521,0.277364,51.7237
T000130,alpha,BN,binder_void,-1.06978,3.4303,-1.73521,-1.16737,3.7362,-1.89576,0.359127,150.092
T000130,alpha,binder_void,BN,-1.16737,3.7362,-1.89576,-1.23348,3.932,-1.98843,0.226598,36.7041
T000130,alpha,BN,binder_void,-1.23348,3.932,-1.98843,-1.43904,4.5446,-2.28454,0.712806,160.986
T000130,alpha,binder_void,BN,-1.43904,4.5446,-2.28454,-1.71249,5.2563,-2.77409,0.912918,61.2553
T000130,alpha,BN,BN,-1.71249,5.2563,-2.77409,-1.85254,5.5861,-2.96635,0.44903,38.6967
T000130,alpha,BN,BN,-1.85254,5.5861,-2.96635,-1.85254,5.5861,-2.96635,0,0
T000131,Li7,BN,binder_void,0,0,0,-0.00883,-0.0225,-0.12159,0.123985,81.9347
T000131,Li7,binder_void,ZnS,-0.00883,-0.0225,-0.12159,-0.04031,-0.1091,-0.59855,0.485869,82.7188
T000131,Li7,ZnS,ZnS,-0.04031,-0.1091,-0.59855,0.03328,-0.3228,-2.14525,1.57588,658.277
T000131,Li7,ZnS,ZnS,0.03328,-0.3228,-2.14525,0.04574,-0.3228,-2.21969,0.474238,17.0697
T000131,Li7,ZnS,ZnS,0.04574,-0.3228,-2.21969,0.04574,-0.3228,-2.21969,0,0
T000132,alpha,BN,binder_void,0,0,0,0.05728,0.1462,0.78921,0.804763,325.512
T000132,alpha,binder_void,ZnS,0.05728,0.1462,0.78921,0.14945,0.343,1.96985,1.20058,186.195
T000132,alpha,ZnS,ZnS,0.14945,0.343,1.96985,0.44159,1.0717,5.96705,4.13546,958.293
T000132,alpha,ZnS,ZnS,0.44159,1.0717,5.96705,0.44159,1.0717,5.96705,0,0
T000133,Li7,BN,binder_void,0,0,0,0.10557,-0.265553,-0.35373,0.454876,297.173
T000133,Li7,binder_void,BN,0.10557,-0.265553,-0.35373,0.46656,-1.226561,-1.62003,1.63135,266.417
T000133,Li7,BN,binder_void,0.46656,-1.226561,-1.62003,0.63254,-1.684281,-2.26471,0.810126,382.918
T000133,Li7,binder_void,ZnS,0.63254,-1.684281,-2.26471,0.67429,-1.805871,-2.438548,0.217829,12.0196
T000133,Li7,ZnS,ZnS,0.67429,-1.805871,-2.438548,0.73227,-1.906481,-2.536052,0.161122,38.3308
T000133,Li7,ZnS,ZnS,0.73227,-1.906481,-2.536052,0.81326,-1.873251,-2.630536,0.184726,9.67007
T000133,Li7,ZnS,ZnS,0.81326,-1.873251,-2.630536,0.80965,-1.861991,-2.649456,0.160465,9.31901
T000133,Li7,ZnS,ZnS,0.80965,-1.861991,-2.649456,0.80965,-1.861991,-2.649456,0,0
T000134,alpha,BN,binder_void,0,0,0,-0.01125,0.028295,0.03769,0.0484544,16.4093
T000134,alpha,binder_void,BN,-0.01125,0.028295,0.03769,-0.18015,0.452968,0.6044,0.728045,96.6231
T000134,alpha,BN,binder_void,-0.18015,0.452968,0.6044,-0.31598,0.792052,1.06202,0.585565,196.004
T000134,alpha,binder_void,BN,-0.31598,0.792052,1.06202,-0.50513,1.267237,1.70283,0.819925,121.927
T000134,alpha,BN,binder_void,-0.50513,1.267237,1.70283,-0.64926,1.595949,2.15004,0.573483,222.244
T000134,alpha,binder_void,BN,-0.64926,1.595949,2.15004,-0.84944,2.026539,2.74682,0.762687,123.039
T000134,alpha,BN,binder_void,-0.84944,2.026539,2.74682,-1.098007,2.556009,3.47525,0.934465,407.029
T000134,alpha,binder_void,ZnS,-1.098007,2.556009,3.47525,-1.109611,2.580259,3.50769,0.042133,8.59846
T000134,alpha,ZnS,ZnS,-1.109611,2.580259,3.50769,-1.945331,4.328809,5.83228,3.11112,584.126
T000134,alpha,ZnS,ZnS,-1.945331,4.328809,5.83228,-1.945331,4.328809,5.83228,0,0
T000135,Li7,BN,binder_void,0,0,0,-0.00341,-0.121214,-0.41585,0.433338,270.275
T000135,Li7,binder_void,BN,-0.00341,-0.121214,-0.41585,-0.00346,-0.13442,-0.46024,0.046316,6.66835
T000135,Li7,BN,binder_void,-0.00346,-0.13442,-0.46024,-0.00924,-0.35502,-1.19643,0.769837,352.126
T000135,Li7,binder_void,BN,-0.00924,-0.35502,-1.19643,0.03325,-0.476241,-1.54598,0.372944,43.9966
T000135,Li7,BN,BN,0.03325,-0.476241,-1.54598,0.10153,-0.735051,-2.226,0.744053,167.568
T000135,Li7,BN,BN,0.10153,-0.735051,-2.226,0.10153,-0.735051,-2.226,0,0
T000136,alpha,BN,binder_void,0,0,0,0.00039,0.014234,0.04884,0.0508679,20.1453
T000136,alpha,binder_void,BN,0.00039,0.014234,0.04884,0.0095,0.409735,1.40774,1.41542,210.677
T000136,alpha,BN,binder_void,0.0095,0.409735,1.40774,0.01961,0.6448631,2.23609,0.861274,357.523
T000136,alpha,binder_void,BN,0.01961,0.6448631,2.23609,0.04507,1.176353,4.1685,2.00486,353.571
T000136,alpha,BN,binder_void,0.04507,1.176353,4.1685,0.04717,1.401999,4.96511,0.82866,316.634
T000136,alpha,binder_void,BN,0.04717,1.401999,4.96511,0.04643,1.474416,5.16465,0.212344,26.0459
T000136,alpha,BN,binder_void,0.04643,1.474416,5.16465,0.06511,1.759949,5.99404,0.884839,114.027
T000136,alpha,binder_void,binder_void,0.06511,1.759949,5.99404,0.32193,2.306049,6.83925,1.05788,71.3776
T000136,alpha,binder_void,binder_void,0.32193,2.306049,6.83925,0.32193,2.306049,6.83925,0,0
T000137,Li7,BN,binder_void,0,0,0,0.0306,0.0171,0.00689,0.0357278,25.9709
T000137,Li7,binder_void,BN,0.0306,0.0171,0.00689,1.2117,0.6826,0.26754,1.38098,229.457
T000137,Li7,BN,binder_void,1.2117,0.6826,0.26754,1.83886,1.0506,0.41086,0.741812,414.112
T000137,Li7,binder_void,BN,1.83886,1.0506,0.41086,1.88315,1.0757,0.42669,0.0532994,6.36581
T000137,Li7,BN,binder_void,1.88315,1.0757,0.42669,2.506532,1.4468,0.65848,0.765091,288.934
T000137,Li7,binder_void,ZnS,2.506532,1.4468,0.65848,2.896952,1.6039,0.78222,0.452169,24.9288
T000137,Li7,ZnS,ZnS,2.896952,1.6039,0.78222,2.98196,1.567,0.816,0.115634,25.9816
T000137,Li7,ZnS,ZnS,2.98196,1.567,0.816,2.98196,1.567,0.816,0,0
T000138,alpha,BN,binder_void,0,0,0,-0.24519,-0.137,-0.05521,0.286238,99.2746
T000138,alpha,binder_void,BN,-0.24519,-0.137,-0.05521,-1.16609,-0.6562,-0.26377,1.07759,143.242
T000138,alpha,BN,binder_void,-1.16609,-0.6562,-0.26377,-1.93888,-1.0942,-0.44766,0.907236,328.211
T000138,alpha,binder_void,BN,-1.93888,-1.0942,-0.44766,-1.94746,-1.099,-0.44977,0.010076,0.817941
T000138,alpha,BN,binder_void,-1.94746,-1.099,-0.44977,-2.72596,-1.5389,-0.64217,0.914804,384.212
T000138,alpha,binder_void,BN,-2.72596,-1.5389,-0.64217,-2.81396,-1.5894,-0.66308,0.103579,18.3403
T000138,alpha,BN,binder_void,-2.81396,-1.5894,-0.66308,-3.2185,-1.8212,-0.7591,0.476166,207.426
T000138,alpha,binder_void,BN,-3.2185,-1.8212,-0.7591,-3.62287,-2.0507,-0.86199,0.47623,87.2531
T000138,alpha,BN,binder_void,-3.62287,-2.0507,-0.86199,-4.02909,-2.2806,-0.96274,0.477776,221.613
T000138,alpha,binder_void,BN,-4.02909,-2.2806,-0.96274,-4.7268,-2.6555,-1.15082,0.814745,126.911
T000138,alpha,BN,binder_void,-4.7268,-2.6555,-1.15082,-4.79016,-2.6889,-1.17068,0.0743556,21.0903
T000138,alpha,binder_void,BN,-4.79016,-2.6889,-1.17068,-4.96221,-2.7778,-1.2241,0.201072,26.9266
T000138,alpha,BN,BN,-4.96221,-2.7778,-1.2241,-5.63263,-3.0821,-1.41861,0.78063,110.682
T000138,alpha,BN,BN,-5.63263,-3.0821,-1.41861,-5.63263,-3.0821,-1.41861,0,0
T000139,Li7,BN,binder_void,0,0,0,-0.0383,-0.1647,-0.59827,0.621972,427.496
T000139,Li7,binder_void,BN,-0.0383,-0.1647,-0.59827,-0.04483,-0.2019,-0.73667,0.143453,22.9665
T000139,Li7,BN,binder_void,-0.04483,-0.2019,-0.73667,-0.08422,-0.4023,-1.48571,0.777703,393.942
T000139,Li7,binder_void,BN,-0.08422,-0.4023,-1.48571,-0.08399,-0.4938,-2.08287,0.60641,52.3679
T000139,Li7,BN,BN,-0.08399,-0.4938,-2.08287,-0.03581,-0.6075,-2.72188,0.672083,116.227
T000139,Li7,BN,BN,-0.03581,-0.6075,-2.72188,-0.03581,-0.6075,-2.72188,0,0
T000140,alpha,BN,binder_void,0,0,0,0.00101,0.0043,0.01583,0.0164483,5.3778
T000140,alpha,binder_void,BN,0.00101,0.0043,0.01583,0.00389,0.0168,0.06104,0.046984,9.9209
T000140,alpha,BN,binder_void,0.00389,0.0168,0.06104,0.05916,0.256,0.9257,0.898906,323.741
T000140,alpha,binder_void,ZnS,0.05916,0.256,0.9257,0.07316,0.318,1.14602,0.229325,31.93
T000140,alpha,ZnS,binder_void,0.07316,0.318,1.14602,0.34826,1.5563,5.55544,4.61891,1304.62
T000140,alpha,binder_void,binder_void,0.34826,1.5563,5.55544,0.86038,1.4636,7.27974,1.84572,100.411
T000140,alpha,binder_void,binder_void,0.86038,1.4636,7.27974,0.86038,1.4636,7.27974,0,0
T000141,Li7,BN,binder_void,0,0,0,0.0317,0.41977,0.31903,0.528463,321.552
T000141,Li7,binder_void,BN,0.0317,0.41977,0.31903,0.0408,0.49776,0.37197,0.0946962,16.0619
T000141,Li7,BN,binder_void,0.0408,0.49776,0.37197,0.1247,1.26065,0.89308,0.930204,358.622
T000141,Li7,binder_void,ZnS,0.1247,1.26065,0.89308,0.1267,1.27169,0.90023,0.0133142,1.76238
T000141,Li7,ZnS,ZnS,0.1267,1.27169,0.90023,0.2506,1.65979,1.43706,0.709695,93.1685
T000141,Li7,ZnS,ZnS,0.2506,1.65979,1.43706,-0.0671,2.1585,1.55172,0.769463,48.8329
T000141,Li7,ZnS,ZnS,-0.0671,2.1585,1.55172,-0.0671,2.1585,1.55172,0,0
T000142,alpha,BN,binder_void,0,0,0,-0.0058,-0.07643,-0.05809,0.0961752,37.6349
T000142,alpha,binder_void,BN,-0.0058,-0.07643,-0.05809,-0.0471,-0.61321,-0.46466,0.674662,106.915
T000142,alpha,BN,binder_void,-0.0471,-0.61321,-0.46466,-0.1137,-1.37028,-1.0331,0.94922,392.253
T000142,alpha,binder_void,BN,-0.1137,-1.37028,-1.0331,-0.1199,-1.44278,-1.08696,0.0905567,12.1555
T000142,alpha,BN,binder_void,-0.1199,-1.44278,-1.08696,-0.1728,-2.04028,-1.52904,0.745267,346.662
T000142,alpha,binder_void,BN,-0.1728,-2.04028,-1.52904,-0.1928,-2.36988,-1.79085,0.421508,74.5769
T000142,alpha,BN,binder_void,-0.1928,-2.36988,-1.79085,-0.2352,-3.15088,-2.39849,0.991613,411.973
T000142,alpha,binder_void,binder_void,-0.2352,-3.15088,-2.39849,-0.2613,-4.33218,-3.2189,1.46726,87.8306
T000142,alpha,binder_void,binder_void,-0.2613,-4.33218,-3.2189,-0.2613,-4.33218,-3.2189,0,0
T000143,Li7,BN,binder_void,0,0,0,-0.0421,-0.16637,-0.02353,0.173233,111.965
T000143,Li7,binder_void,BN,-0.0421,-0.16637,-0.02353,-0.1502,-0.61204,-0.0855,0.462833,79.507
T000143,Li7,BN,binder_void,-0.1502,-0.61204,-0.0855,-0.2972,-1.18098,-0.15959,0.592848,316.301
T000143,Li7,binder_void,ZnS,-0.2972,-1.18098,-0.15959,-0.3526,-1.39178,-0.19627,0.221058,28.0015
T000143,Li7,ZnS,ZnS,-0.3526,-1.39178,-0.19627,-0.7956,-2.57938,-0.75551,1.43192,285.563
T000143,Li7,ZnS,ZnS,-0.7956,-2.57938,-0.75551,-0.8132,-2.65758,-0.78391,0.495874,18.6628
T000143,Li7,ZnS,ZnS,-0.8132,-2.65758,-0.78391,-0.8132,-2.65758,-0.78391,0,0
T000144,alpha,BN,binder_void,0,0,0,0.0712,0.28171,0.03984,0.293297,112.143
T000144,alpha,binder_void,BN,0.0712,0.28171,0.03984,0.1733,0.67257,0.09464,0.407706,52.4475
T000144,alpha,BN,binder_void,0.1733,0.67257,0.09464,0.3396,1.30523,0.18465,0.660383,257.928
T000144,alpha,binder_void,BN,0.3396,1.30523,0.18465,0.4369,1.65765,0.23858,0.369562,56.7203
T000144,alpha,BN,binder_void,0.4369,1.65765,0.23858,0.627,2.34726,0.33474,0.721919,317.972
T000144,alpha,binder_void,BN,0.627,2.34726,0.33474,0.7699,2.89377,0.41097,0.570063,101.468
T000144,alpha,BN,binder_void,0.7699,2.89377,0.41097,1.0006,3.8131,0.555,0.959558,438.063
T000144,alpha,binder_void,BN,1.0006,3.8131,0.555,1.1298,4.34304,0.67267,0.559366,61.9188
T000144,alpha,BN,BN,1.1298,4.34304,0.67267,1.3328,4.8922,0.7612,0.619154,71.3388
T000144,alpha,BN,BN,1.3328,4.8922,0.7612,1.3328,4.8922,0.7612,0,0
T000145,Li7,BN,binder_void,0,0,0,-0.238,0.158,0.30857,0.420638,254.303
T000145,Li7,binder_void,ZnS,-0.238,0.158,0.30857,-0.4204,0.2695,0.53596,0.312187,51.3657
T000145,Li7,ZnS,ZnS,-0.4204,0.2695,0.53596,-1.453,0.6256,1.58497,1.53324,534.331
T000145,Li7,ZnS,ZnS,-1.453,0.6256,1.58497,-1.453,0.6256,1.58497,0,0
T000146,alpha,BN,binder_void,0,0,0,0.0149,-0.0099,-0.01931,0.0263164,9.28341
T000146,alpha,binder_void,BN,0.0149,-0.0099,-0.01931,0.1178,-0.0785,-0.15325,0.182281,24.6601
T000146,alpha,BN,binder_void,0.1178,-0.0785,-0.15325,0.6819,-0.4521,-0.889,0.999703,407.841
T000146,alpha,binder_void,BN,0.6819,-0.4521,-0.889,0.8052,-0.5355,-1.04706,0.217136,41.0431
T000146,alpha,BN,binder_void,0.8052,-0.5355,-1.04706,1.006,-0.6717,-1.3049,0.354126,156.342
T000146,alpha,binder_void,ZnS,1.006,-0.6717,-1.3049,1.1844,-0.792,-1.53793,0.317161,52.4327
T000146,alpha,ZnS,binder_void,1.1844,-0.792,-1.53793,1.5671,-1.0535,-2.04546,0.688702,271.296
T000146,alpha,binder_void,BN,1.5671,-1.0535,-2.04546,1.6791,-1.101,-2.17795,0.179888,36.757
T000146,alpha,BN,binder_void,1.6791,-1.101,-2.17795,2.0658,-1.2651,-2.63653,0.622378,226.048
T000146,alpha,binder_void,BN,2.0658,-1.2651,-2.63653,2.7324,-1.6457,-3.4338,1.10851,143.535
T000146,alpha,BN,BN,2.7324,-1.6457,-3.4338,3.1221,-1.9139,-3.97943,0.742793,100.761
T000146,alpha,BN,BN,3.1221,-1.9139,-3.97943,3.1221,-1.9139,-3.97943,0,0
T000147,Li7,BN,binder_void,0,0,0,0.2687,-0.148,0.6978,0.762818,453.067
T000147,Li7,binder_void,ZnS,0.2687,-0.148,0.6978,0.7455,-0.4267,1.89186,1.31805,153.763
T000147,Li7,ZnS,ZnS,0.7455,-0.4267,1.89186,1.216,-0.7696,2.986918,1.37822,222.661
T000147,Li7,ZnS,ZnS,1.216,-0.7696,2.986918,1.2109,-0.8034,3.001719,0.372092,10.5083
T000147,Li7,ZnS,ZnS,1.2109,-0.8034,3.001719,1.2109,-0.8034,3.001719,0,0
T000148,alpha,BN,binder_void,0,0,0,-0.0051,0.0028,-0.01329,0.014517,3.39855
T000148,alpha,binder_void,BN,-0.0051,0.0028,-0.01329,-0.0588,0.0323,-0.15262,0.152199,24.8029
T000148,alpha,BN,binder_void,-0.0588,0.0323,-0.15262,-0.2633,0.1455,-0.68887,0.585019,222.696
T000148,alpha,binder_void,ZnS,-0.2633,0.1455,-0.68887,-0.504,0.2706,-1.30853,0.676473,100.326
T000148,alpha,ZnS,binder_void,-0.504,0.2706,-1.30853,-1.4126,0.7616,-3.67967,2.59818,816.545
T000148,alpha,binder_void,ZnS,-1.4126,0.7616,-3.67967,-1.4278,0.7736,-3.72054,0.0452387,7.06929
T000148,alpha,ZnS,ZnS,-1.4278,0.7736,-3.72054,-2.1376,1.3181,-5.61956,2.24744,295.162
T000148,alpha,ZnS,ZnS,-2.1376,1.3181,-5.61956,-2.1376,1.3181,-5.61956,0,0
T000149,Li7,BN,binder_void,0,0,0,0.111326,0.30316,0.063644,0.32926,210.505
T000149,Li7,binder_void,BN,0.111326,0.30316,0.063644,0.617888,1.60324,0.308644,1.41776,211.134
T000149,Li7,BN,binder_void,0.617888,1.60324,0.308644,0.862593,2.42564,0.511764,0.884965,402.635
T000149,Li7,binder_void,BN,0.862593,2.42564,0.511764,0.880857,2.47166,0.538914,0.0580675,2.86349
T000149,Li7,BN,BN,0.880857,2.47166,0.538914,0.908983,2.50341,0.574374,0.0582931,6.21616
T000149,Li7,BN,BN,0.908983,2.50341,0.574374,0.915164,2.52712,0.619594,0.0676613,6.64641
T000149,Li7,BN,BN,0.915164,2.52712,0.619594,0.915164,2.52712,0.619594,0,0
T000150,alpha,BN,binder_void,0,0,0,-0.191643,-0.52187,-0.109562,0.566687,215.688
T000150,alpha,binder_void,BN,-0.191643,-0.52187,-0.109562,-0.346598,-0.93133,-0.1986,0.446775,76.2035
T000150,alpha,BN,binder_void,-0.346598,-0.93133,-0.1986,-0.514262,-1.38212,-0.297898,0.491153,223.035
T000150,alpha,binder_void,BN,-0.514262,-1.38212,-0.297898,-0.604287,-1.62808,-0.350691,0.267191,38.2443
T000150,alpha,BN,binder_void,-0.604287,-1.62808,-0.350691,-0.928177,-2.51963,-0.54516,0.968621,400.934
T000150,alpha,binder_void,BN,-0.928177,-2.51963,-0.54516,-0.935057,-2.53951,-0.549465,0.0214755,3.21962
T000150,alpha,BN,binder_void,-0.935057,-2.53951,-0.549465,-1.248247,-3.44183,-0.745056,0.976024,421.859
T000150,alpha,binder_void,BN,-1.248247,-3.44183,-0.745056,-1.275337,-3.51676,-0.7636,0.0818662,7.96601
T000150,alpha,BN,BN,-1.275337,-3.51676,-0.7636,-1.491077,-4.10377,-0.9248886,0.669904,82.8511
T000150,alpha,BN,BN,-1.491077,-4.10377,-0.9248886,-1.491077,-4.10377,-0.9248886,0,0
T000151,Li7,BN,binder_void,0,0,0,-0.183617,-0.22796,0.375084,0.475989,305.44
T000151,Li7,binder_void,ZnS,-0.183617,-0.22796,0.375084,-0.535748,-0.67338,1.111144,0.93024,135.054
T000151,Li7,ZnS,binder_void,-0.535748,-0.67338,1.111144,-0.826807,-1.01086,1.726314,0.773812,389.814
T000151,Li7,binder_void,binder_void,-0.826807,-1.01086,1.726314,-0.856487,-1.05269,1.823714,0.125534,5.44787
T000151,Li7,binder_void,binder_void,-0.856487,-1.05269,1.823714,-0.853697,-1.09843,1.880524,0.140074,4.81653
T000151,Li7,binder_void,binder_void,-0.853697,-1.09843,1.880524,-0.853697,-1.09843,1.880524,0,0
T000152,alpha,BN,binder_void,0,0,0,0.151294,0.18783,-0.309053,0.392047,145.891
T000152,alpha,binder_void,BN,0.151294,0.18783,-0.309053,0.2774303,0.34785,-0.572709,0.333219,52.9483
T000152,alpha,BN,binder_void,0.2774303,0.34785,-0.572709,0.651785,0.82332,-1.357909,0.991522,424.594
T000152,alpha,binder_void,ZnS,0.651785,0.82332,-1.357909,0.701541,0.88509,-1.463243,0.131861,18.1254
T000152,alpha,ZnS,ZnS,0.701541,0.88509,-1.463243,2.121863,2.62863,-4.416576,3.77913,828.442
T000152,alpha,ZnS,ZnS,2.121863,2.62863,-4.416576,2.121863,2.62863,-4.416576,0,0
T000153,Li7,BN,binder_void,0,0,0,-0.2058,0.0038,0.224184,0.304398,197.236
T000153,Li7,binder_void,BN,-0.2058,0.0038,0.224184,-0.59207,0.0016,0.621774,0.554499,91.2878
T000153,Li7,BN,binder_void,-0.59207,0.0016,0.621774,-0.92701,-0.0002,0.964924,0.479986,254.161
T000153,Li7,binder_void,BN,-0.92701,-0.0002,0.964924,-1.90108,-0.1005,2.211686,1.59151,142.762
T000153,Li7,BN,binder_void,-1.90108,-0.1005,2.211686,-2.20277,-0.043,2.528506,0.445848,99.1451
T000153,Li7,binder_void,BN,-2.20277,-0.043,2.528506,-2.88229,-0.1896,2.905946,0.829392,28.5772
T000153,Li7,BN,BN,-2.88229,-0.1896,2.905946,-2.99405,-0.2894,2.989696,0.179932,30.778
T000153,Li7,BN,BN,-2.99405,-0.2894,2.989696,-2.99405,-0.2894,2.989696,0,0
T000154,alpha,BN,binder_void,0,0,0,0.0351,-0.0007,-0.038234,0.0519009,13.9834
T000154,alpha,binder_void,BN,0.0351,-0.0007,-0.038234,0.2479,-0.0045,-0.271267,0.315618,51.8059
T000154,alpha,BN,binder_void,0.2479,-0.0045,-0.271267,0.6126,-0.0096,-0.667324,0.538435,209.201
T000154,alpha,binder_void,BN,0.6126,-0.0096,-0.667324,0.6603,-0.0101,-0.719834,0.0709496,9.84537
T000154,alpha,BN,binder_void,0.6603,-0.0101,-0.719834,1.2461,-0.0164,-1.366624,0.872884,350.256
T000154,alpha,binder_void,BN,1.2461,-0.0164,-1.366624,2.4853,-0.0532,-2.712424,1.83022,313.345
T000154,alpha,BN,binder_void,2.4853,-0.0532,-2.712424,2.9732,-0.0752,-3.230744,0.71273,335.567
T000154,alpha,binder_void,BN,2.9732,-0.0752,-3.230744,3.1294,-0.0841,-3.405164,0.234393,30.3274
T000154,alpha,BN,binder_void,3.1294,-0.0841,-3.405164,3.5991,-0.1167,-3.931614,0.712473,132.463
T000154,alpha,binder_void,binder_void,3.5991,-0.1167,-3.931614,4.0705,0.1787,-4.398914,0.855282,23.2064
T000154,alpha,binder_void,binder_void,4.0705,0.1787,-4.398914,4.0705,0.1787,-4.398914,0,0
T000155,Li7,BN,binder_void,0,0,0,-0.8894,0.0303,-0.106006,0.897015,521.233
T000155,Li7,binder_void,BN,-0.8894,0.0303,-0.106006,-1.03676,0.0384,-0.109154,0.147656,20.6319
T000155,Li7,BN,binder_void,-1.03676,0.0384,-0.109154,-1.88866,0.0765,-0.137075,0.859107,219.032
T000155,Li7,binder_void,BN,-1.88866,0.0765,-0.137075,-1.90388,0.0851,-0.134462,0.0176583,0.804802
T000155,Li7,BN,BN,-1.90388,0.0851,-0.134462,-2.46412,0.3971,-0.036363,0.713115,78.2985
T000155,Li7,BN,BN,-2.46412,0.3971,-0.036363,-2.46412,0.3971,-0.036363,0,0
T000156,alpha,BN,binder_void,0,0,0,0.0175,-0.0006,0.002085,0.017624,6.62142
T000156,alpha,binder_void,BN,0.0175,-0.0006,0.002085,0.7086,-0.0251,0.084123,0.696459,90.7828
T000156,alpha,BN,binder_void,0.7086,-0.0251,0.084123,1.3927,-0.0492,0.165385,0.689418,256.561
T000156,alpha,binder_void,BN,1.3927,-0.0492,0.165385,1.9953,-0.0653,0.244629,0.608046,95.3657
T000156,alpha,BN,binder_void,1.9953,-0.0653,0.244629,2.8639,-0.088,0.372774,0.878507,387.848
T000156,alpha,binder_void,ZnS,2.8639,-0.088,0.372774,3.0861,-0.0931,0.4028073,0.224261,40.1739
T000156,alpha,ZnS,ZnS,3.0861,-0.0931,0.4028073,6.1068,-0.1566,0.826794,3.13471,592.647
T000156,alpha,ZnS,ZnS,6.1068,-0.1566,0.826794,6.1068,-0.1566,0.826794,0,0
T000157,Li7,BN,binder_void,0,0,0,-0.0195,0.07817,0.25038,0.263081,168.572
T000157,Li7,binder_void,ZnS,-0.0195,0.07817,0.25038,-0.0282,0.11388,0.35706,0.112841,17.0595
T000157,Li7,ZnS,binder_void,-0.0282,0.11388,0.35706,-0.0944,0.37793,1.15646,0.851446,535.824
T000157,Li7,binder_void,binder_void,-0.0944,0.37793,1.15646,0.27,1.09911,2.53551,1.63507,118.544
T000157,Li7,binder_void,binder_void,0.27,1.09911,2.53551,0.27,1.09911,2.53551,0,0
T000158,alpha,BN,binder_void,0,0,0,0.0162,-0.0647,-0.20725,0.21772,81.1198
T000158,alpha,binder_void,BN,0.0162,-0.0647,-0.20725,0.0541,-0.20662,-0.66339,0.479229,72.5674
T000158,alpha,BN,binder_void,0.0541,-0.20662,-0.66339,0.1101,-0.40568,-1.30077,0.670157,261.07
T000158,alpha,binder_void,BN,0.1101,-0.40568,-1.30077,0.1227,-0.45111,-1.44565,0.152359,26.7257
T000158,alpha,BN,binder_void,0.1227,-0.45111,-1.44565,0.1458,-0.53029,-1.69799,0.2655,110.941
T000158,alpha,binder_void,ZnS,0.1458,-0.53029,-1.69799,0.2007,-0.70965,-2.27906,0.610639,105.263
T000158,alpha,ZnS,ZnS,0.2007,-0.70965,-2.27906,0.5439,-1.82727,-5.75499,3.73512,812.313
T000158,alpha,ZnS,ZnS,0.5439,-1.82727,-5.75499,0.5439,-1.82727,-5.75499,0,0
T000159,Li7,BN,binder_void,0,0,0,0.0133,-0.06322,-0.00054,0.0646109,42.2964
T000159,Li7,binder_void,ZnS,0.0133,-0.06322,-0.00054,0.025,-0.11904,-0.00125,0.0570401,9.60285
T000159,Li7,ZnS,ZnS,0.025,-0.11904,-0.00125,0.378,-1.66683,0.16529,1.60615,715.655
T000159,Li7,ZnS,ZnS,0.378,-1.66683,0.16529,0.2293,-1.69604,0.6515,0.976995,72.4458
T000159,Li7,ZnS,ZnS,0.2293,-1.69604,0.6515,0.2293,-1.69604,0.6515,0,0
T000160,alpha,BN,binder_void,0,0,0,-0.1827,0.86726,0.00738,0.886437,316.915
T000160,alpha,binder_void,BN,-0.1827,0.86726,0.00738,-0.2298,1.07754,0.00716,0.215499,37.3546
T000160,alpha,BN,binder_void,-0.2298,1.07754,0.00716,-0.3574,1.6503,0.00485,0.58688,240.411
T000160,alpha,binder_void,BN,-0.3574,1.6503,0.00485,-0.6057,2.72212,0.02281,1.1005,205.933
T000160,alpha,BN,binder_void,-0.6057,2.72212,0.02281,-0.8369,3.68809,0.03426,0.993981,451.113
T000160,alpha,binder_void,binder_void,-0.8369,3.68809,0.03426,-1.3091,5.62098,0.13295,2.00083,218.274
T000160,alpha,binder_void,binder_void,-1.3091,5.62098,0.13295,-1.3091,5.62098,0.13295,0,0
T000161,Li7,BN,binder_void,0,0,0,-0.04914,-0.0494,-0.10871,0.129138,84.3589
T000161,Li7,binder_void,BN,-0.04914,-0.0494,-0.10871,-0.11575,-0.1174,-0.25533,0.174832,30.5232
T000161,Li7,BN,binder_void,-0.11575,-0.1174,-0.25533,-0.46561,-0.4787,-1.03111,0.925744,461.302
T000161,Li7,binder_void,BN,-0.46561,-0.4787,-1.03111,-0.53011,-0.5566,-1.18516,0.184367,20.1998
T000161,Li7,BN,binder_void,-0.53011,-0.5566,-1.18516,-0.74879,-0.8101,-1.69018,0.609751,198.076
T000161,Li7,binder_void,BN,-0.74879,-0.8101,-1.69018,-1.02491,-0.927,-2.25364,0.67363,33.235
T000161,Li7,BN,binder_void,-1.02491,-0.927,-2.25364,-1.02491,-0.927,-2.25364,0,0
T000161,Li7,binder_void,binder_void,-1.02491,-0.927,-2.25364,-1.05853,-0.8443,-2.33179,0.129415,7.73893
T000161,Li7,binder_void,binder_void,-1.05853,-0.8443,-2.33179,-1.08933,-0.7915,-2.39034,0.171814,6.94926
T000161,Li7,binder_void,binder_void,-1.08933,-0.7915,-2.39034,-1.08933,-0.7915,-2.39034,0,0
T000162,alpha,BN,binder_void,0,0,0,0.30916,0.3108,0.68383,0.812356,317.861
T000162,alpha,binder_void,BN,0.30916,0.3108,0.68383,0.55931,0.5507,1.22616,0.643648,103.235
T000162,alpha,BN,binder_void,0.55931,0.5507,1.22616,0.64515,0.6335,1.41369,0.222274,99.5464
T000162,alpha,binder_void,BN,0.64515,0.6335,1.41369,0.81453,0.7899,1.79556,0.446096,69.8076
T000162,alpha,BN,binder_void,0.81453,0.7899,1.79556,1.13341,1.0806,2.51367,0.838027,391.908
T000162,alpha,binder_void,BN,1.13341,1.0806,2.51367,1.27218,1.2071,2.81202,0.352583,61.5954
T000162,alpha,BN,binder_void,1.27218,1.2071,2.81202,1.47217,1.3904,3.24628,0.512386,209.028
T000162,alpha,binder_void,BN,1.47217,1.3904,3.24628,2.56507,2.3329,5.34291,2.56264,209.756
T000162,alpha,BN,BN,2.56507,2.3329,5.34291,2.57149,2.3345,5.38361,0.0433346,1.75292
T000162,alpha,BN,BN,2.57149,2.3345,5.38361,2.58353,2.3493,5.41251,0.0370567,3.77585
T000162,alpha,BN,BN,2.58353,2.3493,5.41251,2.6088,2.3687,5.40911,0.0416499,1.36287
T000162,alpha,BN,BN,2.6088,2.3687,5.40911,2.60853,2.3698,5.40751,0.0411619,0.370174
T000162,alpha,BN,BN,2.60853,2.3698,5.40751,2.60853,2.3698,5.40751,0,0
T000163,Li7,BN,binder_void,0,0,0,0.29633,-0.1386,-0.00698,0.327311,206.469
T000163,Li7,binder_void,binder_void,0.29633,-0.1386,-0.00698,2.06207,-0.8966,-0.1182,1.92579,256.249
T000163,Li7,binder_void,BN,2.06207,-0.8966,-0.1182,3.12789,-1.403,-0.22609,1.18697,140.676
T000163,Li7,BN,binder_void,3.12789,-1.403,-0.22609,3.85664,-1.7682,-0.28257,0.825653,224.783
T000163,Li7,binder_void,binder_void,3.85664,-1.7682,-0.28257,3.93931,-1.8096,-0.26332,0.0978749,3.88931
T000163,Li7,binder_void,binder_void,3.93931,-1.8096,-0.26332,4.05601,-1.8618,-0.21443,0.167974,7.46383
T000163,Li7,binder_void,binder_void,4.05601,-1.8618,-0.21443,4.05401,-1.8609,-0.2116,0.143584,0.470606
T000163,Li7,binder_void,binder_void,4.05401,-1.8609,-0.2116,4.05401,-1.8609,-0.2116,0,0
T000164,alpha,BN,binder_void,0,0,0,-0.29026,0.1358,0.00684,0.320543,117.949
T000164,alpha,binder_void,BN,-0.29026,0.1358,0.00684,-2.1689,1.0346,0.04768,2.08324,323.645
T000164,alpha,BN,binder_void,-2.1689,1.0346,0.04768,-2.55592,1.2122,0.05553,0.425932,185.581
T000164,alpha,binder_void,ZnS,-2.55592,1.2122,0.05553,-3.86186,1.8106,0.02025,1.43723,255.75
T000164,alpha,ZnS,binder_void,-3.86186,1.8106,0.02025,-4.85021,2.2768,-0.02288,1.09978,290.767
T000164,alpha,binder_void,BN,-4.85021,2.2768,-0.02288,-5.500685,2.5383,-0.11598,0.707699,111.809
T000164,alpha,BN,BN,-5.500685,2.5383,-0.11598,-6.060872,2.7871,-0.2082,0.622921,184.499
T000164,alpha,BN,BN,-6.060872,2.7871,-0.2082,-6.060872,2.7871,-0.2082,0,0
T000165,Li7,BN,binder_void,0,0,0,0.0034,0.00165,0.00217,0.00440642,3.5265
T000165,Li7,binder_void,BN,0.0034,0.00165,0.00217,0.2786,0.13317,0.17593,0.351072,59.3495
T000165,Li7,BN,binder_void,0.2786,0.13317,0.17593,0.4366,0.21026,0.27546,0.202084,119.127
T000165,Li7,binder_void,BN,0.4366,0.21026,0.27546,0.6143,0.29693,0.38696,0.22697,36.5883
T000165,Li7,BN,binder_void,0.6143,0.29693,0.38696,0.8397,0.40529,0.52819,0.287321,159.815
T000165,Li7,binder_void,BN,0.8397,0.40529,0.52819,1.1589,0.57027,0.72007,0.407525,57.7672
T000165,Li7,BN,binder_void,1.1589,0.57027,0.72007,1.9093,0.95219,1.13538,0.942875,370.219
T000165,Li7,binder_void,BN,1.9093,0.95219,1.13538,2.0146,0.99227,1.20576,0.135028,5.12011
T000165,Li7,BN,BN,2.0146,0.99227,1.20576,2.1091,1.13352,1.31235,0.21105,22.811
T000165,Li7,BN,BN,2.1091,1.13352,1.31235,2.108,1.12889,1.35716,0.191971,5.67619
T000165,Li7,BN,BN,2.108,1.12889,1.35716,2.108,1.12889,1.35716,0,0
T000166,alpha,BN,binder_void,0,0,0,-0.6799,-0.32467,-0.4281,0.866656,343.43
T000166,alpha,binder_void,BN,-0.6799,-0.32467,-0.4281,-0.8733,-0.41363,-0.5518,0.246196,36.144
T000166,alpha,BN,binder_void,-0.8733,-0.41363,-0.5518,-1.1724,-0.54901,-0.74214,0.379574,157.177
T000166,alpha,binder_void,BN,-1.1724,-0.54901,-0.74214,-1.2659,-0.59493,-0.79827,0.118286,17.4489
T000166,alpha,BN,binder_void,-1.2659,-0.59493,-0.79827,-1.9288,-0.91992,-1.19559,0.838641,381.03
T000166,alpha,binder_void,ZnS,-1.9288,-0.91992,-1.19559,-3.58723,-1.71962,-2.21325,2.10525,333.659
T000166,alpha,ZnS,ZnS,-3.58723,-1.71962,-2.21325,-4.92372,-2.35697,-3.03514,1.8993,201.112
T000166,alpha,ZnS,ZnS,-4.92372,-2.35697,-3.03514,-4.92372,-2.35697,-3.03514,0,0
T000167,Li7,BN,binder_void,0,0,0,-0.6155,-0.6266,-0.22845,0.908378,484.949
T000167,Li7,binder_void,BN,-0.6155,-0.6266,-0.22845,-0.6349,-0.64706,-0.23569,0.0291537,3.49735
T000167,Li7,BN,binder_void,-0.6349,-0.64706,-0.23569,-1.1854,-1.24296,-0.43656,0.839727,312.103
T000167,Li7,binder_void,BN,-1.1854,-1.24296,-0.43656,-1.4138,-1.49888,-0.53882,0.370913,17.8062
T000167,Li7,BN,BN,-1.4138,-1.49888,-0.53882,-1.427,-1.60865,-0.57025,0.124501,15.9235
T000167,Li7,BN,BN,-1.427,-1.60865,-0.57025,-1.4275,-1.65653,-0.58034,0.13343,5.72131
T000167,Li7,BN,BN,-1.4275,-1.65653,-0.58034,-1.4275,-1.65653,-0.58034,0,0
T000168,alpha,BN,binder_void,0,0,0,0.0028,0.0029,0.00106,0.00420749,1.34405
T000168,alpha,binder_void,BN,0.0028,0.0029,0.00106,0.4724,0.48142,0.17525,0.69274,101.8
T000168,alpha,BN,binder_void,0.4724,0.48142,0.17525,0.8181,0.82788,0.30967,0.507609,209.417
T000168,alpha,binder_void,BN,0.8181,0.82788,0.30967,2.019,2.02724,0.78232,1.76205,290.042
T000168,alpha,BN,binder_void,2.019,2.02724,0.78232,2.4716,2.47974,0.96279,0.665104,294.729
T000168,alpha,binder_void,BN,2.4716,2.47974,0.96279,3.1295,3.15713,1.22489,0.98029,162.895
T000168,alpha,BN,binder_void,3.1295,3.15713,1.22489,3.5224,3.57704,1.37907,0.595909,199.599
T000168,alpha,binder_void,BN,3.5224,3.57704,1.37907,3.7635,3.83112,1.46024,0.35975,49.4685
T000168,alpha,BN,binder_void,3.7635,3.83112,1.46024,4.2018,4.27249,1.63565,0.650867,158.406
T000168,alpha,binder_void,binder_void,4.2018,4.27249,1.63565,4.217,4.30666,1.62163,0.0515051,0.68025
T000168,alpha,binder_void,binder_void,4.217,4.30666,1.62163,4.2461,4.33581,1.61343,0.0500581,0.723981
T000168,alpha,binder_void,binder_void,4.2461,4.33581,1.61343,4.2582,4.35291,1.57939,0.0561944,0.895951
T000168,alpha,binder_void,binder_void,4.2582,4.35291,1.57939,4.2582,4.35291,1.57939,0,0
T000169,Li7,BN,binder_void,0,0,0,0.40123,0.2909,-0.05374,0.498691,296.247
T000169,Li7,binder_void,BN,0.40123,0.2909,-0.05374,1.05478,0.7562,-0.14082,0.807421,121.977
T000169,Li7,BN,binder_void,1.05478,0.7562,-0.14082,1.2458,0.8881,-0.16845,0.233977,118.546
T000169,Li7,binder_void,BN,1.2458,0.8881,-0.16845,1.32502,0.9408,-0.17902,0.0957222,11.4583
T000169,Li7,BN,binder_void,1.32502,0.9408,-0.17902,1.61123,1.1359,-0.21344,0.348905,141.818
T000169,Li7,binder_void,BN,1.61123,1.1359,-0.21344,2.88244,1.8566,-0.38044,1.4911,85.9903
T000169,Li7,BN,BN,2.88244,1.8566,-0.38044,3.39217,2.1109,-0.38603,0.644419,63.9636
T000169,Li7,BN,BN,3.39217,2.1109,-0.38603,3.39217,2.1109,-0.38603,0,0
T000170,alpha,BN,binder_void,0,0,0,-0.21554,-0.1562,0.02887,0.267782,100.822
T000170,alpha,binder_void,BN,-0.21554,-0.1562,0.02887,-0.60736,-0.4411,0.08208,0.487368,74.165
T000170,alpha,BN,binder_void,-0.60736,-0.4411,0.08208,-0.96347,-0.7004,0.12956,0.443106,181.619
T000170,alpha,binder_void,BN,-0.96347,-0.7004,0.12956,-1.71876,-1.2507,0.23072,0.940055,144.721
T000170,alpha,BN,binder_void,-1.71876,-1.2507,0.23072,-2.13366,-1.5499,0.28964,0.514963,218.004
T000170,alpha,binder_void,BN,-2.13366,-1.5499,0.28964,-3.06128,-2.2225,0.43873,1.15568,202.381
T000170,alpha,BN,binder_void,-3.06128,-2.2225,0.43873,-3.285,-2.3846,0.46708,0.277774,121.549
T000170,alpha,binder_void,BN,-3.285,-2.3846,0.46708,-3.54885,-2.575,0.4934,0.326482,53.0228
T000170,alpha,BN,binder_void,-3.54885,-2.575,0.4934,-4.20998,-3.0689,0.54912,0.828581,258.507
T000170,alpha,binder_void,ZnS,-4.20998,-3.0689,0.54912,-4.67598,-3.459,0.63037,0.615287,65.336
T000170,alpha,ZnS,ZnS,-4.67598,-3.459,0.63037,-4.94181,-3.5545,0.69161,0.306441,18.3117
T000170,alpha,ZnS,ZnS,-4.94181,-3.5545,0.69161,-5.15911,-3.5794,0.75233,0.250205,25.8832
T000170,alpha,ZnS,ZnS,-5.15911,-3.5794,0.75233,-5.18481,-3.5606,0.77829,0.254506,3.78948
T000170,alpha,ZnS,binder_void,-5.18481,-3.5606,0.77829,-5.18861,-3.5588,0.78008,0.00634784,0.977965
T000170,alpha,binder_void,binder_void,-5.18861,-3.5588,0.78008,-5.18501,-3.5415,0.78402,0.0278665,0.910102
T000170,alpha,binder_void,binder_void,-5.18501,-3.5415,0.78402,-5.18501,-3.5415,0.78402,0,0
T000171,Li7,BN,binder_void,0,0,0,0.52962,-0.2626,-0.21102,0.62806,361.307
T000171,Li7,binder_void,BN,0.52962,-0.2626,-0.21102,1.26349,-0.6171,-0.45319,0.850858,128.169
T000171,Li7,BN,BN,1.26349,-0.6171,-0.45319,2.11084,-1.0131,-0.73703,0.983528,350.523
T000171,Li7,BN,BN,2.11084,-1.0131,-0.73703,2.11084,-1.0131,-0.73703,0,0
T000172,alpha,BN,binder_void,0,0,0,-0.17942,0.089,0.07149,0.212652,83.7004
T000172,alpha,binder_void,BN,-0.17942,0.089,0.07149,-0.6694,0.3366,0.2693,0.583542,89.7043
T000172,alpha,BN,binder_void,-0.6694,0.3366,0.2693,-1.12581,0.5695,0.45436,0.544841,227.026
T000172,alpha,binder_void,BN,-1.12581,0.5695,0.45436,-1.47871,0.7449,0.59634,0.418904,65.7138
T000172,alpha,BN,binder_void,-1.47871,0.7449,0.59634,-2.0467,1.031,0.83053,0.677864,285.235
T000172,alpha,binder_void,BN,-2.0467,1.031,0.83053,-2.15971,1.0879,0.87629,0.134527,20.4356
T000172,alpha,BN,binder_void,-2.15971,1.0879,0.87629,-2.83808,1.4358,1.141683,0.807653,380.281
T000172,alpha,binder_void,BN,-2.83808,1.4358,1.141683,-3.27781,1.6583,1.318599,0.523854,84.2564
T000172,alpha,BN,binder_void,-3.27781,1.6583,1.318599,-3.79054,1.9065,1.536527,0.611717,124.994
T000172,alpha,binder_void,BN,-3.79054,1.9065,1.536527,-4.10748,2.1634,1.734775,0.454904,50.5633
T000172,alpha,BN,BN,-4.10748,2.1634,1.734775,-4.47367,2.487,1.9243822,0.555764,58.0908
T000172,alpha,BN,BN,-4.47367,2.487,1.9243822,-4.47367,2.487,1.9243822,0,0
T000173,Li7,BN,binder_void,0,0,0,-0.24917,0.1695,0.150169,0.336837,211.931
T000173,Li7,binder_void,BN,-0.24917,0.1695,0.150169,-0.51036,0.3435,0.312319,0.353306,59.4222
T000173,Li7,BN,binder_void,-0.51036,0.3435,0.312319,-0.85606,0.5689,0.52664,0.465441,242.223
T000173,Li7,binder_void,ZnS,-0.85606,0.5689,0.52664,-1.60258,1.0402,0.9691549,0.989332,106.924
T000173,Li7,ZnS,binder_void,-1.60258,1.0402,0.9691549,-2.35782,1.4014,1.397486,1.02169,176.617
T000173,Li7,binder_void,ZnS,-2.35782,1.4014,1.397486,-2.35782,1.4014,1.397486,0,0
T000173,Li7,ZnS,ZnS,-2.35782,1.4014,1.397486,-2.44269,1.4979,1.417518,0.155496,21.2348
T000173,Li7,ZnS,ZnS,-2.44269,1.4979,1.417518,-2.48995,1.5686,1.405089,0.141341,21.6487
T000173,Li7,ZnS,ZnS,-2.48995,1.5686,1.405089,-2.48995,1.5686,1.405089,0,0
T000174,alpha,BN,binder_void,0,0,0,0.01381,-0.0094,-0.00833,0.0186654,6.01492
T000174,alpha,binder_void,BN,0.01381,-0.0094,-0.00833,0.63306,-0.4307,-0.38149,0.836808,122.456
T000174,alpha,BN,binder_void,0.63306,-0.4307,-0.38149,0.65014,-0.4424,-0.39172,0.023071,10.3882
T000174,alpha,binder_void,BN,0.65014,-0.4424,-0.39172,1.08035,-0.7363,-0.6488,0.581027,85.0563
T000174,alpha,BN,binder_void,1.08035,-0.7363,-0.6488,1.55765,-1.0579,-0.93233,0.641661,247.933
T000174,alpha,binder_void,BN,1.55765,-1.0579,-0.93233,1.79653,-1.218,-1.07462,0.320849,47.1564
T000174,alpha,BN,binder_void,1.79653,-1.218,-1.07462,2.25412,-1.5267,-1.34755,0.615898,258.16
T000174,alpha,binder_void,ZnS,2.25412,-1.5267,-1.34755,3.35379,-2.3876,-2.06458,1.57038,276.246
T000174,alpha,ZnS,binder_void,3.35379,-2.3876,-2.06458,3.77557,-2.7098,-2.34428,0.603221,163.72
T000174,alpha,binder_void,ZnS,3.77557,-2.7098,-2.34428,3.77557,-2.7098,-2.34428,0,0
T000174,alpha,ZnS,binder_void,3.77557,-2.7098,-2.34428,3.92987,-2.9062,-2.49649,0.294391,70.419
T000174,alpha,binder_void,ZnS,3.92987,-2.9062,-2.49649,3.92987,-2.9062,-2.49649,0,0
T000174,alpha,ZnS,binder_void,3.92987,-2.9062,-2.49649,4.01417,-3.0387,-2.60465,0.192167,44.3522
T000174,alpha,binder_void,BN,4.01417,-3.0387,-2.60465,4.20347,-3.3804,-2.83111,0.452282,45.708
T000174,alpha,BN,binder_void,4.20347,-3.3804,-2.83111,4.50387,-3.8347,-3.16931,0.657589,91.1605
T000174,alpha,binder_void,binder_void,4.50387,-3.8347,-3.16931,4.52607,-3.8469,-3.17235,0.0401121,0.596654
T000174,alpha,binder_void,binder_void,4.52607,-3.8469,-3.17235,4.52567,-3.853,-3.16595,0.0165286,0.632944
T000174,alpha,binder_void,binder_void,4.52567,-3.853,-3.16595,4.52567,-3.853,-3.16595,0,0
T000175,Li7,BN,binder_void,0,0,0,-0.07526,-0.0733,-0.26063,0.281073,174.205
T000175,Li7,binder_void,BN,-0.07526,-0.0733,-0.26063,-0.23245,-0.2224,-0.81835,0.598476,97.3548
T000175,Li7,BN,binder_void,-0.23245,-0.2224,-0.81835,-0.32414,-0.3148,-1.21857,0.421202,224.51
T000175,Li7,binder_void,binder_void,-0.32414,-0.3148,-1.21857,-0.72318,-0.7813,-2.92571,1.8171,188.852
T000175,Li7,binder_void,BN,-0.72318,-0.7813,-2.92571,-0.77358,-1.1349,-3.5104,0.688622,61.3494
T000175,Li7,BN,BN,-0.77358,-1.1349,-3.5104,-0.53638,-1.2358,-4.12527,0.70586,103.947
T000175,Li7,BN,BN,-0.53638,-1.2358,-4.12527,-0.53638,-1.2358,-4.12527,0,0
T000176,alpha,BN,binder_void,0,0,0,0.00599,0.0058,0.020742,0.0223674,5.25287
T000176,alpha,binder_void,BN,0.00599,0.0058,0.020742,0.13532,0.1314,0.469764,0.483879,80.4754
T000176,alpha,BN,binder_void,0.13532,0.1314,0.469764,0.33332,0.3251,1.163101,0.746718,298.752
T000176,alpha,binder_void,BN,0.33332,0.3251,1.163101,0.40021,0.39,1.388049,0.243492,38.9052
T000176,alpha,BN,binder_void,0.40021,0.39,1.388049,0.67805,0.6481,2.29924,0.987208,447.593
T000176,alpha,binder_void,BN,0.67805,0.6481,2.29924,0.76646,0.7096,2.55591,0.278368,45.6368
T000176,alpha,BN,binder_void,0.76646,0.7096,2.55591,1.07335,0.9234,3.42053,0.942902,394.433
T000176,alpha,binder_void,BN,1.07335,0.9234,3.42053,1.26637,1.0799,3.83418,0.48325,63.4574
T000176,alpha,BN,binder_void,1.26637,1.0799,3.83418,1.52211,1.286,4.38712,0.658323,26.0555
T000176,alpha,binder_void,BN,1.52211,1.286,4.38712,1.73765,1.2966,4.58008,0.290697,31.2539
T000176,alpha,BN,BN,1.73765,1.2966,4.58008,2.06408,1.3225,4.81526,0.445907,38.1853
T000176,alpha,BN,BN,2.06408,1.3225,4.81526,2.06408,1.3225,4.81526,0,0
T000177,Li7,BN,binder_void,0,0,0,0.0684,-0.02994,0.05583,0.0932125,67.2613
T000177,Li7,binder_void,BN,0.0684,-0.02994,0.05583,0.48226,-0.20683,0.38588,0.558237,96.9031
T000177,Li7,BN,binder_void,0.48226,-0.20683,0.38588,1.03747,-0.4516,0.84361,0.760929,421.591
T000177,Li7,binder_void,BN,1.03747,-0.4516,0.84361,1.6014,-0.67562,1.29683,0.759037,77.0137
T000177,Li7,BN,binder_void,1.6014,-0.67562,1.29683,2.04476,-0.89657,1.6348,0.606795,154.718
T000177,Li7,binder_void,BN,2.04476,-0.89657,1.6348,2.22296,-1.03058,1.71382,0.253107,11.8544
T000177,Li7,BN,BN,2.22296,-1.03058,1.71382,2.26602,-1.05256,1.73783,0.0580165,6.74386
T000177,Li7,BN,BN,2.26602,-1.05256,1.73783,2.26633,-1.08234,1.76729,0.0529168,3.91521
T000177,Li7,BN,BN,2.26633,-1.08234,1.76729,2.26633,-1.08234,1.76729,0,0
T000178,alpha,BN,binder_void,0,0,0,-0.4328,0.18959,-0.35354,0.590222,217.607
T000178,alpha,binder_void,BN,-0.4328,0.18959,-0.35354,-1.4336,0.64409,-1.11742,1.3386,201.477
T000178,alpha,BN,binder_void,-1.4336,0.64409,-1.11742,-2.1637,0.96399,-1.66596,0.967877,419.298
T000178,alpha,binder_void,BN,-2.1637,0.96399,-1.66596,-2.6811,1.19216,-2.06042,0.689564,115.399
T000178,alpha,BN,binder_void,-2.6811,1.19216,-2.06042,-3.2905,1.44956,-2.51344,0.802508,367.419
T000178,alpha,binder_void,BN,-3.2905,1.44956,-2.51344,-3.347,1.47645,-2.56177,0.0790668,8.91621
T000178,alpha,BN,BN,-3.347,1.47645,-2.56177,-3.9703,1.76148,-3.09458,0.884002,139.884
T000178,alpha,BN,BN,-3.9703,1.76148,-3.09458,-3.9703,1.76148,-3.09458,0,0
T000179,Li7,BN,binder_void,0,0,0,0.0968,0.01912,0.0422,0.107295,69.6598
T000179,Li7,binder_void,BN,0.0968,0.01912,0.0422,0.57231,0.11251,0.25202,0.528163,95.344
T000179,Li7,BN,binder_void,0.57231,0.11251,0.25202,1.3005,0.2685,0.57335,0.812094,408.635
T000179,Li7,binder_void,BN,1.3005,0.2685,0.57335,1.40711,0.28628,0.61665,0.116469,12.4734
T000179,Li7,BN,binder_void,1.40711,0.28628,0.61665,1.76293,0.3481,0.75662,0.388637,125.571
T000179,Li7,binder_void,BN,1.76293,0.3481,0.75662,2.19324,0.45841,0.87107,0.46089,38.7847
T000179,Li7,BN,BN,2.19324,0.45841,0.87107,2.85149,0.67993,0.99256,0.763205,89.5326
T000179,Li7,BN,BN,2.85149,0.67993,0.99256,2.85149,0.67993,0.99256,0,0
T000180,alpha,BN,binder_void,0,0,0,-0.4624,-0.09137,-0.2017,0.512757,181.114
T000180,alpha,binder_void,BN,-0.4624,-0.09137,-0.2017,-1.326,-0.25332,-0.5694,0.952537,136.883
T000180,alpha,BN,binder_void,-1.326,-0.25332,-0.5694,-1.7402,-0.31249,-0.76175,0.460539,191.075
T000180,alpha,binder_void,BN,-1.7402,-0.31249,-0.76175,-1.8162,-0.32464,-0.79722,0.0847545,13.9378
T000180,alpha,BN,binder_void,-1.8162,-0.32464,-0.79722,-2.2613,-0.39663,-1.00353,0.495946,218.683
T000180,alpha,binder_void,BN,-2.2613,-0.39663,-1.00353,-3.1696,-0.54782,-1.43384,1.01653,182.485
T000180,alpha,BN,binder_void,-3.1696,-0.54782,-1.43384,-3.801,-0.66302,-1.72426,0.704898,293.055
T000180,alpha,binder_void,BN,-3.801,-0.66302,-1.72426,-3.8755,-0.67481,-1.76029,0.0836788,12.7465
T000180,alpha,BN,binder_void,-3.8755,-0.67481,-1.76029,-4.1835,-0.72381,-1.91182,0.347197,117.618
T000180,alpha,binder_void,BN,-4.1835,-0.72381,-1.91182,-4.314,-0.74191,-1.99696,0.156972,13.8087
T000180,alpha,BN,BN,-4.314,-0.74191,-1.99696,-4.9212,-0.80374,-2.43855,0.772797,108.594
T000180,alpha,BN,BN,-4.9212,-0.80374,-2.43855,-4.9212,-0.80374,-2.43855,0,0
T000181,Li7,BN,binder_void,0,0,0,-0.2813,-0.26204,0.19286,0.430245,278.232
T000181,Li7,binder_void,BN,-0.2813,-0.26204,0.19286,-0.8015,-0.76981,0.62322,0.845271,125.883
T000181,Li7,BN,binder_void,-0.8015,-0.76981,0.62322,-1.1788,-1.16181,0.94851,0.635233,251.569
T000181,Li7,binder_void,BN,-1.1788,-1.16181,0.94851,-1.5884,-1.53551,1.22112,0.61986,54.0974
T000181,Li7,BN,binder_void,-1.5884,-1.53551,1.22112,-1.788,-1.71001,1.34677,0.295994,78.1456
T000181,Li7,binder_void,BN,-1.788,-1.71001,1.34677,-1.8516,-1.73811,1.37315,0.0747448,4.70338
T000181,Li7,BN,BN,-1.8516,-1.73811,1.37315,-2.2584,-1.92261,1.49469,0.554571,47.3703
T000181,Li7,BN,BN,-2.2584,-1.92261,1.49469,-2.2584,-1.92261,1.49469,0,0
T000182,alpha,BN,binder_void,0,0,0,0.1273,0.11857,-0.08728,0.194613,62.9136
T000182,alpha,binder_void,ZnS,0.1273,0.11857,-0.08728,0.5374,0.49884,-0.368858,0.626234,96.6216
T000182,alpha,ZnS,binder_void,0.5374,0.49884,-0.368858,2.1142,1.95872,-1.454985,2.41503,938.092
T000182,alpha,binder_void,BN,2.1142,1.95872,-1.454985,2.3154,2.12047,-1.563014,0.279918,45.835
T000182,alpha,BN,binder_void,2.3154,2.12047,-1.563014,2.8675,2.57894,-1.846781,0.773307,309.192
T000182,alpha,binder_void,BN,2.8675,2.57894,-1.846781,2.948,2.62616,-1.87089,0.0981461,4.09035
T000182,alpha,BN,BN,2.948,2.62616,-1.87089,3.0471,2.66496,-1.879127,0.114069,12.0276
T000182,alpha,BN,BN,3.0471,2.66496,-1.879127,3.0546,2.6637,-1.873629,0.0749897,1.22773
T000182,alpha,BN,BN,3.0546,2.6637,-1.873629,3.0546,2.6637,-1.873629,0,0
T000183,Li7,BN,binder_void,0,0,0,0.0266,-0.3956,-0.00444,0.396654,248.44
T000183,Li7,binder_void,BN,0.0266,-0.3956,-0.00444,0.0962,-1.34631,-0.00235,0.953815,152.793
T000183,Li7,BN,binder_void,0.0962,-1.34631,-0.00235,0.1572,-2.12181,0.00294,0.78002,303.319
T000183,Li7,binder_void,BN,0.1572,-2.12181,0.00294,0.1575,-2.15521,0.00355,0.0334631,2.92475
T000183,Li7,BN,BN,0.1575,-2.15521,0.00355,0.1659,-2.94061,0.01892,0.812847,132.523
T000183,Li7,BN,BN,0.1659,-2.94061,0.01892,0.1659,-2.94061,0.01892,0,0
T000184,alpha,BN,binder_void,0,0,0,-0.0142,0.21059,0.00236,0.211088,78.8635
T000184,alpha,binder_void,BN,-0.0142,0.21059,0.00236,-0.0177,0.26582,0.00296,0.0553448,9.17815
T000184,alpha,BN,binder_void,-0.0177,0.26582,0.00296,-0.0784,1.2003,0.01255,0.936638,358.265
T000184,alpha,binder_void,BN,-0.0784,1.2003,0.01255,-0.1416,2.04489,0.01735,0.847034,146.834
T000184,alpha,BN,binder_void,-0.1416,2.04489,0.01735,-0.1776,2.48532,0.01923,0.441973,187.29
T000184,alpha,binder_void,BN,-0.1776,2.48532,0.01923,-0.2114,2.93355,0.02112,0.449543,84.1295
T000184,alpha,BN,binder_void,-0.2114,2.93355,0.02112,-0.2579,3.604,0.01887,0.672403,298.153
T000184,alpha,binder_void,BN,-0.2579,3.604,0.01887,-0.2732,3.84944,0.01978,0.245965,35.1823
T000184,alpha,BN,binder_void,-0.2732,3.84944,0.01978,-0.3129,4.47906,0.00586,0.632475,232.076
T000184,alpha,binder_void,BN,-0.3129,4.47906,0.00586,-0.3864,5.40307,-0.23508,1.01901,20.0453
T000184,alpha,BN,BN,-0.3864,5.40307,-0.23508,-0.4926,5.58258,-0.23869,0.219462,19.9843
T000184,alpha,BN,BN,-0.4926,5.58258,-0.23869,-0.4926,5.58258,-0.23869,0,0
T000185,Li7,BN,binder_void,0,0,0,0.09522,0.10427,-0.514494,0.533785,321.983
T000185,Li7,binder_void,binder_void,0.09522,0.10427,-0.514494,0.33492,0.5812,-2.320984,1.88677,254.929
T000185,Li7,binder_void,BN,0.33492,0.5812,-2.320984,0.33553,0.5837,-2.327644,0.00711577,1.14913
T000185,Li7,BN,binder_void,0.33553,0.5837,-2.327644,0.35342,0.6542,-2.521384,0.207304,83.8754
T000185,Li7,binder_void,ZnS,0.35342,0.6542,-2.521384,0.39871,0.8004,-2.895264,0.404865,35.0628
T000185,Li7,ZnS,ZnS,0.39871,0.8004,-2.895264,0.47254,1.301,-3.443444,0.790587,143.001
T000185,Li7,ZnS,ZnS,0.47254,1.301,-3.443444,0.47254,1.301,-3.443444,0,0
T000186,alpha,BN,binder_void,0,0,0,-0.06496,-0.07114,0.351014,0.364012,129.274
T000186,alpha,binder_void,BN,-0.06496,-0.07114,0.351014,-0.17823,-0.19664,0.9729303,0.644509,94.3519
T000186,alpha,BN,binder_void,-0.17823,-0.19664,0.9729303,-0.28014,-0.30928,1.545364,0.592309,236.85
T000186,alpha,binder_void,BN,-0.28014,-0.30928,1.545364,-0.4431,-0.48139,2.466446,0.951179,153.963
T000186,alpha,BN,binder_void,-0.4431,-0.48139,2.466446,-0.52604,-0.57828,2.977596,0.526922,220.739
T000186,alpha,binder_void,ZnS,-0.52604,-0.57828,2.977596,-0.5812,-0.65461,3.372836,0.406342,73.0331
T000186,alpha,ZnS,ZnS,-0.5812,-0.65461,3.372836,-0.98846,-1.20435,6.254636,3.04905,561.789
T000186,alpha,ZnS,ZnS,-0.98846,-1.20435,6.254636,-0.98846,-1.20435,6.254636,0,0
T000187,Li7,BN,binder_void,0,0,0,-0.04815,-0.02602,-0.612744,0.615549,365.701
T000187,Li7,binder_void,ZnS,-0.04815,-0.02602,-0.612744,-0.1182,-0.05439,-1.434174,0.825504,110.038
T000187,Li7,ZnS,ZnS,-0.1182,-0.05439,-1.434174,-0.28878,-0.05668,-2.814954,1.46541,360.176
T000187,Li7,ZnS,ZnS,-0.28878,-0.05668,-2.814954,-0.28543,-0.0594,-2.824144,0.232009,4.08543
T000187,Li7,ZnS,ZnS,-0.28543,-0.0594,-2.824144,-0.28543,-0.0594,-2.824144,0,0
T000188,alpha,BN,binder_void,0,0,0,0.02471,0.01335,0.314421,0.315686,117.993
T000188,alpha,binder_void,BN,0.02471,0.01335,0.314421,0.09141,0.05433,1.152847,0.842111,125.71
T000188,alpha,BN,binder_void,0.09141,0.05433,1.152847,0.14098,0.08264,1.830833,0.680476,267.056
T000188,alpha,binder_void,BN,0.14098,0.08264,1.830833,0.1448,0.0855,1.878092,0.0475005,8.39956
T000188,alpha,BN,binder_void,0.1448,0.0855,1.878092,0.17114,0.10534,2.205266,0.328859,151.896
T000188,alpha,binder_void,BN,0.17114,0.10534,2.205266,0.22149,0.13448,2.774036,0.571786,85.5096
T000188,alpha,BN,binder_void,0.22149,0.13448,2.774036,0.27489,0.17016,3.369886,0.599502,295.023
T000188,alpha,binder_void,BN,0.27489,0.17016,3.369886,0.36423,0.2464,4.988766,1.62454,259.705
T000188,alpha,BN,binder_void,0.36423,0.2464,4.988766,0.38156,0.287,5.517496,0.533505,114.282
T000188,alpha,binder_void,BN,0.38156,0.287,5.517496,0.37483,0.279,5.841046,0.327374,22.2304
T000188,alpha,BN,BN,0.37483,0.279,5.841046,0.39783,0.2527,6.114286,0.335518,22.1951
T000188,alpha,BN,BN,0.39783,0.2527,6.114286,0.39783,0.2527,6.114286,0,0
T000189,Li7,BN,binder_void,0,0,0,0.24668,-0.4509,-0.254048,0.573584,345.871
T000189,Li7,binder_void,BN,0.24668,-0.4509,-0.254048,0.50459,-0.9722,-0.563949,0.659371,91.5514
T000189,Li7,BN,binder_void,0.50459,-0.9722,-0.563949,0.88411,-1.6574,-0.967855,0.884761,373.632
T000189,Li7,binder_void,BN,0.88411,-1.6574,-0.967855,0.89604,-1.6835,-0.983025,0.0326582,1.18485
T000189,Li7,BN,BN,0.89604,-1.6835,-0.983025,0.94473,-1.8526,-1.073955,0.208742,23.8368
T000189,Li7,BN,BN,0.94473,-1.8526,-1.073955,0.92949,-1.8734,-1.071205,0.159616,3.92408
T000189,Li7,BN,BN,0.92949,-1.8734,-1.071205,0.92949,-1.8734,-1.071205,0,0
T000190,alpha,BN,binder_void,0,0,0,-0.12291,0.2246,0.126578,0.285644,112.42
T000190,alpha,binder_void,BN,-0.12291,0.2246,0.126578,-0.21048,0.384,0.216106,0.202721,28.5742
T000190,alpha,BN,binder_void,-0.21048,0.384,0.216106,-0.42341,0.7694,0.4338657,0.491217,191.797
T000190,alpha,binder_void,ZnS,-0.42341,0.7694,0.4338657,-0.68105,1.233,0.702237,0.594445,99.4307
T000190,alpha,ZnS,binder_void,-0.68105,1.233,0.702237,-1.50482,2.721,1.554415,1.90931,669.984
T000190,alpha,binder_void,BN,-1.50482,2.721,1.554415,-2.06056,3.7499,1.913835,1.22435,178.88
T000190,alpha,BN,BN,-2.06056,3.7499,1.913835,-2.50806,4.57918,2.146815,0.980485,188.915
T000190,alpha,BN,BN,-2.50806,4.57918,2.146815,-2.50806,4.57918,2.146815,0,0
T000191,Li7,BN,binder_void,0,0,0,0.08665,-0.3472,-0.508123,0.621845,401.592
T000191,Li7,binder_void,BN,0.08665,-0.3472,-0.508123,0.09286,-0.3831,-0.56406,0.0667423,11.4837
T000191,Li7,BN,binder_void,0.09286,-0.3831,-0.56406,0.18162,-0.9153,-1.347305,0.954872,393.034
T000191,Li7,binder_void,binder_void,0.18162,-0.9153,-1.347305,0.37685,-1.3199,-1.877495,0.781012,33.8906
T000191,Li7,binder_void,binder_void,0.37685,-1.3199,-1.877495,0.37685,-1.3199,-1.877495,0,0
T000192,alpha,BN,binder_void,0,0,0,-0.03674,0.1472,0.215422,0.263489,106.419
T000192,alpha,binder_void,BN,-0.03674,0.1472,0.215422,-0.05137,0.2094,0.306142,0.11101,16.7715
T000192,alpha,BN,binder_void,-0.05137,0.2094,0.306142,-0.17123,0.7119,1.04299,0.899996,360.867
T000192,alpha,binder_void,ZnS,-0.17123,0.7119,1.04299,-0.19189,0.8182,1.191429,0.183782,33.5229
T000192,alpha,ZnS,binder_void,-0.19189,0.8182,1.191429,-0.47221,2.2138,3.136895,2.4246,731.196
T000192,alpha,binder_void,ZnS,-0.47221,2.2138,3.136895,-0.52933,2.5092,3.400945,0.400595,49.7996
T000192,alpha,ZnS,ZnS,-0.52933,2.5092,3.400945,-0.57386,3.6678,4.411705,1.7729,171.424
T000192,alpha,ZnS,ZnS,-0.57386,3.6678,4.411705,-0.57386,3.6678,4.411705,0,0
T000193,Li7,BN,binder_void,0,0,0,0.28986,0.2712,-0.34133,0.523802,328.562
T000193,Li7,binder_void,ZnS,0.28986,0.2712,-0.34133,0.40537,0.3727,-0.48799,0.212508,32.4887
T000193,Li7,ZnS,ZnS,0.40537,0.3727,-0.48799,1.25486,0.81719,-1.63052,1.51396,478.95
T000193,Li7,ZnS,ZnS,1.25486,0.81719,-1.63052,1.25486,0.81719,-1.63052,0,0
T000194,alpha,BN,binder_void,0,0,0,-0.03116,-0.0292,0.03668,0.0562672,22.563
T000194,alpha,binder_void,BN,-0.03116,-0.0292,0.03668,-0.05939,-0.0555,0.06988,0.0509318,8.59395
T000194,alpha,BN,binder_void,-0.05939,-0.0555,0.06988,-0.20737,-0.1935,0.244,0.266956,103.906
T000194,alpha,binder_void,BN,-0.20737,-0.1935,0.244,-0.72027,-0.6583,0.84553,0.917072,135.041
T000194,alpha,BN,binder_void,-0.72027,-0.6583,0.84553,-1.12713,-1.0273,1.32684,0.730399,297.074
T000194,alpha,binder_void,BN,-1.12713,-1.0273,1.32684,-1.53456,-1.4067,1.80485,0.733824,122.934
T000194,alpha,BN,binder_void,-1.53456,-1.4067,1.80485,-1.98282,-1.8163,2.32383,0.799106,336.647
T000194,alpha,binder_void,BN,-1.98282,-1.8163,2.32383,-2.17323,-1.9827,2.53606,0.330185,56.3507
T000194,alpha,BN,binder_void,-2.17323,-1.9827,2.53606,-2.63503,-2.3934,3.04732,0.803274,198.236
T000194,alpha,binder_void,BN,-2.63503,-2.3934,3.04732,-2.88128,-2.6363,3.34222,0.454988,45.3199
T000194,alpha,BN,BN,-2.88128,-2.6363,3.34222,-3.36915,-3.0964,3.89973,0.886829,143.335
T000194,alpha,BN,BN,-3.36915,-3.0964,3.89973,-3.36915,-3.0964,3.89973,0,0
T000195,Li7,BN,binder_void,0,0,0,0.0476,-0.0051,0.0108,0.0490802,33.2864
T000195,Li7,binder_void,BN,0.0476,-0.0051,0.0108,0.05907,-0.0063,0.01328,0.0117969,1.98399
T000195,Li7,BN,binder_void,0.05907,-0.0063,0.01328,0.6378,-0.0676,0.13992,0.595959,349.806
T000195,Li7,binder_void,BN,0.6378,-0.0676,0.13992,0.83225,-0.0781,0.18747,0.200489,29.5673
T000195,Li7,BN,binder_void,0.83225,-0.0781,0.18747,1.56472,-0.1133,0.36308,0.756176,322.199
T000195,Li7,binder_void,BN,1.56472,-0.1133,0.36308,2.23991,-0.0181,0.50864,0.705257,51.013
T000195,Li7,BN,BN,2.23991,-0.0181,0.50864,2.71903,0.0564,0.61177,0.58184,52.1436
T000195,Li7,BN,BN,2.71903,0.0564,0.61177,2.71903,0.0564,0.61177,0,0
T000196,alpha,BN,binder_void,0,0,0,-0.58223,0.0621,-0.13207,0.600283,228.947
T000196,alpha,binder_void,BN,-0.58223,0.0621,-0.13207,-0.75129,0.0763,-0.1678,0.173386,27.828
T000196,alpha,BN,binder_void,-0.75129,0.0763,-0.1678,-1.56599,0.1442,-0.3427,0.836162,353.853
T000196,alpha,binder_void,BN,-1.56599,0.1442,-0.3427,-1.73268,0.1565,-0.38273,0.171877,29.0207
T000196,alpha,BN,binder_void,-1.73268,0.1565,-0.38273,-2.52197,0.2148,-0.57323,0.814322,369.617
T000196,alpha,binder_void,ZnS,-2.52197,0.2148,-0.57323,-2.94088,0.2508,-0.66307,0.430021,66.3656
T000196,alpha,ZnS,ZnS,-2.94088,0.2508,-0.66307,-5.34589,0.4353,-1.08827,2.56508,394.369
T000196,alpha,ZnS,ZnS,-5.34589,0.4353,-1.08827,-5.34589,0.4353,-1.08827,0,0
T000197,Li7,BN,binder_void,0,0,0,0.20846,-0.04412,0.04503,0.217824,133.33
T000197,Li7,binder_void,ZnS,0.20846,-0.04412,0.04503,1.11324,-0.23003,0.22259,0.940962,149.905
T000197,Li7,ZnS,ZnS,1.11324,-0.23003,0.22259,2.56384,-0.68624,0.30705,1.54055,476.05
T000197,Li7,ZnS,ZnS,2.56384,-0.68624,0.30705,3.12214,-0.80344,0.3703,1.03065,80.715
T000197,Li7,ZnS,ZnS,3.12214,-0.80344,0.3703,3.12214,-0.80344,0.3703,0,0
T000198,alpha,BN,binder_void,0,0,0,-0.19917,0.04217,-0.04302,0.208085,80.7012
T000198,alpha,binder_void,BN,-0.19917,0.04217,-0.04302,-2.17193,0.46474,-0.47387,2.06324,293.358
T000198,alpha,BN,binder_void,-2.17193,0.46474,-0.47387,-2.65429,0.54695,-0.59182,0.503393,217.778
T000198,alpha,binder_void,BN,-2.65429,0.54695,-0.59182,-2.66849,0.54949,-0.59528,0.0148296,2.52936
T000198,alpha,BN,binder_void,-2.66849,0.54949,-0.59528,-3.17834,0.64056,-0.7201,0.532856,241.091
T000198,alpha,binder_void,BN,-3.17834,0.64056,-0.7201,-6.32036,1.22159,-1.40982,3.27186,517.071
T000198,alpha,BN,BN,-6.32036,1.22159,-1.40982,-7.05209,1.43022,-1.61244,0.805645,117.471
T000198,alpha,BN,BN,-7.05209,1.43022,-1.61244,-7.05209,1.43022,-1.61244,0,0
T000199,Li7,BN,binder_void,0,0,0,0.0192,0.01914,0.06602,0.0713667,49.0613
T000199,Li7,binder_void,BN,0.0192,0.01914,0.06602,0.11939,0.12966,0.42136,0.385429,61.1836
T000199,Li7,BN,binder_void,0.11939,0.12966,0.42136,0.36647,0.39641,1.2876,0.940691,475.692
T000199,Li7,binder_void,BN,0.36647,0.39641,1.2876,0.56532,0.59783,1.84764,0.628623,65.9347
T000199,Li7,BN,binder_void,0.56532,0.59783,1.84764,0.75374,0.67153,2.53125,0.722592,162.994
T000199,Li7,binder_void,binder_void,0.75374,0.67153,2.53125,1.01779,0.93115,2.92657,0.583674,28.5668
T000199,Li7,binder_void,binder_void,1.01779,0.93115,2.92657,1.01779,0.93115,2.92657,0,0
T000200,alpha,BN,binder_void,0,0,0,-0.17083,-0.17029,-0.58741,0.635071,236.915
T000200,alpha,binder_void,BN,-0.17083,-0.17029,-0.58741,-0.23999,-0.23292,-0.80281,0.234733,33.5081
T000200,alpha,BN,binder_void,-0.23999,-0.23292,-0.80281,-0.35776,-0.33845,-1.16966,0.399522,154.164
T000200,alpha,binder_void,BN,-0.35776,-0.33845,-1.16966,-0.39792,-0.37291,-1.29295,0.134163,17.1458
T000200,alpha,BN,binder_void,-0.39792,-0.37291,-1.29295,-0.60598,-0.54847,-1.92785,0.690936,307.134
T000200,alpha,binder_void,BN,-0.60598,-0.54847,-1.92785,-1.15252,-1.02774,-3.573954,1.80007,332.974
T000200,alpha,BN,binder_void,-1.15252,-1.02774,-3.573954,-1.39243,-1.2174,-4.255667,0.748199,277.898
T000200,alpha,binder_void,ZnS,-1.39243,-1.2174,-4.255667,-1.43216,-1.26262,-4.3762122,0.134842,16.9393
T000200,alpha,ZnS,ZnS,-1.43216,-1.26262,-4.3762122,-1.64274,-1.7949,-4.94673,0.860319,11.8152
T000200,alpha,ZnS,ZnS,-1.64274,-1.7949,-4.94673,-1.51811,-2.18445,-5.5842,0.815624,49.9437
T000200,alpha,ZnS,ZnS,-1.51811,-2.18445,-5.5842,-1.32468,-2.36847,-5.7929,0.857883,31.5626
T000200,alpha,ZnS,ZnS,-1.32468,-2.36847,-5.7929,-1.32468,-2.36847,-5.7929,0,0
T000201,Li7,BN,binder_void,0,0,0,0.141007,0.2392,-0.24242,0.368659,234.856
T000201,Li7,binder_void,BN,0.141007,0.2392,-0.24242,0.522539,0.8595,-0.86207,0.95676,142.147
T000201,Li7,BN,binder_void,0.522539,0.8595,-0.86207,0.889793,1.4868,-1.46379,0.946736,330.983
T000201,Li7,binder_void,BN,0.889793,1.4868,-1.46379,1.086574,1.7526,-1.73475,0.429321,37.1441
T000201,Li7,BN,BN,1.086574,1.7526,-1.73475,1.381211,2.2129,-2.21944,0.78606,94.8689
T000201,Li7,BN,BN,1.381211,2.2129,-2.21944,1.381211,2.2129,-2.21944,0,0
T000202,alpha,BN,binder_void,0,0,0,-0.155116,-0.26299,0.26666,0.405434,157.212
T000202,alpha,binder_void,ZnS,-0.155116,-0.26299,0.26666,-0.368245,-0.62155,0.63487,0.556406,78.1812
T000202,alpha,ZnS,binder_void,-0.368245,-0.62155,0.63487,-1.574125,-2.64266,2.73388,3.16903,689.126
T000202,alpha,binder_void,BN,-1.574125,-2.64266,2.73388,-1.711135,-2.92198,2.93705,0.37162,66.9703
T000202,alpha,BN,binder_void,-1.711135,-2.92198,2.93705,-2.031335,-3.57734,3.41521,0.873119,291.344
T000202,alpha,binder_void,ZnS,-2.031335,-3.57734,3.41521,-2.670485,-5.29759,4.538385,2.1666,145.798
T000202,alpha,ZnS,ZnS,-2.670485,-5.29759,4.538385,-2.686745,-5.44926,4.635808,0.201717,17.362
T000202,alpha,ZnS,ZnS,-2.686745,-5.44926,4.635808,-2.703835,-5.55336,4.710789,0.162269,4.24265
T000202,alpha,ZnS,ZnS,-2.703835,-5.55336,4.710789,-2.716185,-5.66991,4.793596,0.18408,8.04711
T000202,alpha,ZnS,binder_void,-2.716185,-5.66991,4.793596,-2.684385,-5.69342,4.814017,0.0574513,2.88655
T000202,alpha,binder_void,BN,-2.684385,-5.69342,4.814017,-2.698245,-5.64314,4.891458,0.099439,6.02072
T000202,alpha,BN,BN,-2.698245,-5.64314,4.891458,-2.707345,-5.63527,4.902629,0.0211256,1.85614
T000202,alpha,BN,BN,-2.707345,-5.63527,4.902629,-2.704645,-5.62989,4.909621,0.020329,0.953384
T000202,alpha,BN,BN,-2.704645,-5.62989,4.909621,-2.704645,-5.62989,4.909621,0,0
T000203,Li7,BN,binder_void,0,0,0,0.277233,-0.1593,0.28981,0.43173,267.943
T000203,Li7,binder_void,ZnS,0.277233,-0.1593,0.28981,0.508199,-0.29228,0.54628,0.369952,56.3437
T000203,Li7,ZnS,ZnS,0.508199,-0.29228,0.54628,1.418436,-1.01294,1.50723,1.52697,457.579
T000203,Li7,ZnS,ZnS,1.418436,-1.01294,1.50723,1.627217,-1.19491,1.78831,0.875191,58.1351
T000203,Li7,ZnS,ZnS,1.627217,-1.19491,1.78831,1.627217,-1.19491,1.78831,0,0
T000204,alpha,BN,binder_void,0,0,0,-0.222402,0.1279,-0.23249,0.346223,139.585
T000204,alpha,binder_void,BN,-0.222402,0.1279,-0.23249,-0.252209,0.1448,-0.26356,0.0462689,5.49626
T000204,alpha,BN,binder_void,-0.252209,0.1448,-0.26356,-0.568145,0.3245,-0.59189,0.489817,198.08
T000204,alpha,binder_void,BN,-0.568145,0.3245,-0.59189,-0.734475,0.4167,-0.76383,0.256376,44.6652
T000204,alpha,BN,binder_void,-0.734475,0.4167,-0.76383,-1.373985,0.7748,-1.42827,0.989545,412.307
T000204,alpha,binder_void,BN,-1.373985,0.7748,-1.42827,-1.901105,1.046,-1.97524,0.806741,150.172
T000204,alpha,BN,binder_void,-1.901105,1.046,-1.97524,-2.328905,1.2668,-2.42337,0.658138,284.903
T000204,alpha,binder_void,BN,-2.328905,1.2668,-2.42337,-2.400735,1.3024,-2.50439,0.113987,19.6057
T000204,alpha,BN,BN,-2.400735,1.3024,-2.50439,-3.028415,1.617,-3.21092,1.00367,215.186
T000204,alpha,BN,BN,-3.028415,1.617,-3.21092,-3.028415,1.617,-3.21092,0,0
T000205,Li7,BN,binder_void,0,0,0,0.06459,-0.06401,-0.04183,0.100102,66.832
T000205,Li7,binder_void,BN,0.06459,-0.06401,-0.04183,0.4263,-0.42537,-0.28028,0.564268,97.7932
T000205,Li7,BN,binder_void,0.4263,-0.42537,-0.28028,0.8948,-0.86768,-0.57224,0.708114,373.54
T000205,Li7,binder_void,ZnS,0.8948,-0.86768,-0.57224,1.38163,-1.3217,-0.87221,0.731262,87.4945
T000205,Li7,ZnS,ZnS,1.38163,-1.3217,-0.87221,2.11007,-2.05865,-1.3098,1.26944,214.341
T000205,Li7,ZnS,ZnS,2.11007,-2.05865,-1.3098,2.11007,-2.05865,-1.3098,0,0
T000206,alpha,BN,binder_void,0,0,0,-0.35858,0.35532,0.23222,0.555697,204.208
T000206,alpha,binder_void,BN,-0.35858,0.35532,0.23222,-0.45647,0.45198,0.29442,0.150988,21.9391
T000206,alpha,BN,binder_void,-0.45647,0.45198,0.29442,-1.059012,1.04887,0.67901,0.931427,354.88
T000206,alpha,binder_void,BN,-1.059012,1.04887,0.67901,-1.511049,1.50472,0.98514,0.711289,114.685
T000206,alpha,BN,binder_void,-1.511049,1.50472,0.98514,-2.098656,2.12072,1.37459,0.936603,410.636
T000206,alpha,binder_void,BN,-2.098656,2.12072,1.37459,-2.294837,2.3012,1.49044,0.290707,44.6299
T000206,alpha,BN,BN,-2.294837,2.3012,1.49044,-2.93133,2.88811,1.8547,0.941946,319.021
T000206,alpha,BN,BN,-2.93133,2.88811,1.8547,-2.93133,2.88811,1.8547,0,0
T000207,Li7,BN,binder_void,0,0,0,-0.47265,-0.28659,-0.05906,0.556178,336.942
T000207,Li7,binder_void,BN,-0.47265,-0.28659,-0.05906,-0.59954,-0.35844,-0.07111,0.14634,23.6307
T000207,Li7,BN,binder_void,-0.59954,-0.35844,-0.07111,-0.962405,-0.55523,-0.11723,0.415806,200.483
T000207,Li7,binder_void,BN,-0.962405,-0.55523,-0.11723,-1.15051,-0.65796,-0.14263,0.215934,25.091
T000207,Li7,BN,binder_void,-1.15051,-0.65796,-0.14263,-1.564085,-0.86718,-0.17424,0.466503,181.491
T000207,Li7,binder_void,BN,-1.564085,-0.86718,-0.17424,-1.6030395,-0.89945,-0.19009,0.0530916,3.90151
T000207,Li7,BN,binder_void,-1.6030395,-0.89945,-0.19009,-1.864085,-1.10532,-0.29079,0.361664,57.0137
T000207,Li7,binder_void,ZnS,-1.864085,-1.10532,-0.29079,-1.959783,-1.13735,-0.31518,0.114834,3.50692
T000207,Li7,ZnS,ZnS,-1.959783,-1.13735,-0.31518,-1.976635,-1.1407,-0.33414,0.0672484,7.73477
T000207,Li7,ZnS,ZnS,-1.976635,-1.1407,-0.33414,-1.97652,-1.14108,-0.33407,0.0519759,0.205042
T000207,Li7,ZnS,ZnS,-1.97652,-1.14108,-0.33407,-1.97652,-1.14108,-0.33407,0,0
T000208,alpha,BN,binder_void,0,0,0,0.08506,0.05158,0.01063,0.100052,34.1328
T000208,alpha,binder_void,BN,0.08506,0.05158,0.01063,0.32606,0.1968,0.04063,0.282966,42.4334
T000208,alpha,BN,binder_void,0.32606,0.1968,0.04063,0.69585,0.41739,0.08643,0.43304,176.746
T000208,alpha,binder_void,BN,0.69585,0.41739,0.08643,1.39521,0.80381,0.18964,0.8057,124.683
T000208,alpha,BN,binder_void,1.39521,0.80381,0.18964,2.14105,1.22253,0.30127,0.862781,382.591
T000208,alpha,binder_void,BN,2.14105,1.22253,0.30127,2.58658,1.48268,0.37723,0.521536,84.7008
T000208,alpha,BN,binder_void,2.58658,1.48268,0.37723,3.31845,1.91054,0.50539,0.857928,404.486
T000208,alpha,binder_void,BN,3.31845,1.91054,0.50539,3.55884,2.06154,0.53694,0.285761,39.0017
T000208,alpha,BN,binder_void,3.55884,2.06154,0.53694,4.24932,2.48732,0.62545,0.822439,60.6849
T000208,alpha,binder_void,BN,4.24932,2.48732,0.62545,4.84743,2.68491,0.80644,0.657706,61.7969
T000208,alpha,BN,BN,4.84743,2.68491,0.80644,5.29144,2.88557,1.00914,0.559038,58.7438
T000208,alpha,BN,BN,5.29144,2.88557,1.00914,5.29144,2.88557,1.00914,0,0
T000209,Li7,BN,binder_void,0,0,0,-0.36598,0.4204,0.2295,0.603142,361.223
T000209,Li7,binder_void,BN,-0.36598,0.4204,0.2295,-0.38807,0.4427,0.2423,0.0338796,4.10261
T000209,Li7,BN,binder_void,-0.38807,0.4427,0.2423,-0.72704,0.7847,0.43746,0.520344,245.981
T000209,Li7,binder_void,BN,-0.72704,0.7847,0.43746,-1.804,1.9598,1.11943,1.74655,160.743
T000209,Li7,BN,BN,-1.804,1.9598,1.11943,-2.16313,2.42378,1.20315,0.664189,67.9505
T000209,Li7,BN,BN,-2.16313,2.42378,1.20315,-2.16313,2.42378,1.20315,0,0
T000210,alpha,BN,binder_void,0,0,0,0.11425,-0.1313,-0.07165,0.188181,70.1159
T000210,alpha,binder_void,BN,0.11425,-0.1313,-0.07165,0.25631,-0.2946,-0.15987,0.233741,38.8422
T000210,alpha,BN,binder_void,0.25631,-0.2946,-0.15987,0.67051,-0.7698,-0.41669,0.680778,285.535
T000210,alpha,binder_void,BN,0.67051,-0.7698,-0.41669,0.75121,-0.8638,-0.46744,0.133896,23.0147
T000210,alpha,BN,binder_void,0.75121,-0.8638,-0.46744,1.06421,-1.2292,-0.66494,0.520129,231.095
T000210,alpha,binder_void,ZnS,1.06421,-1.2292,-0.66494,1.13401,-1.3088,-0.70925,0.11478,20.8227
T000210,alpha,ZnS,binder_void,1.13401,-1.3088,-0.70925,2.23121,-2.563,-1.39865,1.81351,568.93
T000210,alpha,binder_void,BN,2.23121,-2.563,-1.39865,2.27491,-2.6192,-1.44384,0.0843325,10.838
T000210,alpha,BN,BN,2.27491,-2.6192,-1.44384,2.59881,-3.0415,-1.78041,0.631976,220.806
T000210,alpha,BN,BN,2.59881,-3.0415,-1.78041,2.59881,-3.0415,-1.78041,0,0
T000211,Li7,BN,binder_void,0,0,0,-0.08627,0.3252,0.26891,0.430922,269.308
T000211,Li7,binder_void,BN,-0.08627,0.3252,0.26891,-0.13954,0.5077,0.42585,0.246542,41.5521
T000211,Li7,BN,binder_void,-0.13954,0.5077,0.42585,-0.23929,0.8483,0.71072,0.45552,241.163
T000211,Li7,binder_void,BN,-0.23929,0.8483,0.71072,-0.31619,1.1224,0.97095,0.386009,44.9699
T000211,Li7,BN,binder_void,-0.31619,1.1224,0.97095,-0.45051,1.8507,1.63866,1.01171,239.157
T000211,Li7,binder_void,binder_void,-0.45051,1.8507,1.63866,-0.46859,1.9109,1.652526,0.0860376,2.36537
T000211,Li7,binder_void,binder_void,-0.46859,1.9109,1.652526,-0.46319,1.9561,1.697734,0.101319,1.48416
T000211,Li7,binder_void,binder_void,-0.46319,1.9561,1.697734,-0.46319,1.9561,1.697734,0,0
T000212,alpha,BN,binder_void,0,0,0,0.05274,-0.1989,-0.1644,0.263344,99.4182
T000212,alpha,binder_void,BN,0.05274,-0.1989,-0.1644,0.24741,-0.9218,-0.75989,0.956693,136.966
T000212,alpha,BN,binder_void,0.24741,-0.9218,-0.75989,0.36091,-1.3455,-1.10234,0.556538,222.694
T000212,alpha,binder_void,ZnS,0.36091,-1.3455,-1.10234,0.66951,-2.53,-2.03693,1.5403,269.743
T000212,alpha,ZnS,binder_void,0.66951,-2.53,-2.03693,0.98301,-3.7701,-3.00664,1.61419,479.019
T000212,alpha,binder_void,BN,0.98301,-3.7701,-3.00664,1.00541,-3.8581,-3.09648,0.127786,21.9801
T000212,alpha,BN,binder_void,1.00541,-3.8581,-3.09648,1.09331,-4.1991,-3.42089,0.479765,134.916
T000212,alpha,binder_void,BN,1.09331,-4.1991,-3.42089,1.09991,-4.2836,-3.50617,0.120325,14.3453
T000212,alpha,BN,BN,1.09991,-4.2836,-3.50617,1.13701,-4.7583,-3.99325,0.703549,90.9191
T000212,alpha,BN,BN,1.13701,-4.7583,-3.99325,1.13701,-4.7583,-3.99325,0,0
T000213,Li7,BN,binder_void,0,0,0,0.51609,0.6203,0.30481,0.863356,476.855
T000213,Li7,binder_void,BN,0.51609,0.6203,0.30481,1.31033,1.3872,0.81193,1.21724,149.232
T000213,Li7,BN,binder_void,1.31033,1.3872,0.81193,1.77978,1.8193,1.09871,0.706581,186.627
T000213,Li7,binder_void,binder_void,1.77978,1.8193,1.09871,2.05993,2.2305,1.3014,0.611921,32.2766
T000213,Li7,binder_void,binder_void,2.05993,2.2305,1.3014,2.05993,2.2305,1.3014,0,0
T000214,alpha,BN,binder_void,0,0,0,-0.07962,-0.0957,-0.04703,0.133067,43.5781
T000214,alpha,binder_void,BN,-0.07962,-0.0957,-0.04703,-0.16942,-0.2032,-0.09936,0.149562,23.5441
T000214,alpha,BN,binder_void,-0.16942,-0.2032,-0.09936,-0.48656,-0.585,-0.28382,0.529529,194.179
T000214,alpha,binder_void,BN,-0.48656,-0.585,-0.28382,-0.80754,-0.9696,-0.47103,0.534828,87.0356
T000214,alpha,BN,binder_void,-0.80754,-0.9696,-0.47103,-1.2129,-1.4537,-0.70946,0.675003,281.223
T000214,alpha,binder_void,ZnS,-1.2129,-1.4537,-0.70946,-1.64183,-1.9647,-0.95605,0.711317,122.056
T000214,alpha,ZnS,binder_void,-1.64183,-1.9647,-0.95605,-3.304566,-3.966,-1.91967,2.81101,680.138
T000214,alpha,binder_void,BN,-3.304566,-3.966,-1.91967,-3.545707,-4.1369,-2.21265,0.424657,14.4912
T000214,alpha,BN,BN,-3.545707,-4.1369,-2.21265,-3.7100302,-4.2581,-2.41852,0.347677,23.7555
T000214,alpha,BN,BN,-3.7100302,-4.2581,-2.41852,-3.7100302,-4.2581,-2.41852,0,0
T000215,Li7,BN,binder_void,0,0,0,-0.1,-0.1009,0.00339,0.14215,96.3913
T000215,Li7,binder_void,BN,-0.1,-0.1009,0.00339,-0.64,-0.6519,0.01801,0.771812,141.012
T000215,Li7,BN,binder_void,-0.64,-0.6519,0.01801,-1.29233,-1.297,0.05345,0.919878,403.507
T000215,Li7,binder_void,BN,-1.29233,-1.297,0.05345,-1.29667,-1.3003,0.05345,0.00542213,0.163433
T000215,Li7,BN,BN,-1.29667,-1.3003,0.05345,-2.05268,-1.869,0.05455,0.965597,201.107
T000215,Li7,BN,BN,-2.05268,-1.869,0.05455,-2.05268,-1.869,0.05455,0,0
T000216,alpha,BN,binder_void,0,0,0,0.56816,0.5736,-0.01929,0.807647,316.38
T000216,alpha,binder_void,BN,0.56816,0.5736,-0.01929,0.75289,0.7625,-0.0269,0.26438,37.5752
T000216,alpha,BN,binder_void,0.75289,0.7625,-0.0269,0.98915,0.9981,-0.03265,0.333731,154.679
T000216,alpha,binder_void,BN,0.98915,0.9981,-0.03265,1.85201,1.853,-0.06935,1.21533,203.852
T000216,alpha,BN,binder_void,1.85201,1.853,-0.06935,2.15068,2.1466,-0.0797,0.419032,195.513
T000216,alpha,binder_void,BN,2.15068,2.1466,-0.0797,2.77131,2.7464,-0.11155,0.863864,142.067
T000216,alpha,BN,binder_void,2.77131,2.7464,-0.11155,3.37764,3.3121,-0.12575,0.830496,331.221
T000216,alpha,binder_void,BN,3.37764,3.3121,-0.12575,3.54252,3.5141,-0.16232,0.263916,29.1323
T000216,alpha,BN,BN,3.54252,3.5141,-0.16232,3.85604,3.9436,-0.1844,0.563211,59.5811
T000216,alpha,BN,BN,3.85604,3.9436,-0.1844,3.85604,3.9436,-0.1844,0,0
T000217,Li7,BN,binder_void,0,0,0,-0.0011,-0.0016,-0.00149,0.00245275,1.9312
T000217,Li7,binder_void,ZnS,-0.0011,-0.0016,-0.00149,-0.3403,-0.48327,-0.45171,0.741591,124.455
T000217,Li7,ZnS,ZnS,-0.3403,-0.48327,-0.45171,-0.8621,-1.65341,-1.36732,1.58643,713.614
T000217,Li7,ZnS,ZnS,-0.8621,-1.65341,-1.36732,-0.8621,-1.65341,-1.36732,0,0
T000218,alpha,BN,binder_void,0,0,0,0.3061,0.43456,0.40662,0.669328,242.089
T000218,alpha,binder_void,BN,0.3061,0.43456,0.40662,0.3414,0.48389,0.45206,0.0757793,12.254
T000218,alpha,BN,binder_void,0.3414,0.48389,0.45206,0.4458,0.63057,0.58754,0.225312,87.4156
T000218,alpha,binder_void,ZnS,0.4458,0.63057,0.58754,1.2201,1.72847,1.58388,1.6728,304.953
T000218,alpha,ZnS,binder_void,1.2201,1.72847,1.58388,2.88952,4.16387,3.6369,3.65489,634.858
T000218,alpha,binder_void,BN,2.88952,4.16387,3.6369,3.17753,4.55997,3.87817,0.546594,63.0025
T000218,alpha,BN,BN,3.17753,4.55997,3.87817,3.62414,5.15307,4.2187,0.834159,125.427
T000218,alpha,BN,BN,3.62414,5.15307,4.2187,3.62414,5.15307,4.2187,0,0
T000219,Li7,BN,binder_void,0,0,0,0.006,0.21503,0.06063,0.22354,149.588
T000219,Li7,binder_void,BN,0.006,0.21503,0.06063,0.0133,0.64372,0.17386,0.443543,78.569
T000219,Li7,BN,binder_void,0.0133,0.64372,0.17386,0.0248,1.04052,0.27523,0.409973,206.345
T000219,Li7,binder_void,BN,0.0248,1.04052,0.27523,0.0304,1.14119,0.29893,0.103581,14.7274
T000219,Li7,BN,binder_void,0.0304,1.14119,0.29893,0.0367,1.26387,0.3277,0.126255,61.6896
T000219,Li7,binder_void,BN,0.0367,1.26387,0.3277,0.0606,1.57557,0.39356,0.319665,37.6941
T000219,Li7,BN,binder_void,0.0606,1.57557,0.39356,0.0804,1.82127,0.44965,0.25317,97.4165
T000219,Li7,binder_void,BN,0.0804,1.82127,0.44965,0.0867,1.86907,0.46241,0.0499155,6.36141
T000219,Li7,BN,binder_void,0.0867,1.86907,0.46241,0.1454,2.37787,0.58261,0.530752,147.668
T000219,Li7,binder_void,ZnS,0.1454,2.37787,0.58261,0.2009,2.55227,0.56681,0.186741,9.11974
T000219,Li7,ZnS,ZnS,0.2009,2.55227,0.56681,0.2552,2.63717,0.57532,0.123504,28.8311
T000219,Li7,ZnS,ZnS,0.2552,2.63717,0.57532,0.2801,2.60387,0.52896,0.13522,1.99138
T000219,Li7,ZnS,ZnS,0.2801,2.60387,0.52896,0.2801,2.60387,0.52896,0,0
T000220,alpha,BN,binder_void,0,0,0,-0.0002,-0.00707,-0.00199,0.00734481,4.1509
T000220,alpha,binder_void,ZnS,-0.0002,-0.00707,-0.00199,-0.0166,-0.5629,-0.15892,0.577802,84.1619
T000220,alpha,ZnS,binder_void,-0.0166,-0.5629,-0.15892,-0.1405,-4.32636,-1.22728,3.9349,1292.27
T000220,alpha,binder_void,BN,-0.1405,-4.32636,-1.22728,-0.1255,-4.42277,-1.25049,0.100394,11.1783
T000220,alpha,BN,BN,-0.1255,-4.42277,-1.25049,-0.0558,-5.02371,-1.40686,0.649987,78.238
T000220,alpha,BN,BN,-0.0558,-5.02371,-1.40686,-0.0558,-5.02371,-1.40686,0,0
T000221,Li7,BN,binder_void,0,0,0,0.07958,0.05291,-0.01715,0.0971041,61.9893
T000221,Li7,binder_void,BN,0.07958,0.05291,-0.01715,0.44167,0.29383,-0.09895,0.442605,83.9188
T000221,Li7,BN,binder_void,0.44167,0.29383,-0.09895,0.91752,0.6246,-0.20463,0.589552,336.014
T000221,Li7,binder_void,BN,0.91752,0.6246,-0.20463,1.11573,0.74911,-0.25661,0.239855,29.0777
T000221,Li7,BN,binder_void,1.11573,0.74911,-0.25661,1.30803,0.87436,-0.31074,0.236069,96.6517
T000221,Li7,binder_void,BN,1.30803,0.87436,-0.31074,2.56663,1.66089,-0.68981,1.54107,133.719
T000221,Li7,BN,binder_void,2.56663,1.66089,-0.68981,2.56663,1.66089,-0.68981,0,0
T000221,Li7,binder_void,BN,2.56663,1.66089,-0.68981,2.75259,1.87153,-0.74234,0.287194,22.4529
T000221,Li7,BN,binder_void,2.75259,1.87153,-0.74234,3.15878,2.3429,-0.87167,0.69937,43.9338
T000221,Li7,binder_void,BN,3.15878,2.3429,-0.87167,3.29738,2.29981,-0.99962,0.19871,9.22924
T000221,Li7,BN,BN,3.29738,2.29981,-0.99962,3.41848,2.27566,-1.04856,0.13926,22.7226
T000221,Li7,BN,BN,3.41848,2.27566,-1.04856,3.41908,2.27556,-1.04872,0.0434465,0.290741
T000221,Li7,BN,BN,3.41908,2.27556,-1.04872,3.41908,2.27556,-1.04872,0,0
T000222,alpha,BN,binder_void,0,0,0,-0.27422,-0.18231,0.05912,0.334574,122.814
T000222,alpha,binder_void,ZnS,-0.27422,-0.18231,0.05912,-0.70454,-0.47134,0.15371,0.526949,80.3394
T000222,alpha,ZnS,binder_void,-0.70454,-0.47134,0.15371,-2.78055,-1.86928,0.62105,2.55498,1007.51
T000222,alpha,binder_void,ZnS,-2.78055,-1.86928,0.62105,-3.68607,-2.36528,0.66294,1.03468,119.031
T000222,alpha,ZnS,ZnS,-3.68607,-2.36528,0.66294,-4.8777,-2.99796,0.76502,1.62703,140.306
T000222,alpha,ZnS,ZnS,-4.8777,-2.99796,0.76502,-4.8777,-2.99796,0.76502,0,0
T000223,Li7,BN,binder_void,0,0,0,0.19388,-0.72677,-0.2566,0.795389,460.71
T000223,Li7,binder_void,BN,0.19388,-0.72677,-0.2566,0.2546,-0.89938,-0.31057,0.190818,27.8158
T000223,Li7,BN,binder_void,0.2546,-0.89938,-0.31057,0.76714,-1.60827,-0.66158,0.948016,300.821
T000223,Li7,binder_void,BN,0.76714,-1.60827,-0.66158,1.2762,-2.15542,-0.86637,0.819355,44.0177
T000223,Li7,BN,BN,1.2762,-2.15542,-0.86637,1.29411,-2.1704,-0.89683,0.0473152,6.40206
T000223,Li7,BN,BN,1.29411,-2.1704,-0.89683,1.29407,-2.17085,-0.89705,0.0389359,0.233505
T000223,Li7,BN,BN,1.29407,-2.17085,-0.89705,1.29407,-2.17085,-0.89705,0,0
T000224,alpha,BN,binder_void,0,0,0,-0.00997,0.03738,0.0132,0.0408738,13.6376
T000224,alpha,binder_void,ZnS,-0.00997,0.03738,0.0132,-0.39217,1.47014,0.53259,1.57131,250.264
T000224,alpha,ZnS,ZnS,-0.39217,1.47014,0.53259,-1.48959,5.43922,2.01589,4.41645,1206.1
T000224,alpha,ZnS,ZnS,-1.48959,5.43922,2.01589,-1.48959,5.43922,2.01589,0,0
T000225,Li7,BN,binder_void,0,0,0,0.0071,0.126893,-0.2553,0.28525,175.657
T000225,Li7,binder_void,BN,0.0071,0.126893,-0.2553,0.0202,0.39483,-0.79754,0.605145,94.9759
T000225,Li7,BN,binder_void,0.0202,0.39483,-0.79754,0.0531,0.829236,-1.64977,0.959234,420.739
T000225,Li7,binder_void,BN,0.0531,0.829236,-1.64977,0.0404,1.230922,-2.30643,0.77473,60.5025
T000225,Li7,BN,BN,0.0404,1.230922,-2.30643,0.0129,1.629502,-2.87907,0.757083,88.1257
T000225,Li7,BN,BN,0.0129,1.629502,-2.87907,0.0129,1.629502,-2.87907,0,0
T000226,alpha,BN,binder_void,0,0,0,-0.003,-0.05256,0.10575,0.118129,37.6355
T000226,alpha,binder_void,BN,-0.003,-0.05256,0.10575,-0.0061,-0.10908,0.21979,0.127324,17.8064
T000226,alpha,BN,binder_void,-0.0061,-0.10908,0.21979,-0.0257,-0.46019,0.92903,0.791728,329.338
T000226,alpha,binder_void,BN,-0.0257,-0.46019,0.92903,-0.0448,-1.17051,2.39694,1.63108,273.038
T000226,alpha,BN,binder_void,-0.0448,-1.17051,2.39694,-0.0485,-1.28254,2.62578,0.254845,102.886
T000226,alpha,binder_void,BN,-0.0485,-1.28254,2.62578,-0.0618,-1.54017,3.15628,0.589954,116.999
T000226,alpha,BN,binder_void,-0.0618,-1.54017,3.15628,-0.0771,-1.92414,3.97166,0.902071,404.847
T000226,alpha,binder_void,ZnS,-0.0771,-1.92414,3.97166,-0.078,-1.9622,4.06223,0.0982662,14.0753
T000226,alpha,ZnS,ZnS,-0.078,-1.9622,4.06223,-0.115,-2.5798,5.48221,1.78155,173.374
T000226,alpha,ZnS,ZnS,-0.115,-2.5798,5.48221,-0.115,-2.5798,5.48221,0,0
T000227,Li7,BN,binder_void,0,0,0,-0.1733,0.831476,-0.10925,0.857087,512.53
T000227,Li7,binder_void,BN,-0.1733,0.831476,-0.10925,-0.2385,1.114532,-0.17292,0.297509,33.9148
T000227,Li7,BN,binder_void,-0.2385,1.114532,-0.17292,-0.3977,1.850103,-0.34767,0.777372,226.717
T000227,Li7,binder_void,ZnS,-0.3977,1.850103,-0.34767,-0.4341,2.07031,-0.40609,0.232544,12.9571
T000227,Li7,ZnS,ZnS,-0.4341,2.07031,-0.40609,-0.4799,2.1856,-0.44317,0.139829,29.9582
T000227,Li7,ZnS,ZnS,-0.4799,2.1856,-0.44317,-0.5515,2.24094,-0.52205,0.1534,7.72206
T000227,Li7,ZnS,binder_void,-0.5515,2.24094,-0.52205,-0.5352,2.24657,-0.5792,0.11573,10.7308
T000227,Li7,binder_void,binder_void,-0.5352,2.24657,-0.5792,-0.5279,2.16994,-0.59912,0.104207,4.026
T000227,Li7,binder_void,binder_void,-0.5279,2.16994,-0.59912,-0.5084,2.16251,-0.65035,0.0846895,1.44456
T000227,Li7,binder_void,binder_void,-0.5084,2.16251,-0.65035,-0.5084,2.16251,-0.65035,0,0
T000228,alpha,BN,binder_void,0,0,0,0.0079,-0.03819,0.00502,0.0393393,11.6852
T000228,alpha,binder_void,BN,0.0079,-0.03819,0.00502,0.251,-1.20141,0.15679,1.19806,178.152
T000228,alpha,BN,binder_void,0.251,-1.20141,0.15679,0.3788,-1.78477,0.22982,0.601707,232.542
T000228,alpha,binder_void,BN,0.3788,-1.78477,0.22982,0.4434,-2.06851,0.26215,0.292798,49.5289
T000228,alpha,BN,binder_void,0.4434,-2.06851,0.26215,0.5796,-2.7889,0.3325,0.736697,335.099
T000228,alpha,binder_void,BN,0.5796,-2.7889,0.3325,0.5969,-2.87876,0.3428,0.0920758,15.3282
T000228,alpha,BN,binder_void,0.5969,-2.87876,0.3428,0.7114,-3.46681,0.40863,0.602939,285.984
T000228,alpha,binder_void,BN,0.7114,-3.46681,0.40863,0.9065,-4.44006,0.5306,1.00074,165.905
T000228,alpha,BN,binder_void,0.9065,-4.44006,0.5306,1.1358,-5.40662,0.62998,1.00818,102.473
T000228,alpha,binder_void,BN,1.1358,-5.40662,0.62998,1.3597,-5.81162,0.4174,0.511498,37.0138
T000228,alpha,BN,BN,1.3597,-5.81162,0.4174,1.5825,-6.25101,0.26968,0.546634,56.2879
T000228,alpha,BN,BN,1.5825,-6.25101,0.26968,1.5825,-6.25101,0.26968,0,0
T000229,Li7,BN,binder_void,0,0,0,-0.0639,-0.00362,-0.00059,0.0639805,39.7823
T000229,Li7,binder_void,binder_void,-0.0639,-0.00362,-0.00059,-2.0384,-0.11319,0.01993,1.97882,315.204
T000229,Li7,binder_void,BN,-2.0384,-0.11319,0.01993,-2.0522,-0.1139,0.02,0.0138733,2.49616
T000229,Li7,BN,binder_void,-2.0522,-0.1139,0.02,-2.5277,-0.13951,0.02259,0.476741,233.721
T000229,Li7,binder_void,BN,-2.5277,-0.13951,0.02259,-2.5847,-0.14972,0.02151,0.0579538,5.88239
T000229,Li7,BN,binder_void,-2.5847,-0.14972,0.02151,-2.7535,-0.18019,0.01863,0.171825,66.86
T000229,Li7,binder_void,BN,-2.7535,-0.18019,0.01863,-3.5893,-0.32788,-0.00345,0.853369,73.3493
T000229,Li7,BN,BN,-3.5893,-0.32788,-0.00345,-4.3547,-0.36747,0.00216,0.818672,102.705
T000229,Li7,BN,BN,-4.3547,-0.36747,0.00216,-4.3547,-0.36747,0.00216,0,0
T000230,alpha,BN,binder_void,0,0,0,0.5534,0.03135,0.00516,0.554339,211.421
T000230,alpha,binder_void,BN,0.5534,0.03135,0.00516,1.4922,0.11137,0.00729,0.942258,149.006
T000230,alpha,BN,binder_void,1.4922,0.11137,0.00729,1.7679,0.13611,0.00872,0.27682,113.778
T000230,alpha,binder_void,BN,1.7679,0.13611,0.00872,3.84518,0.31298,-0.00493,2.0853,326.965
T000230,alpha,BN,binder_void,3.84518,0.31298,-0.00493,4.09704,0.3316,-0.01235,0.2527,116.53
T000230,alpha,binder_void,BN,4.09704,0.3316,-0.01235,4.42888,0.35788,-0.02267,0.333066,56.6996
T000230,alpha,BN,binder_void,4.42888,0.35788,-0.02267,5.38926,0.44408,-0.04875,0.965716,311.163
T000230,alpha,binder_void,BN,5.38926,0.44408,-0.04875,5.76958,0.54006,-0.05979,0.392746,55.3776
T000230,alpha,BN,binder_void,5.76958,0.54006,-0.05979,6.02474,0.61559,-0.06255,0.267086,54.241
T000230,alpha,binder_void,ZnS,6.02474,0.61559,-0.06255,6.15124,0.66997,-0.05545,0.138105,13.2931
T000230,alpha,ZnS,ZnS,6.15124,0.66997,-0.05545,6.43797,0.73756,0.05372,0.328423,55.1107
T000230,alpha,ZnS,ZnS,6.43797,0.73756,0.05372,6.56778,0.88829,0.01616,0.351227,5.24634
T000230,alpha,ZnS,ZnS,6.56778,0.88829,0.01616,6.56962,0.88987,0.01153,0.189301,1.16803
T000230,alpha,ZnS,ZnS,6.56962,0.88987,0.01153,6.56962,0.88987,0.01153,0,0
T000231,Li7,BN,binder_void,0,0,0,-0.0246,0.01883,-0.03504,0.0467658,28.6486
T000231,Li7,binder_void,ZnS,-0.0246,0.01883,-0.03504,-0.0587,0.04479,-0.08351,0.0646971,11.2163
T000231,Li7,ZnS,ZnS,-0.0587,0.04479,-0.08351,-0.7588,0.63021,-1.397182,1.60926,654.616
T000231,Li7,ZnS,ZnS,-0.7588,0.63021,-1.397182,-1.6352,0.71356,-2.040455,1.26732,156.231
T000231,Li7,ZnS,ZnS,-1.6352,0.71356,-2.040455,-1.6352,0.71356,-2.040455,0,0
T000232,alpha,BN,binder_void,0,0,0,0.3987,-0.30532,0.56824,0.758406,290.069
T000232,alpha,binder_void,ZnS,0.3987,-0.30532,0.56824,0.4342,-0.33285,0.61882,0.0676318,10.2935
T000232,alpha,ZnS,ZnS,0.4342,-0.33285,0.61882,2.8823,-2.23059,4.11584,4.72815,1169.64
T000232,alpha,ZnS,ZnS,2.8823,-2.23059,4.11584,2.8823,-2.23059,4.11584,0,0
T000233,Li7,BN,binder_void,0,0,0,-0.1667,-0.4626,0.3079,0.580478,355.104
T000233,Li7,binder_void,BN,-0.1667,-0.4626,0.3079,-0.2232,-0.6364,0.43109,0.220451,33.8292
T000233,Li7,BN,binder_void,-0.2232,-0.6364,0.43109,-0.3524,-1.0304,0.71511,0.503343,248.201
T000233,Li7,binder_void,ZnS,-0.3524,-1.0304,0.71511,-0.6004,-1.51714,1.09648,0.668163,66.0643
T000233,Li7,ZnS,ZnS,-0.6004,-1.51714,1.09648,-0.6819,-1.95023,1.57963,0.689825,136.802
T000233,Li7,ZnS,ZnS,-0.6819,-1.95023,1.57963,-0.6819,-1.95023,1.57963,0,0
T000234,alpha,BN,binder_void,0,0,0,0.0752,0.2087,-0.13893,0.261783,91.9215
T000234,alpha,binder_void,BN,0.0752,0.2087,-0.13893,0.098,0.2746,-0.18305,0.0824975,12.1844
T000234,alpha,BN,binder_void,0.098,0.2746,-0.18305,0.2201,0.6262,-0.41893,0.440692,171.722
T000234,alpha,binder_void,ZnS,0.2201,0.6262,-0.41893,0.2342,0.6678,-0.44671,0.0519273,8.14519
T000234,alpha,ZnS,binder_void,0.2342,0.6678,-0.44671,0.9703,2.8444,-1.90213,2.73172,860.324
T000234,alpha,binder_void,BN,0.9703,2.8444,-1.90213,1.0787,3.0896,-2.09532,0.330612,42.3178
T000234,alpha,BN,binder_void,1.0787,3.0896,-2.09532,1.3475,3.6874,-2.56238,0.807163,124.391
T000234,alpha,binder_void,BN,1.3475,3.6874,-2.56238,1.4083,3.7715,-2.62965,0.123668,14.3005
T000234,alpha,BN,BN,1.4083,3.7715,-2.62965,1.7909,4.2747,-3.04766,0.766727,144.693
T000234,alpha,BN,BN,1.7909,4.2747,-3.04766,1.7909,4.2747,-3.04766,0,0
T000235,Li7,BN,binder_void,0,0,0,0.2923,0.1278,-0.28105,0.425328,281.295
T000235,Li7,binder_void,ZnS,0.2923,0.1278,-0.28105,0.5023,0.218,-0.48011,0.303146,44.9909
T000235,Li7,ZnS,ZnS,0.5023,0.218,-0.48011,1.3533,0.849,-1.55087,1.52628,404.221
T000235,Li7,ZnS,ZnS,1.3533,0.849,-1.55087,1.8545,0.5433,-2.37266,1.17331,108.389
T000235,Li7,ZnS,ZnS,1.8545,0.5433,-2.37266,1.8544,0.5411,-2.37281,0.120607,1.10399
T000235,Li7,ZnS,ZnS,1.8544,0.5411,-2.37281,1.8544,0.5411,-2.37281,0,0
T000236,alpha,BN,binder_void,0,0,0,-0.2456,-0.1074,0.23612,0.357223,128.954
T000236,alpha,binder_void,BN,-0.2456,-0.1074,0.23612,-0.267,-0.1164,0.25694,0.0311782,5.42806
T000236,alpha,BN,binder_void,-0.267,-0.1164,0.25694,-0.6927,-0.2941,0.67042,0.619578,246.476
T000236,alpha,binder_void,BN,-0.6927,-0.2941,0.67042,-0.7551,-0.3182,0.73002,0.089554,14.5557
T000236,alpha,BN,binder_void,-0.7551,-0.3182,0.73002,-1.3533,-0.5484,1.3001,0.857975,369.298
T000236,alpha,binder_void,ZnS,-1.3533,-0.5484,1.3001,-1.548,-0.6259,1.48209,0.27761,47.5805
T000236,alpha,ZnS,ZnS,-1.548,-0.6259,1.48209,-3.3899,-1.3903,3.2392621,2.6973,657.708
T000236,alpha,ZnS,ZnS,-3.3899,-1.3903,3.2392621,-3.3899,-1.3903,3.2392621,0,0
T000237,Li7,BN,binder_void,0,0,0,-0.28415,0.18034,-0.05733,0.341502,206.975
T000237,Li7,binder_void,BN,-0.28415,0.18034,-0.05733,-0.44569,0.28033,-0.09521,0.19374,32.4436
T000237,Li7,BN,binder_void,-0.44569,0.28033,-0.09521,-1.21754,0.75271,-0.27185,0.923745,407.461
T000237,Li7,binder_void,BN,-1.21754,0.75271,-0.27185,-1.29656,0.80772,-0.29643,0.0994124,12.2708
T000237,Li7,BN,binder_void,-1.29656,0.80772,-0.29643,-1.86198,1.20468,-0.47596,0.724322,148.315
T000237,Li7,binder_void,BN,-1.86198,1.20468,-0.47596,-1.93782,1.31375,-0.62769,0.207268,10.6455
T000237,Li7,BN,BN,-1.93782,1.31375,-0.62769,-2.04389,1.34183,-0.66589,0.121483,21.5717
T000237,Li7,BN,BN,-2.04389,1.34183,-0.66589,-2.04459,1.34192,-0.66609,0.04543,0.317893
T000237,Li7,BN,BN,-2.04459,1.34192,-0.66609,-2.04459,1.34192,-0.66609,0,0
T000238,alpha,BN,binder_void,0,0,0,0.14266,-0.09053,0.02878,0.171394,65.1842
T000238,alpha,binder_void,BN,0.14266,-0.09053,0.02878,0.88028,-0.56037,0.17864,0.887335,134.371
T000238,alpha,BN,binder_void,0.88028,-0.56037,0.17864,1.56389,-0.99611,0.31648,0.822436,314.079
T000238,alpha,binder_void,BN,1.56389,-0.99611,0.31648,2.25346,-1.46112,0.450953,0.84258,141.377
T000238,alpha,BN,binder_void,2.25346,-1.46112,0.450953,2.89781,-1.89085,0.577591,0.785057,354.68
T000238,alpha,binder_void,BN,2.89781,-1.89085,0.577591,3.241494,-2.1212,0.65217,0.420481,75.5074
T000238,alpha,BN,binder_void,3.241494,-2.1212,0.65217,3.669719,-2.4097,0.739566,0.524167,207.513
T000238,alpha,binder_void,BN,3.669719,-2.4097,0.739566,4.3227165,-2.88551,0.857801,0.818303,102.463
T000238,alpha,BN,BN,4.3227165,-2.88551,0.857801,4.81255,-3.23649,0.944945,0.634898,74.8248
T000238,alpha,BN,BN,4.81255,-3.23649,0.944945,4.81255,-3.23649,0.944945,0,0
T000239,Li7,BN,binder_void,0,0,0,0.31807,-0.22372,-0.52485,0.653622,409.438
T000239,Li7,binder_void,BN,0.31807,-0.22372,-0.52485,0.38958,-0.28276,-0.65605,0.160686,22.1894
T000239,Li7,BN,binder_void,0.38958,-0.28276,-0.65605,0.56759,-0.4317,-0.97913,0.398361,193.272
T000239,Li7,binder_void,BN,0.56759,-0.4317,-0.97913,0.66219,-0.52463,-1.18045,0.241284,28.237
T000239,Li7,BN,BN,0.66219,-0.52463,-1.18045,0.9626,-0.83588,-1.87004,0.828056,186.863
T000239,Li7,BN,BN,0.9626,-0.83588,-1.87004,0.9626,-0.83588,-1.87004,0,0
T000240,alpha,BN,binder_void,0,0,0,-0.04361,0.03068,0.07197,0.0895774,36.7513
T000240,alpha,binder_void,BN,-0.04361,0.03068,0.07197,-0.21562,0.15195,0.35575,0.353304,50.9333
T000240,alpha,BN,binder_void,-0.21562,0.15195,0.35575,-0.45097,0.31811,0.745275,0.484531,182.977
T000240,alpha,binder_void,BN,-0.45097,0.31811,0.745275,-0.88983,0.60493,1.450625,0.878906,135.248
T000240,alpha,BN,binder_void,-0.88983,0.60493,1.450625,-1.14214,0.77047,1.860473,0.509023,230.668
T000240,alpha,binder_void,BN,-1.14214,0.77047,1.860473,-1.82012,1.21067,2.92884,1.33996,215.946
T000240,alpha,BN,binder_void,-1.82012,1.21067,2.92884,-2.04839,1.36446,3.28747,0.452224,193.324
T000240,alpha,binder_void,BN,-2.04839,1.36446,3.28747,-2.20005,1.46739,3.51859,0.295014,50.1296
T000240,alpha,BN,binder_void,-2.20005,1.46739,3.51859,-2.67007,1.79077,4.25455,0.933054,179.734
T000240,alpha,binder_void,BN,-2.67007,1.79077,4.25455,-2.67935,1.79876,4.28256,0.0305714,4.3681
T000240,alpha,BN,binder_void,-2.67935,1.79876,4.28256,-2.98069,2.05611,5.19002,1.00061,139.234
T000240,alpha,binder_void,binder_void,-2.98069,2.05611,5.19002,-3.15909,2.44736,5.77766,0.745141,50.686
T000240,alpha,binder_void,binder_void,-3.15909,2.44736,5.77766,-3.15909,2.44736,5.77766,0,0
T000241,Li7,BN,binder_void,0,0,0,0.1407,0.08229,-0.1757795,0.239761,146.175
T000241,Li7,binder_void,BN,0.1407,0.08229,-0.1757795,0.205,0.12164,-0.2541865,0.108754,18.2992
T000241,Li7,BN,binder_void,0.205,0.12164,-0.2541865,0.7711,0.47713,-0.9385915,0.95824,488.698
T000241,Li7,binder_void,binder_void,0.7711,0.47713,-0.9385915,1.9112,0.99328,-2.0886515,1.71363,115.431
T000241,Li7,binder_void,binder_void,1.9112,0.99328,-2.0886515,2.8132,1.25439,-3.0969615,1.46797,68.9989
T000241,Li7,binder_void,binder_void,2.8132,1.25439,-3.0969615,2.8314,1.24156,-3.1250515,0.324197,2.39912
T000241,Li7,binder_void,binder_void,2.8314,1.24156,-3.1250515,2.8314,1.24156,-3.1250515,0,0
T000242,alpha,BN,binder_void,0,0,0,-0.1173,-0.06861,0.1465604,0.19987,71.4706
T000242,alpha,binder_void,BN,-0.1173,-0.06861,0.1465604,-1.1476,-0.68434,1.4336585,1.76011,275.356
T000242,alpha,BN,binder_void,-1.1476,-0.68434,1.4336585,-1.6943,-1.00988,2.1307085,0.943983,390.884
T000242,alpha,binder_void,ZnS,-1.6943,-1.00988,2.1307085,-1.8048,-1.07437,2.2650285,0.185478,38.5464
T000242,alpha,ZnS,ZnS,-1.8048,-1.07437,2.2650285,-3.7633,-2.20264,4.6622385,3.3644,693.743
T000242,alpha,ZnS,ZnS,-3.7633,-2.20264,4.6622385,-3.7633,-2.20264,4.6622385,0,0
T000243,Li7,BN,binder_void,0,0,0,-0.0677,0.00259,-0.0070336,0.0681147,43.8647
T000243,Li7,binder_void,BN,-0.0677,0.00259,-0.0070336,-0.35,0.01305,-0.0356885,0.28399,48.5478
T000243,Li7,BN,binder_void,-0.35,0.01305,-0.0356885,-1.035,0.04109,-0.1005005,0.689156,397.239
T000243,Li7,binder_void,BN,-1.035,0.04109,-0.1005005,-1.0462,0.04135,-0.1013075,0.0112595,1.49834
T000243,Li7,BN,binder_void,-1.0462,0.04135,-0.1013075,-1.8234,0.05956,-0.1577455,0.78285,243.08
T000243,Li7,binder_void,BN,-1.8234,0.05956,-0.1577455,-1.9285,0.05438,-0.1869845,0.109416,7.73608
T000243,Li7,BN,BN,-1.9285,0.05438,-0.1869845,-2.2643,0.03154,-0.2780745,0.355429,99.0181
T000243,Li7,BN,BN,-2.2643,0.03154,-0.2780745,-2.2643,0.03154,-0.2780745,0,0
T000244,alpha,BN,binder_void,0,0,0,0.6992,-0.02675,0.072638964,0.703477,266.245
T000244,alpha,binder_void,ZnS,0.6992,-0.02675,0.072638964,0.9433,-0.04096,0.1019254,0.246327,41.725
T000244,alpha,ZnS,binder_void,0.9433,-0.04096,0.1019254,5.1055,-0.28569,0.6110935,4.23859,1130.65
T000244,alpha,binder_void,BN,5.1055,-0.28569,0.6110935,5.247,-0.32164,0.6370625,0.149704,8.48185
T000244,alpha,BN,BN,5.247,-0.32164,0.6370625,5.4858,-0.35086,0.7265585,0.270408,2.87063
T000244,alpha,BN,BN,5.4858,-0.35086,0.7265585,5.716,-0.41514,0.8136545,0.31796,20.0307
T000244,alpha,BN,BN,5.716,-0.41514,0.8136545,5.716,-0.41514,0.8136545,0,0
T000245,Li7,BN,binder_void,0,0,0,0.1681,0.2299,-0.08661,0.297692,192.128
T000245,Li7,binder_void,BN,0.1681,0.2299,-0.08661,0.3573,0.4871,-0.1978,0.338209,60.2924
T000245,Li7,BN,binder_void,0.3573,0.4871,-0.1978,0.4232,0.5761,-0.2364,0.117292,68.8834
T000245,Li7,binder_void,BN,0.4232,0.5761,-0.2364,0.9758,1.3234,-0.54397,0.979694,135.772
T000245,Li7,BN,BN,0.9758,1.3234,-0.54397,1.4555,2.01,-0.807478,0.881838,386.546
T000245,Li7,BN,BN,1.4555,2.01,-0.807478,1.4555,2.01,-0.807478,0,0
T000246,alpha,BN,binder_void,0,0,0,-0.0068,-0.0094,0.00354,0.0121714,3.17168
T000246,alpha,binder_void,ZnS,-0.0068,-0.0094,0.00354,-0.0692,-0.0949,0.03573,0.110659,14.1236
T000246,alpha,ZnS,binder_void,-0.0692,-0.0949,0.03573,-1.4525,-1.9913,0.75187,2.46032,830.961
T000246,alpha,binder_void,BN,-1.4525,-1.9913,0.75187,-1.4626,-2.006,0.75868,0.0191546,3.16357
T000246,alpha,BN,binder_void,-1.4626,-2.006,0.75868,-1.6665,-2.3014,0.89513,0.384001,161.935
T000246,alpha,binder_void,BN,-1.6665,-2.3014,0.89513,-1.9844,-2.7571,1.10457,0.594004,102.418
T000246,alpha,BN,binder_void,-1.9844,-2.7571,1.10457,-2.1051,-2.9225,1.18135,0.218761,93.9669
T000246,alpha,binder_void,BN,-2.1051,-2.9225,1.18135,-2.2524,-3.136,1.28517,0.279514,40.4487
T000246,alpha,BN,BN,-2.2524,-3.136,1.28517,-2.7624,-3.879,1.65429,0.980566,219.812
T000246,alpha,BN,BN,-2.7624,-3.879,1.65429,-2.7624,-3.879,1.65429,0,0
T000247,Li7,BN,binder_void,0,0,0,-0.0196,-0.0417,0.03401,0.0573229,36.6838
T000247,Li7,binder_void,ZnS,-0.0196,-0.0417,0.03401,-0.0616,-0.1301,0.10704,0.12209,22.3837
T000247,Li7,ZnS,ZnS,-0.0616,-0.1301,0.10704,-0.6196,-1.2992,1.01642,1.60429,780.932
T000247,Li7,ZnS,ZnS,-0.6196,-1.2992,1.01642,-0.6196,-1.2992,1.01642,0,0
T000248,alpha,BN,binder_void,0,0,0,0.0217,0.0461,-0.0375,0.0631961,22.9376
T000248,alpha,binder_void,BN,0.0217,0.0461,-0.0375,0.1293,0.2761,-0.22359,0.314827,47.0644
T000248,alpha,BN,binder_void,0.1293,0.2761,-0.22359,0.4256,0.9137,-0.736093,0.870231,322.944
T000248,alpha,binder_void,BN,0.4256,0.9137,-0.736093,0.5324,1.1567,-0.926188,0.326487,56.6331
T000248,alpha,BN,binder_void,0.5324,1.1567,-0.926188,0.8198,1.804,-1.433499,0.871368,409.751
T000248,alpha,binder_void,BN,0.8198,1.804,-1.433499,0.8934,1.9637,-1.5612476,0.217405,39.4154
T000248,alpha,BN,binder_void,0.8934,1.9637,-1.5612476,1.1888,2.59,-2.056213,0.851763,364.612
T000248,alpha,binder_void,BN,1.1888,2.59,-2.056213,1.2838,2.8066,-2.200931,0.277449,35.7914
T000248,alpha,BN,binder_void,1.2838,2.8066,-2.200931,1.4518,3.1979,-2.444903,0.492846,58.8899
T000248,alpha,binder_void,BN,1.4518,3.1979,-2.444903,1.8973,3.6241,-2.92371,0.784596,61.2656
T000248,alpha,BN,binder_void,1.8973,3.6241,-2.92371,2.0744,3.7552,-3.07952,0.276394,29.1565
T000248,alpha,binder_void,BN,2.0744,3.7552,-3.07952,2.0744,3.7552,-3.07952,0,0
T000248,alpha,BN,binder_void,2.0744,3.7552,-3.07952,2.1244,3.7662,-3.12892,0.0731162,13.7167
T000248,alpha,binder_void,binder_void,2.1244,3.7662,-3.12892,2.2275,3.78,-3.19346,0.136641,1.23484
T000248,alpha,binder_void,binder_void,2.2275,3.78,-3.19346,2.2902,3.759,-3.28045,0.117392,6.02415
T000248,alpha,binder_void,binder_void,2.2902,3.759,-3.28045,2.296,3.758,-3.2881,0.126513,0.564044
T000248,alpha,binder_void,binder_void,2.296,3.758,-3.2881,2.296,3.758,-3.2881,0,0
T000249,Li7,BN,binder_void,0,0,0,0.29899,0.477,-0.31023,0.643122,381.018
T000249,Li7,binder_void,BN,0.29899,0.477,-0.31023,0.92281,1.4874,-1.00616,1.37833,167.941
T000249,Li7,BN,binder_void,0.92281,1.4874,-1.00616,1.123304,1.8656,-1.21925,0.479774,170.053
T000249,Li7,binder_void,BN,1.123304,1.8656,-1.21925,1.271146,2.1135,-1.3403,0.3141,25.333
T000249,Li7,BN,BN,1.271146,2.1135,-1.3403,1.623898,2.711,-1.58016,0.789383,95.6554
T000249,Li7,BN,BN,1.623898,2.711,-1.58016,1.623898,2.711,-1.58016,0,0
T000250,alpha,BN,binder_void,0,0,0,-0.13534,-0.2159,0.14042,0.29094,114.651
T000250,alpha,binder_void,BN,-0.13534,-0.2159,0.14042,-0.43104,-0.6908,0.45277,0.640816,96.5497
T000250,alpha,BN,binder_void,-0.43104,-0.6908,0.45277,-0.73793,-1.188,0.78197,0.670725,293.835
T000250,alpha,binder_void,BN,-0.73793,-1.188,0.78197,-0.91154,-1.4735,0.9629,0.379975,64.2519
T000250,alpha,BN,binder_void,-0.91154,-1.4735,0.9629,-1.30648,-2.10376,1.36109,0.843903,375.426
T000250,alpha,binder_void,ZnS,-1.30648,-2.10376,1.36109,-1.33741,-2.15652,1.39282,0.0689009,15.2323
T000250,alpha,ZnS,ZnS,-1.33741,-2.15652,1.39282,-2.6138,-4.29828,2.68844,2.90365,510.054
T000250,alpha,ZnS,ZnS,-2.6138,-4.29828,2.68844,-2.6138,-4.29828,2.68844,0,0
T000251,Li7,BN,binder_void,0,0,0,0.333,-0.176,0.41504,0.560787,318.034
T000251,Li7,binder_void,BN,0.333,-0.176,0.41504,0.46805,-0.2564,0.59998,0.242747,36.5492
T000251,Li7,BN,binder_void,0.46805,-0.2564,0.59998,0.49226,-0.2713,0.63285,0.0434515,24.4933
T000251,Li7,binder_void,BN,0.49226,-0.2713,0.63285,0.78422,-0.4537,1.02645,0.523159,75.628
T000251,Li7,BN,binder_void,0.78422,-0.4537,1.02645,0.85523,-0.4971,1.11815,0.123891,60.0228
T000251,Li7,binder_void,BN,0.85523,-0.4971,1.11815,1.05268,-0.6164,1.36917,0.341103,40.5725
T000251,Li7,BN,binder_void,1.05268,-0.6164,1.36917,1.615006,-0.9683,2.07681,0.979208,280.627
T000251,Li7,binder_void,binder_void,1.615006,-0.9683,2.07681,1.682468,-0.9911,2.09392,0.0859071,2.14624
T000251,Li7,binder_void,binder_void,1.682468,-0.9911,2.09392,1.690593,-1.0455,2.10448,0.0731367,2.34667
T000251,Li7,binder_void,binder_void,1.690593,-1.0455,2.10448,1.690593,-1.0455,2.10448,0,0
T000252,alpha,BN,binder_void,0,0,0,-0.19822,0.1048,-0.24704,0.333628,126.927
T000252,alpha,binder_void,BN,-0.19822,0.1048,-0.24704,-0.32359,0.1668,-0.4027,0.209257,27.3123
T000252,alpha,BN,binder_void,-0.32359,0.1668,-0.4027,-0.7226,0.3602,-0.89613,0.663486,295.357
T000252,alpha,binder_void,BN,-0.7226,0.3602,-0.89613,-0.86693,0.4331,-1.0827,0.24687,37.7228
T000252,alpha,BN,binder_void,-0.86693,0.4331,-1.0827,-1.4255,0.7178,-1.80501,0.956739,432.158
T000252,alpha,binder_void,ZnS,-1.4255,0.7178,-1.80501,-1.80475,0.927,-2.33286,0.682933,128.469
T000252,alpha,ZnS,ZnS,-1.80475,0.927,-2.33286,-3.19545,1.745,-4.29323,2.6484,422.054
T000252,alpha,ZnS,ZnS,-3.19545,1.745,-4.29323,-3.19545,1.745,-4.29323,0,0
T000253,Li7,BN,binder_void,0,0,0,-0.291556,0.25726,0.1872,0.431714,263.767
T000253,Li7,binder_void,BN,-0.291556,0.25726,0.1872,-1.518815,1.3534,0.99945,1.83744,239.64
T000253,Li7,BN,binder_void,-1.518815,1.3534,0.99945,-1.982795,1.77388,1.24514,0.675224,259.313
T000253,Li7,binder_void,ZnS,-1.982795,1.77388,1.24514,-2.035965,1.81092,1.26446,0.0677276,4.87192
T000253,Li7,ZnS,ZnS,-2.035965,1.81092,1.26446,-2.207575,1.85812,1.32759,0.19722,48.0998
T000253,Li7,ZnS,ZnS,-2.207575,1.85812,1.32759,-2.253285,1.86232,1.47214,0.183687,28.5812
T000253,Li7,ZnS,ZnS,-2.253285,1.86232,1.47214,-2.253285,1.86232,1.47214,0,0
T000254,alpha,BN,binder_void,0,0,0,0.346345,-0.3056,-0.22238,0.512677,192.192
T000254,alpha,binder_void,ZnS,0.346345,-0.3056,-0.22238,0.6098914,-0.53486,-0.39465,0.389492,63.2007
T000254,alpha,ZnS,binder_void,0.6098914,-0.53486,-0.39465,2.312825,-2.04197,-1.55866,2.56442,975.975
T000254,alpha,binder_void,BN,2.312825,-2.04197,-1.55866,2.533955,-2.1749,-1.65414,0.275213,37.9705
T000254,alpha,BN,BN,2.533955,-2.1749,-1.65414,3.301085,-2.64316,-2.00617,0.973456,200.662
T000254,alpha,BN,BN,3.301085,-2.64316,-2.00617,3.301085,-2.64316,-2.00617,0,0
T000255,Li7,BN,binder_void,0,0,0,0.177275,0.3766,0.25367,0.487664,317.831
T000255,Li7,binder_void,BN,0.177275,0.3766,0.25367,0.257777,0.56824,0.37461,0.240525,34.8229
T000255,Li7,BN,binder_void,0.257777,0.56824,0.37461,0.359282,0.80646,0.52847,0.301428,155.793
T000255,Li7,binder_void,ZnS,0.359282,0.80646,0.52847,0.546035,1.27216,0.93011,0.643415,80.3951
T000255,Li7,ZnS,ZnS,0.546035,1.27216,0.93011,0.5884518,2.41378,1.61424,1.39384,226.612
T000255,Li7,ZnS,ZnS,0.5884518,2.41378,1.61424,0.535148,2.51223,1.55539,0.56868,24.5454
T000255,Li7,ZnS,ZnS,0.535148,2.51223,1.55539,0.535148,2.51223,1.55539,0,0
T000256,alpha,BN,binder_void,0,0,0,-0.165057,-0.35065,-0.23618,0.453879,177.39
T000256,alpha,binder_void,ZnS,-0.165057,-0.35065,-0.23618,-0.241988,-0.51756,-0.34942,0.21588,32.6826
T000256,alpha,ZnS,binder_void,-0.241988,-0.51756,-0.34942,-1.664245,-3.59721,-2.43366,4.00816,1142.24
T000256,alpha,binder_void,binder_void,-1.664245,-3.59721,-2.43366,-2.301145,-5.05711,-3.58998,2.00756,117.687
T000256,alpha,binder_void,binder_void,-2.301145,-5.05711,-3.58998,-2.301145,-5.05711,-3.58998,0,0
T000257,Li7,BN,binder_void,0,0,0,-0.082,0.04721,-0.0611,0.112601,71.1305
T000257,Li7,binder_void,BN,-0.082,0.04721,-0.0611,-1.2172,0.7131,-0.9277,1.57677,264.088
T000257,Li7,BN,binder_void,-1.2172,0.7131,-0.9277,-1.5789,0.93044,-1.2122,0.509611,253.546
T000257,Li7,binder_void,BN,-1.5789,0.93044,-1.2122,-2.5945,1.36694,-2.0231,1.37706,128.873
T000257,Li7,BN,BN,-2.5945,1.36694,-2.0231,-3.2295,1.43704,-2.5671,0.883592,122.362
T000257,Li7,BN,BN,-3.2295,1.43704,-2.5671,-3.2295,1.43704,-2.5671,0,0
T000258,alpha,BN,binder_void,0,0,0,0.435,-0.25046,0.3239,0.597431,215.677
T000258,alpha,binder_void,BN,0.435,-0.25046,0.3239,0.606,-0.34706,0.4524,0.234737,33.9725
T000258,alpha,BN,binder_void,0.606,-0.34706,0.4524,1.0131,-0.57623,0.7592,0.558926,233.055
T000258,alpha,binder_void,BN,1.0131,-0.57623,0.7592,1.5506,-0.88477,1.1668,0.741846,125.734
T000258,alpha,BN,binder_void,1.5506,-0.88477,1.1668,2.1035,-1.19583,1.5868,0.761034,360.926
T000258,alpha,binder_void,BN,2.1035,-1.19583,1.5868,2.1975,-1.24784,1.6553,0.127433,26.839
T000258,alpha,BN,binder_void,2.1975,-1.24784,1.6553,2.7711,-1.56099,2.0774,0.77878,352.164
T000258,alpha,binder_void,outside,2.7711,-1.56099,2.0774,2.8183,-1.5856,2.1143,0.0647392,6.9127
T000259,Li7,BN,binder_void,0,0,0,-0.4281,0.00856,0.4272,0.605109,405.537
T000259,Li7,binder_void,BN,-0.4281,0.00856,0.4272,-1.1415,0.0166,1.1462,1.01347,157.428
T000259,Li7,BN,binder_void,-1.1415,0.0166,1.1462,-1.6272,0.01572,1.6138,0.675739,317.824
T000259,Li7,binder_void,outside,-1.6272,0.01572,1.6138,-2.1238,0.01887,2.1143,0.710116,46.9944
T000260,alpha,BN,binder_void,0,0,0,0.0787,-0.00157,-0.0786,0.111198,35.809
T000260,alpha,binder_void,ZnS,0.0787,-0.00157,-0.0786,0.1613,-0.0033,-0.1601,0.116064,19.7375
T000260,alpha,ZnS,binder_void,0.1613,-0.0033,-0.1601,2.4428,-0.05004,-2.3977,3.20401,1042.18
T000260,alpha,binder_void,BN,2.4428,-0.05004,-2.3977,2.5183,-0.0663,-2.5003,0.128385,23.1203
T000260,alpha,BN,binder_void,2.5183,-0.0663,-2.5003,3.0181,-0.1788,-3.1794,0.851188,335.248
T000260,alpha,binder_void,BN,3.0181,-0.1788,-3.1794,3.09212,-0.18703,-3.2728,0.119471,18.7715
T000260,alpha,BN,binder_void,3.09212,-0.18703,-3.2728,3.62077,-0.24908,-3.95171,0.865116,245.012
T000260,alpha,binder_void,ZnS,3.62077,-0.24908,-3.95171,3.64948,-0.24208,-4.001,0.0575392,5.8529
T000260,alpha,ZnS,ZnS,3.64948,-0.24208,-4.001,3.69117,-0.22973,-4.24029,0.255179,41.0327
T000260,alpha,ZnS,ZnS,3.69117,-0.22973,-4.24029,3.56363,-0.212,-4.36881,0.282119,9.23908
T000260,alpha,ZnS,ZnS,3.56363,-0.212,-4.36881,3.56363,-0.212,-4.36881,0,0
T000261,Li7,BN,binder_void,0,0,0,0.4195,0.26113,-0.17202,0.523481,322.158
T000261,Li7,binder_void,BN,0.4195,0.26113,-0.17202,0.45,0.28059,-0.18417,0.0381851,4.10977
T000261,Li7,BN,binder_void,0.45,0.28059,-0.18417,1.2137,0.76636,-0.48044,0.954953,480.214
T000261,Li7,binder_void,ZnS,1.2137,0.76636,-0.48044,1.4045,0.88024,-0.57282,0.248242,9.91731
T000261,Li7,ZnS,ZnS,1.4045,0.88024,-0.57282,1.4581,0.93964,-0.58929,0.0920693,11.931
T000261,Li7,ZnS,ZnS,1.4581,0.93964,-0.58929,1.5274,0.93419,-0.6111,0.105785,10.3707
T000261,Li7,ZnS,ZnS,1.5274,0.93419,-0.6111,1.5355,0.95952,-0.54831,0.0933653,1.29967
T000261,Li7,ZnS,ZnS,1.5355,0.95952,-0.54831,1.5355,0.95952,-0.54831,0,0
T000262,alpha,BN,binder_void,0,0,0,-0.1792,-0.1115,0.07345,0.223439,80.0092
T000262,alpha,binder_void,ZnS,-0.1792,-0.1115,0.07345,-0.4958,-0.3109,0.20383,0.396242,51.9352
T000262,alpha,ZnS,binder_void,-0.4958,-0.3109,0.20383,-3.1775,-1.979,1.24462,3.34012,1048.07
T000262,alpha,binder_void,BN,-3.1775,-1.979,1.24462,-4.3233,-2.7519,1.50886,1.40929,198.514
T000262,alpha,BN,BN,-4.3233,-2.7519,1.50886,-4.883,-3.0975,1.59269,0.682231,91.4699
T000262,alpha,BN,BN,-4.883,-3.0975,1.59269,-4.883,-3.0975,1.59269,0,0
T000263,Li7,BN,binder_void,0,0,0,0.1339,0.1751,0.18429,0.287372,180.351
T000263,Li7,binder_void,BN,0.1339,0.1751,0.18429,0.1508,0.197,0.20789,0.0363599,6.57684
T000263,Li7,BN,binder_void,0.1508,0.197,0.20789,0.4458,0.58162,0.62207,0.638259,312.215
T000263,Li7,binder_void,BN,0.4458,0.58162,0.62207,0.5492,0.7124,0.74736,0.208603,25.2744
T000263,Li7,BN,binder_void,0.5492,0.7124,0.74736,1.0035,1.25819,1.31463,0.915062,237.983
T000263,Li7,binder_void,BN,1.0035,1.25819,1.31463,1.043,1.29175,1.38213,0.0852908,5.74117
T000263,Li7,BN,binder_void,1.043,1.29175,1.38213,1.2957,1.53484,1.88485,0.680026,69.5016
T000263,Li7,binder_void,binder_void,1.2957,1.53484,1.88485,1.2938,1.49829,1.88695,0.0548803,1.67014
T000263,Li7,binder_void,binder_void,1.2938,1.49829,1.88695,1.2898,1.49713,1.87197,0.0560914,0.686993
T000263,Li7,binder_void,binder_void,1.2898,1.49713,1.87197,1.2898,1.49713,1.87197,0,0
T000264,alpha,BN,binder_void,0,0,0,-0.1897,-0.2479,-0.26102,0.406935,150.317
T000264,alpha,binder_void,BN,-0.1897,-0.2479,-0.26102,-0.2941,-0.3857,-0.40668,0.22607,34.5996
T000264,alpha,BN,binder_void,-0.2941,-0.3857,-0.40668,-0.6896,-0.9046,-0.95801,0.854283,358.324
T000264,alpha,binder_void,BN,-0.6896,-0.9046,-0.95801,-0.7491,-0.9846,-1.04137,0.129956,23.0932
T000264,alpha,BN,binder_void,-0.7491,-0.9846,-1.04137,-1.1652,-1.5413,-1.62171,0.905775,415.476
T000264,alpha,binder_void,BN,-1.1652,-1.5413,-1.62171,-1.1754,-1.555,-1.63567,0.0220383,3.75641
T000264,alpha,BN,binder_void,-1.1754,-1.555,-1.63567,-1.5195,-2.0196,-2.10865,0.747645,259.449
T000264,alpha,binder_void,BN,-1.5195,-2.0196,-2.10865,-1.6899,-2.2015,-2.3008,0.314884,38.8905
T000264,alpha,BN,binder_void,-1.6899,-2.2015,-2.3008,-2.1433,-2.7032,-2.82331,0.861424,103.941
T000264,alpha,binder_void,BN,-2.1433,-2.7032,-2.82331,-2.2482,-2.8873,-3.00818,0.282067,23.5212
T000264,alpha,BN,BN,-2.2482,-2.8873,-3.00818,-2.4238,-3.2529,-3.34495,0.558482,58.6326
T000264,alpha,BN,BN,-2.4238,-3.2529,-3.34495,-2.4238,-3.2529,-3.34495,0,0
T000265,Li7,BN,binder_void,0,0,0,0.023,0.4199,0.30711,0.521041,300.854
T000265,Li7,binder_void,BN,0.023,0.4199,0.30711,0.0233,0.4316,0.31534,0.0143089,1.83102
T000265,Li7,BN,binder_void,0.0233,0.4316,0.31534,0.0407,1.206,0.86222,0.950536,476.525
T000265,Li7,binder_void,BN,0.0407,1.206,0.86222,0.03,1.2941,0.90403,0.098415,5.01061
T000265,Li7,BN,BN,0.03,1.2941,0.90403,0.0116,1.7743,1.10126,0.601784,55.7796
T000265,Li7,BN,BN,0.0116,1.7743,1.10126,0.0116,1.7743,1.10126,0,0
T000266,alpha,BN,binder_void,0,0,0,-0.0212,-0.3841,-0.28087,0.476313,187.157
T000266,alpha,binder_void,BN,-0.0212,-0.3841,-0.28087,-0.0225,-0.4062,-0.29727,0.0275279,4.03613
T000266,alpha,BN,binder_void,-0.0225,-0.4062,-0.29727,-0.0704,-1.203,-0.88885,0.993767,421.603
T000266,alpha,binder_void,BN,-0.0704,-1.203,-0.88885,-0.0836,-1.5203,-1.13649,0.40275,66.9097
T000266,alpha,BN,binder_void,-0.0836,-1.5203,-1.13649,-0.0941,-1.7655,-1.32659,0.310447,134.722
T000266,alpha,binder_void,ZnS,-0.0941,-1.7655,-1.32659,-0.0974,-1.813,-1.36233,0.0595715,9.17756
T000266,alpha,ZnS,binder_void,-0.0974,-1.813,-1.36233,-0.1369,-2.3863,-1.79156,0.719362,240.626
T000266,alpha,binder_void,BN,-0.1369,-2.3863,-1.79156,-0.1668,-2.94732,-2.26057,0.732096,124.803
T000266,alpha,BN,binder_void,-0.1668,-2.94732,-2.26057,-0.1774,-3.35271,-2.59853,0.528799,150.665
T000266,alpha,binder_void,BN,-0.1774,-3.35271,-2.59853,-0.1971,-3.6254,-2.82751,0.357182,40.1704
T000266,alpha,BN,binder_void,-0.1971,-3.6254,-2.82751,-0.2201,-3.87553,-3.02521,0.322607,69.0816
T000266,alpha,binder_void,BN,-0.2201,-3.87553,-3.02521,-0.2218,-4.25005,-3.5731,0.783131,14.8497
T000266,alpha,BN,binder_void,-0.2218,-4.25005,-3.5731,-0.2218,-4.25005,-3.5731,0,0
T000266,alpha,binder_void,binder_void,-0.2218,-4.25005,-3.5731,-0.1919,-4.21102,-3.621779,0.0749266,0.62235
T000266,alpha,binder_void,binder_void,-0.1919,-4.21102,-3.621779,-0.1979,-4.20577,-3.704615,0.0940121,0.914315
T000266,alpha,binder_void,binder_void,-0.1979,-4.20577,-3.704615,-0.2203,-4.22785,-3.767332,0.0797101,1.28483
T000266,alpha,binder_void,BN,-0.2203,-4.22785,-3.767332,-0.22,-4.22863,-3.767031,0.000898757,0.0288911
T000266,alpha,BN,BN,-0.22,-4.22863,-3.767031,-0.2127,-4.24886,-3.771092,0.024048,3.34916
T000266,alpha,BN,BN,-0.2127,-4.24886,-3.771092,-0.2127,-4.24886,-3.771092,0,0
T000267,Li7,BN,binder_void,0,0,0,-0.383,0.0699,-0.25626,0.466221,292.2
T000267,Li7,binder_void,BN,-0.383,0.0699,-0.25626,-0.4754,0.0876,-0.31725,0.112167,18.601
T000267,Li7,BN,binder_void,-0.4754,0.0876,-0.31725,-0.9726,0.1799,-0.65344,0.608085,290.262
T000267,Li7,binder_void,BN,-0.9726,0.1799,-0.65344,-1.1538,0.2225,-0.7949,0.233948,28.3802
T000267,Li7,BN,binder_void,-1.1538,0.2225,-0.7949,-1.5096,0.314,-1.11007,0.487118,143.29
T000267,Li7,binder_void,BN,-1.5096,0.314,-1.11007,-1.5924,0.3535,-1.14676,0.099142,5.38613
T000267,Li7,BN,BN,-1.5924,0.3535,-1.14676,-2.0544,0.607,-1.32811,0.633843,61.8803
T000267,Li7,BN,BN,-2.0544,0.607,-1.32811,-2.0544,0.607,-1.32811,0,0
T000268,alpha,BN,binder_void,0,0,0,0.4373,-0.0799,0.29268,0.532294,209.358
T000268,alpha,binder_void,ZnS,0.4373,-0.0799,0.29268,0.9914,-0.1818,0.66395,0.674793,95.8831
T000268,alpha,ZnS,ZnS,0.9914,-0.1818,0.66395,3.40838,-0.6025,2.27648,2.95054,1164.76
T000268,alpha,ZnS,ZnS,3.40838,-0.6025,2.27648,3.40838,-0.6025,2.27648,0,0
T000269,Li7,BN,binder_void,0,0,0,0.05665,-0.3984,-0.12986,0.422996,273.452
T000269,Li7,binder_void,ZnS,0.05665,-0.3984,-0.12986,0.06745,-0.4922,-0.15842,0.0986528,13.2262
T000269,Li7,ZnS,ZnS,0.06745,-0.4922,-0.15842,0.43391,-1.8538,-0.73058,1.53944,516.076
T000269,Li7,ZnS,binder_void,0.43391,-1.8538,-0.73058,0.45926,-1.9665,-0.79548,0.174625,28.6069
T000269,Li7,binder_void,ZnS,0.45926,-1.9665,-0.79548,0.45926,-1.9665,-0.79548,0,0
T000269,Li7,ZnS,ZnS,0.45926,-1.9665,-0.79548,0.45197,-1.983,-0.81361,0.0581487,4.59016
T000269,Li7,ZnS,binder_void,0.45197,-1.983,-0.81361,0.45194,-1.9823,-0.81453,0.00125721,0.0541659
T000269,Li7,binder_void,binder_void,0.45194,-1.9823,-0.81453,0.44806,-1.9357,-0.84115,0.0799515,2.22702
T000269,Li7,binder_void,binder_void,0.44806,-1.9357,-0.84115,0.43405,-1.9221,-0.85257,0.082092,1.76831
T000269,Li7,binder_void,binder_void,0.43405,-1.9221,-0.85257,0.43405,-1.9221,-0.85257,0,0
T000270,alpha,BN,binder_void,0,0,0,-0.03119,0.2193,0.07151,0.232832,88.8416
T000270,alpha,binder_void,BN,-0.03119,0.2193,0.07151,-0.05287,0.3683,0.11913,0.157899,21.5281
T000270,alpha,BN,binder_void,-0.05287,0.3683,0.11913,-0.15442,1.0529,0.33909,0.726255,299.802
T000270,alpha,binder_void,BN,-0.15442,1.0529,0.33909,-0.15583,1.0629,0.34233,0.0106209,1.76527
T000270,alpha,BN,binder_void,-0.15583,1.0629,0.34233,-0.25732,1.7783,0.57404,0.758992,318.265
T000270,alpha,binder_void,ZnS,-0.25732,1.7783,0.57404,-0.3898,2.8093,0.89919,1.08935,182.792
T000270,alpha,ZnS,binder_void,-0.3898,2.8093,0.89919,-0.49896,4.02,1.27221,1.28094,479.872
T000270,alpha,binder_void,BN,-0.49896,4.02,1.27221,-0.52996,4.3598,1.4541,0.388495,16.8198
T000270,alpha,BN,BN,-0.52996,4.3598,1.4541,-0.56307,4.844,1.6819,0.566841,60.3139
T000270,alpha,BN,BN,-0.56307,4.844,1.6819,-0.56307,4.844,1.6819,0,0
T000271,Li7,BN,binder_void,0,0,0,-0.1164,-0.0393,0.03187,0.126909,82.9923
T000271,Li7,binder_void,ZnS,-0.1164,-0.0393,0.03187,-0.30499,-0.101,0.08304,0.204935,38.5671
T000271,Li7,ZnS,ZnS,-0.30499,-0.101,0.08304,-1.68605,-0.7706,0.44167,1.58774,718.441
T000271,Li7,ZnS,ZnS,-1.68605,-0.7706,0.44167,-1.68605,-0.7706,0.44167,0,0
T000272,alpha,BN,binder_void,0,0,0,0.71165,0.2397,-0.19483,0.775887,288.943
T000272,alpha,binder_void,BN,0.71165,0.2397,-0.19483,0.75738,0.2551,-0.20763,0.0499156,7.43947
T000272,alpha,BN,binder_void,0.75738,0.2551,-0.20763,1.56832,0.5277,-0.43507,0.885424,374.725
T000272,alpha,binder_void,BN,1.56832,0.5277,-0.43507,1.63638,0.5508,-0.45544,0.0747227,14.2595
T000272,alpha,BN,binder_void,1.63638,0.5508,-0.45544,2.04921,0.6918,-0.57944,0.453622,202.367
T000272,alpha,binder_void,BN,2.04921,0.6918,-0.57944,2.8838,0.978,-0.82131,0.91507,157.682
T000272,alpha,BN,BN,2.8838,0.978,-0.82131,3.76812,1.3648,-1.00332,0.983822,424.584
T000272,alpha,BN,BN,3.76812,1.3648,-1.00332,3.76812,1.3648,-1.00332,0,0
T000273,Li7,BN,binder_void,0,0,0,-0.15864,0.0975,-0.03175,0.188912,123.225
T000273,Li7,binder_void,ZnS,-0.15864,0.0975,-0.03175,-1.0075,0.6068,-0.2188,1.00786,164.93
T000273,Li7,ZnS,ZnS,-1.0075,0.6068,-0.2188,-2.37454,1.2178,-0.45545,1.53896,482.168
T000273,Li7,ZnS,binder_void,-2.37454,1.2178,-0.45545,-2.771065,1.1222,-0.44916,0.577557,16.9518
T000273,Li7,binder_void,ZnS,-2.771065,1.1222,-0.44916,-2.771065,1.1222,-0.44916,0,0
T000273,Li7,ZnS,ZnS,-2.771065,1.1222,-0.44916,-2.883427,1.1819,-0.53659,0.175655,41.6234
T000273,Li7,ZnS,ZnS,-2.883427,1.1819,-0.53659,-2.916707,1.2158,-0.54735,0.183263,7.37011
T000273,Li7,ZnS,binder_void,-2.916707,1.2158,-0.54735,-2.918197,1.2176,-0.54629,0.00297203,0.118809
T000273,Li7,binder_void,binder_void,-2.918197,1.2176,-0.54629,-2.954028,1.2449,-0.52466,0.083251,2.90676
T000273,Li7,binder_void,binder_void,-2.954028,1.2449,-0.52466,-2.956402,1.2465,-0.52431,0.00391464,0.706236
T000273,Li7,binder_void,binder_void,-2.956402,1.2465,-0.52431,-2.956402,1.2465,-0.52431,0,0
T000274,alpha,BN,binder_void,0,0,0,0.15977,-0.0981,0.03198,0.190219,63.0377
T000274,alpha,binder_void,ZnS,0.15977,-0.0981,0.03198,0.69392,-0.4196,0.1406,0.632836,93.1546
T000274,alpha,ZnS,binder_void,0.69392,-0.4196,0.1406,4.01541,-2.415,0.83615,3.96032,1229.11
T000274,alpha,binder_void,binder_void,4.01541,-2.415,0.83615,4.87814,-2.8921,1.17063,1.05447,84.7
T000274,alpha,binder_void,binder_void,4.87814,-2.8921,1.17063,4.87814,-2.8921,1.17063,0,0
T000275,Li7,BN,binder_void,0,0,0,-0.47732,-0.3338,-0.23059,0.626829,357.978
T000275,Li7,binder_void,BN,-0.47732,-0.3338,-0.23059,-0.84895,-0.5681,-0.40542,0.472998,70.9422
T000275,Li7,BN,binder_void,-0.84895,-0.5681,-0.40542,-1.03071,-0.6786,-0.49204,0.229836,113.477
T000275,Li7,binder_void,BN,-1.03071,-0.6786,-0.49204,-1.66316,-1.028,-0.8359,0.80161,86.8503
T000275,Li7,BN,binder_void,-1.66316,-1.028,-0.8359,-2.0835,-1.2575,-1.07201,0.537786,156.515
T000275,Li7,binder_void,BN,-2.0835,-1.2575,-1.07201,-2.21477,-1.4085,-1.19376,0.237041,16.3474
T000275,Li7,BN,BN,-2.21477,-1.4085,-1.19376,-2.28663,-1.7209,-1.28506,0.352527,37.8901
T000275,Li7,BN,BN,-2.28663,-1.7209,-1.28506,-2.28663,-1.7209,-1.28506,0,0
T000276,alpha,BN,binder_void,0,0,0,0.0437,0.0306,0.02111,0.0573517,20.0831
T000276,alpha,binder_void,BN,0.0437,0.0306,0.02111,0.07592,0.0531,0.03668,0.0423087,7.69122
T000276,alpha,BN,binder_void,0.07592,0.0531,0.03668,0.64729,0.454,0.31201,0.750396,283.816
T000276,alpha,binder_void,BN,0.64729,0.454,0.31201,0.6646,0.4664,0.32035,0.0228611,3.85091
T000276,alpha,BN,binder_void,0.6646,0.4664,0.32035,1.07629,0.7602,0.51888,0.543409,219.235
T000276,alpha,binder_void,BN,1.07629,0.7602,0.51888,1.17645,0.8279,0.56606,0.129758,22.2779
T000276,alpha,BN,binder_void,1.17645,0.8279,0.56606,1.75978,1.2214,0.8377,0.754467,358.065
T000276,alpha,binder_void,BN,1.75978,1.2214,0.8377,2.50324,1.7712,1.21851,1.00028,190.758
T000276,alpha,BN,binder_void,2.50324,1.7712,1.21851,3.03061,2.1721,1.50552,0.723064,242.972
T000276,alpha,binder_void,BN,3.03061,2.1721,1.50552,3.22178,2.2818,1.59302,0.237433,23.3712
T000276,alpha,BN,BN,3.22178,2.2818,1.59302,3.79737,2.6016,1.85966,0.731493,97.8801
T000276,alpha,BN,BN,3.79737,2.6016,1.85966,3.79737,2.6016,1.85966,0,0
T000277,Li7,BN,binder_void,0,0,0,0.17371,-0.23259,0.45605,0.540881,329.153
T000277,Li7,binder_void,BN,0.17371,-0.23259,0.45605,0.23588,-0.31394,0.57987,0.160682,23.4745
T000277,Li7,BN,binder_void,0.23588,-0.31394,0.57987,0.59963,-0.78427,1.30063,0.937088,367.82
T000277,Li7,binder_void,BN,0.59963,-0.78427,1.30063,0.66529,-0.82973,1.40772,0.133791,9.27098
T000277,Li7,BN,binder_void,0.66529,-0.82973,1.40772,0.96036,-1.06514,1.88889,0.631824,65.5012
T000277,Li7,binder_void,BN,0.96036,-1.06514,1.88889,1.29424,-1.30695,2.3321,0.63769,30.0167
T000277,Li7,BN,BN,1.29424,-1.30695,2.3321,1.34266,-1.33833,2.34349,0.0614613,7.94488
T000277,Li7,BN,binder_void,1.34266,-1.33833,2.34349,1.34358,-1.34161,2.3421,0.00376361,0.572767
T000277,Li7,binder_void,binder_void,1.34358,-1.34161,2.3421,1.35365,-1.40481,2.26818,0.109194,4.83292
T000277,Li7,binder_void,binder_void,1.35365,-1.40481,2.26818,1.31749,-1.47096,2.27056,0.102159,1.48181
T000277,Li7,binder_void,binder_void,1.31749,-1.47096,2.27056,1.31749,-1.47096,2.27056,0,0
T000278,alpha,BN,binder_void,0,0,0,-0.01497,0.02004,-0.03931,0.0465953,12.2468
T000278,alpha,binder_void,BN,-0.01497,0.02004,-0.03931,-0.32206,0.43602,-0.85623,0.966844,146.548
T000278,alpha,BN,binder_void,-0.32206,0.43602,-0.85623,-0.55283,0.75374,-1.47516,0.733081,294.276
T000278,alpha,binder_void,BN,-0.55283,0.75374,-1.47516,-0.68504,0.94063,-1.85401,0.442663,61.6521
T000278,alpha,BN,binder_void,-0.68504,0.94063,-1.85401,-0.81368,1.12166,-2.22334,0.431011,202.813
T000278,alpha,binder_void,BN,-0.81368,1.12166,-2.22334,-0.86713,1.18767,-2.35885,0.159936,23.691
T000278,alpha,BN,binder_void,-0.86713,1.18767,-2.35885,-1.09151,1.46498,-2.92758,0.67158,329.278
T000278,alpha,binder_void,BN,-1.09151,1.46498,-2.92758,-1.10996,1.4876,-2.97535,0.0559847,8.45371
T000278,alpha,BN,binder_void,-1.10996,1.4876,-2.97535,-1.4174,1.86472,-3.75958,0.924562,270.402
T000278,alpha,binder_void,BN,-1.4174,1.86472,-3.75958,-1.51854,1.9888,-4.014,0.301044,30.8224
T000278,alpha,BN,BN,-1.51854,1.9888,-4.014,-1.61708,2.10777,-4.2771,0.307775,89.8174
T000278,alpha,BN,BN,-1.61708,2.10777,-4.2771,-1.61708,2.10777,-4.2771,0,0
T000279,Li7,BN,binder_void,0,0,0,-0.10263,-0.27927,-0.12399,0.322417,209.218
T000279,Li7,binder_void,BN,-0.10263,-0.27927,-0.12399,-0.32394,-0.86506,-0.38874,0.680114,110.843
T000279,Li7,BN,binder_void,-0.32394,-0.86506,-0.38874,-0.49713,-1.30066,-0.58492,0.508755,260.289
T000279,Li7,binder_void,BN,-0.49713,-1.30066,-0.58492,-0.55109,-1.44506,-0.64319,0.164869,19.1511
T000279,Li7,BN,BN,-0.55109,-1.44506,-0.64319,-0.85667,-2.23366,-0.97841,0.920846,240.499
T000279,Li7,BN,BN,-0.85667,-2.23366,-0.97841,-0.85667,-2.23366,-0.97841,0,0
T000280,alpha,BN,binder_void,0,0,0,0.02489,0.0677,0.03006,0.0781506,33.1166
T000280,alpha,binder_void,BN,0.02489,0.0677,0.03006,0.60623,1.64796,0.75195,1.83219,283.107
T000280,alpha,BN,binder_void,0.60623,1.64796,0.75195,0.77524,2.10648,0.95966,0.53104,216.48
T000280,alpha,binder_void,BN,0.77524,2.10648,0.95966,0.86085,2.3365,1.06352,0.266523,43.6123
T000280,alpha,BN,binder_void,0.86085,2.3365,1.06352,0.90765,2.46373,1.12123,0.14734,67.4179
T000280,alpha,binder_void,BN,0.90765,2.46373,1.12123,1.50897,4.11522,1.85861,1.90652,342.037
T000280,alpha,BN,binder_void,1.50897,4.11522,1.85861,1.7983,4.92592,2.21276,0.931836,380.375
T000280,alpha,binder_void,BN,1.7983,4.92592,2.21276,1.8855,5.16592,2.34848,0.289735,25.3222
T000280,alpha,BN,BN,1.8855,5.16592,2.34848,2.0611,5.68512,2.651233,0.651271,78.5318
T000280,alpha,BN,BN,2.0611,5.68512,2.651233,2.0611,5.68512,2.651233,0,0
T000281,Li7,BN,binder_void,0,0,0,-0.17657,0.17813,-0.3462,0.427672,274.317
T000281,Li7,binder_void,ZnS,-0.17657,0.17813,-0.3462,-0.34433,0.338,-0.68338,0.409246,65.31
T000281,Li7,ZnS,ZnS,-0.34433,0.338,-0.68338,-0.77796,1.11721,-1.89048,1.52165,461.929
T000281,Li7,ZnS,ZnS,-0.77796,1.11721,-1.89048,-0.73432,1.31156,-2.01023,0.711704,38.4444
T000281,Li7,ZnS,ZnS,-0.73432,1.31156,-2.01023,-0.73432,1.31156,-2.01023,0,0
T000282,alpha,BN,binder_void,0,0,0,0.01673,-0.01689,0.03281,0.0405164,15.194
T000282,alpha,binder_void,BN,0.01673,-0.01689,0.03281,1.15718,-1.163493,2.26704,2.75849,423.108
T000282,alpha,BN,binder_void,1.15718,-1.163493,2.26704,1.38204,-1.362812,2.69135,0.520007,224.96
T000282,alpha,binder_void,BN,1.38204,-1.362812,2.69135,1.99216,-1.882414,3.82368,1.38751,243.709
T000282,alpha,BN,binder_void,1.99216,-1.882414,3.82368,2.38929,-2.193831,4.55231,0.88705,404.682
T000282,alpha,binder_void,BN,2.38929,-2.193831,4.55231,2.51621,-2.283077,4.7759,0.272375,34.8653
T000282,alpha,BN,binder_void,2.51621,-2.283077,4.7759,2.68203,-2.388516,5.05364,0.342016,67.139
T000282,alpha,binder_void,BN,2.68203,-2.388516,5.05364,2.71234,-2.415418,5.13056,0.0871018,8.35778
T000282,alpha,BN,BN,2.71234,-2.415418,5.13056,2.8644,-2.548005,5.551,0.502688,47.9843
T000282,alpha,BN,BN,2.8644,-2.548005,5.551,2.8644,-2.548005,5.551,0,0
T000283,Li7,BN,binder_void,0,0,0,-0.15266,0.07143,-0.04055,0.173383,111.524
T000283,Li7,binder_void,ZnS,-0.15266,0.07143,-0.04055,-0.45072,0.21024,-0.12132,0.338614,58.0113
T000283,Li7,ZnS,ZnS,-0.45072,0.21024,-0.12132,-1.81642,0.9444,-0.30694,1.57452,664.172
T000283,Li7,ZnS,ZnS,-1.81642,0.9444,-0.30694,-1.83175,0.95231,-0.30073,0.287939,6.29262
T000283,Li7,ZnS,ZnS,-1.83175,0.95231,-0.30073,-1.83175,0.95231,-0.30073,0,0
T000284,alpha,BN,binder_void,0,0,0,0.08798,-0.04118,0.02338,0.0999161,38.8588
T000284,alpha,binder_void,BN,0.08798,-0.04118,0.02338,0.72869,-0.34096,0.1961,0.728181,110.578
T000284,alpha,BN,binder_void,0.72869,-0.34096,0.1961,1.35652,-0.632212,0.36649,0.712851,277.791
T000284,alpha,binder_void,BN,1.35652,-0.632212,0.36649,1.67496,-0.775602,0.45361,0.359946,51.9891
T000284,alpha,BN,binder_void,1.67496,-0.775602,0.45361,2.22767,-1.026263,0.600927,0.624632,278.734
T000284,alpha,binder_void,BN,2.22767,-1.026263,0.600927,2.52453,-1.15625,0.68494,0.334799,57.9724
T000284,alpha,BN,binder_void,2.52453,-1.15625,0.68494,3.26375,-1.4882413,0.898965,0.838607,397.576
T000284,alpha,binder_void,BN,3.26375,-1.4882413,0.898965,4.18235,-1.93395,1.182394,1.0611,155.161
T000284,alpha,BN,binder_void,4.18235,-1.93395,1.182394,4.70711,-2.182647,1.3780999,0.624082,72.78
T000284,alpha,binder_void,binder_void,4.70711,-2.182647,1.3780999,5.10717,-2.574942,1.56384,0.62584,28.5593
T000284,alpha,binder_void,binder_void,5.10717,-2.574942,1.56384,5.10717,-2.574942,1.56384,0,0
T000285,Li7,BN,binder_void,0,0,0,-0.04165,-0.14379,-0.51503,0.536617,344.829
T000285,Li7,binder_void,ZnS,-0.04165,-0.14379,-0.51503,-0.13006,-0.44382,-1.646446,1.17504,153.949
T000285,Li7,ZnS,ZnS,-0.13006,-0.44382,-1.646446,0.05665,-1.11508,-2.877599,1.45347,264.795
T000285,Li7,ZnS,binder_void,0.05665,-1.11508,-2.877599,0.11172,-1.47966,-2.9441,0.472361,74.339
T000285,Li7,binder_void,binder_void,0.11172,-1.47966,-2.9441,0.11795,-1.50316,-2.91526,0.0675521,2.4725
T000285,Li7,binder_void,binder_void,0.11795,-1.50316,-2.91526,0.11795,-1.50316,-2.91526,0,0
T000286,alpha,BN,binder_void,0,0,0,0.02326,0.0803,0.28761,0.299526,113.13
T000286,alpha,binder_void,BN,0.02326,0.0803,0.28761,0.05342,0.180656,0.64517,0.372602,60.2097
T000286,alpha,BN,binder_void,0.05342,0.180656,0.64517,0.08379,0.285162,1.01576,0.386269,160.616
T000286,alpha,binder_void,ZnS,0.08379,0.285162,1.01576,0.10013,0.348095,1.23977,0.233252,33.9559
T000286,alpha,ZnS,binder_void,0.10013,0.348095,1.23977,0.19548,0.707371,2.50469,1.32118,470.576
T000286,alpha,binder_void,BN,0.19548,0.707371,2.50469,0.30673,1.016767,3.82033,1.35653,237.274
T000286,alpha,BN,binder_void,0.30673,1.016767,3.82033,0.35207,1.1900289,4.48179,0.686109,244.835
T000286,alpha,binder_void,BN,0.35207,1.1900289,4.48179,0.47329,1.567762,5.49804,1.09554,97.5838
T000286,alpha,BN,BN,0.47329,1.567762,5.49804,0.68182,1.653258,5.93204,0.523394,51.819
T000286,alpha,BN,BN,0.68182,1.653258,5.93204,0.68182,1.653258,5.93204,0,0
T000287,Li7,BN,binder_void,0,0,0,-0.25816,0.08301,-0.49862,0.567901,352.906
T000287,Li7,binder_void,BN,-0.25816,0.08301,-0.49862,-0.47215,0.158552,-0.95463,0.509559,71.865
T000287,Li7,BN,binder_void,-0.47215,0.158552,-0.95463,-0.82632,0.288514,-1.669037,0.81054,345.016
T000287,Li7,binder_void,ZnS,-0.82632,0.288514,-1.669037,-0.97616,0.361493,-1.893913,0.28239,12.2645
T000287,Li7,ZnS,ZnS,-0.97616,0.361493,-1.893913,-1.04553,0.459764,-2.004465,0.179475,39.302
T000287,Li7,ZnS,ZnS,-1.04553,0.459764,-2.004465,-1.10055,0.473133,-2.082593,0.176648,18.6463
T000287,Li7,ZnS,ZnS,-1.10055,0.473133,-2.082593,-1.10055,0.473133,-2.082593,0,0
T000288,alpha,BN,binder_void,0,0,0,0.12873,-0.04139,0.24864,0.283035,105.975
T000288,alpha,binder_void,BN,0.12873,-0.04139,0.24864,0.26213,-0.08412,0.50641,0.293385,41.432
T000288,alpha,BN,binder_void,0.26213,-0.08412,0.50641,0.62221,-0.19986,1.20132,0.791273,316.763
T000288,alpha,binder_void,ZnS,0.62221,-0.19986,1.20132,0.67712,-0.21703,1.31025,0.123187,17.2385
T000288,alpha,ZnS,binder_void,0.67712,-0.21703,1.31025,2.3539,-0.74895,4.64408,3.81098,759.64
T000288,alpha,binder_void,BN,2.3539,-0.74895,4.64408,2.36582,-0.75147,4.71987,0.0767742,12.1896
T000288,alpha,BN,binder_void,2.36582,-0.75147,4.71987,2.47993,-0.77583,5.43222,0.72501,140.182
T000288,alpha,binder_void,BN,2.47993,-0.77583,5.43222,2.73484,-0.85465,5.97383,0.608536,36.2538
T000288,alpha,BN,BN,2.73484,-0.85465,5.97383,2.95632,-0.93818,6.31797,0.458847,40.3255
T000288,alpha,BN,BN,2.95632,-0.93818,6.31797,2.95632,-0.93818,6.31797,0,0
T000289,Li7,BN,binder_void,0,0,0,-0.0396,0.0062,-0.05006,0.0641493,45.1252
T000289,Li7,binder_void,ZnS,-0.0396,0.0062,-0.05006,-0.2523,0.0384,-0.31896,0.344427,62.6891
T000289,Li7,ZnS,ZnS,-0.2523,0.0384,-0.31896,-1.2306,-0.0225,-1.55848,1.59144,605.869
T000289,Li7,ZnS,ZnS,-1.2306,-0.0225,-1.55848,-1.7545,0.3096,-2.45029,1.2341,126.317
T000289,Li7,ZnS,ZnS,-1.7545,0.3096,-2.45029,-1.7545,0.3096,-2.45029,0,0
T000290,alpha,BN,binder_void,0,0,0,0.1193,-0.0189,0.15072,0.193125,67.3272
T000290,alpha,binder_void,BN,0.1193,-0.0189,0.15072,0.39646,-0.0656,0.50242,0.450226,61.0495
T000290,alpha,BN,binder_void,0.39646,-0.0656,0.50242,0.86671,-0.1407,1.10781,0.770339,296.037
T000290,alpha,binder_void,BN,0.86671,-0.1407,1.10781,1.06471,-0.1806,1.35045,0.315713,43.5234
T000290,alpha,BN,binder_void,1.06471,-0.1806,1.35045,1.58486,-0.2837,1.99191,0.832472,360.489
T000290,alpha,binder_void,BN,1.58486,-0.2837,1.99191,1.62831,-0.292,2.04532,0.0693435,16.5856
T000290,alpha,BN,binder_void,1.62831,-0.292,2.04532,2.07723,-0.3756,2.59806,0.717333,305.219
T000290,alpha,binder_void,BN,2.07723,-0.3756,2.59806,2.09823,-0.3806,2.62693,0.0360418,7.02247
T000290,alpha,BN,binder_void,2.09823,-0.3806,2.62693,2.49129,-0.4747,3.17018,0.678387,175.607
T000290,alpha,binder_void,BN,2.49129,-0.4747,3.17018,2.53601,-0.4876,3.21859,0.0671682,7.3013
T000290,alpha,BN,binder_void,2.53601,-0.4876,3.21859,2.75373,-0.5492,3.46017,0.33253,82.0533
T000290,alpha,binder_void,BN,2.75373,-0.5492,3.46017,3.01125,-0.6519,3.74233,0.400431,42.9777
T000290,alpha,BN,BN,3.01125,-0.6519,3.74233,3.0323,-0.6526,3.75612,0.0267427,0.719834
T000290,alpha,BN,BN,3.0323,-0.6526,3.75612,3.05455,-0.6696,3.75445,0.030596,4.0886
T000290,alpha,BN,BN,3.05455,-0.6696,3.75445,3.05455,-0.6696,3.75445,0,0
T000291,Li7,BN,binder_void,0,0,0,0.2209,-0.0542,-0.13465,0.264348,169.083
T000291,Li7,binder_void,BN,0.2209,-0.0542,-0.13465,0.44748,-0.1066,-0.28454,0.276718,48.8019
T000291,Li7,BN,binder_void,0.44748,-0.1066,-0.28454,1.2463,-0.287,-0.82621,0.983748,456.397
T000291,Li7,binder_void,BN,1.2463,-0.287,-0.82621,1.94426,-0.3933,-1.34473,0.881157,69.118
T000291,Li7,BN,BN,1.94426,-0.3933,-1.34473,2.43884,-0.4018,-1.89311,0.793358,96.6001
T000291,Li7,BN,BN,2.43884,-0.4018,-1.89311,2.43884,-0.4018,-1.89311,0,0
T000292,alpha,BN,binder_void,0,0,0,-0.0391,0.0096,0.02389,0.0468731,16.9352
T000292,alpha,binder_void,ZnS,-0.0391,0.0096,0.02389,-0.7052,0.175,0.43441,0.799757,107.932
T000292,alpha,ZnS,binder_void,-0.7052,0.175,0.43441,-1.8761,0.4594,1.15217,1.40464,506.301
T000292,alpha,binder_void,ZnS,-1.8761,0.4594,1.15217,-2.7895,0.8105,1.82948,1.19028,206.292
T000292,alpha,ZnS,ZnS,-2.7895,0.8105,1.82948,-5.217,1.735,3.63731,3.24462,632.54
T000292,alpha,ZnS,ZnS,-5.217,1.735,3.63731,-5.217,1.735,3.63731,0,0
T000293,Li7,BN,binder_void,0,0,0,0.099,0.33506,0.40743,0.536982,328.606
T000293,Li7,binder_void,BN,0.099,0.33506,0.40743,0.1048,0.3454,0.41742,0.0155094,2.08218
T000293,Li7,BN,binder_void,0.1048,0.3454,0.41742,0.2687,0.63408,0.6984,0.435343,220.203
T000293,Li7,binder_void,ZnS,0.2687,0.63408,0.6984,0.6978,1.39341,1.38569,1.11338,117.44
T000293,Li7,ZnS,ZnS,0.6978,1.39341,1.38569,0.9276,1.75091,2.23569,1.00596,141.68
T000293,Li7,ZnS,ZnS,0.9276,1.75091,2.23569,0.9087,1.73681,2.4016,0.628584,29.9889
T000293,Li7,ZnS,ZnS,0.9087,1.73681,2.4016,0.9087,1.73681,2.4016,0,0
T000294,alpha,BN,binder_void,0,0,0,-0.0295,-0.10002,-0.12162,0.160215,55.537
T000294,alpha,binder_void,BN,-0.0295,-0.10002,-0.12162,-0.1268,-0.40896,-0.48299,0.485281,70.5037
T000294,alpha,BN,binder_void,-0.1268,-0.40896,-0.48299,-0.2493,-0.79133,-0.93042,0.601235,237.714
T000294,alpha,binder_void,BN,-0.2493,-0.79133,-0.93042,-0.2992,-0.9515,-1.11456,0.249099,40.9283
T000294,alpha,BN,binder_void,-0.2992,-0.9515,-1.11456,-0.4312,-1.37752,-1.60488,0.662934,298.688
T000294,alpha,binder_void,BN,-0.4312,-1.37752,-1.60488,-0.6958,-2.29653,-2.65869,1.42339,261.451
T000294,alpha,BN,binder_void,-0.6958,-2.29653,-2.65869,-0.8879,-2.94955,-3.37485,0.989184,310.056
T000294,alpha,binder_void,BN,-0.8879,-2.94955,-3.37485,-1,-3.46183,-3.94873,0.778691,105.191
T000294,alpha,BN,BN,-1,-3.46183,-3.94873,-1.172,-3.91654,-4.41984,0.699504,89.9309
T000294,alpha,BN,BN,-1.172,-3.91654,-4.41984,-1.172,-3.91654,-4.41984,0,0
T000295,Li7,BN,binder_void,0,0,0,0.1975,-0.13322,-0.06972,0.248241,160.756
T000295,Li7,binder_void,BN,0.1975,-0.13322,-0.06972,0.2383,-0.16025,-0.08373,0.0509765,6.24364
T000295,Li7,BN,binder_void,0.2383,-0.16025,-0.08373,0.7909,-0.52942,-0.2731,0.691682,371.841
T000295,Li7,binder_void,BN,0.7909,-0.52942,-0.2731,0.8581,-0.57157,-0.29086,0.0813151,9.96769
T000295,Li7,BN,BN,0.8581,-0.57157,-0.29086,1.6699,-1.09288,-0.50384,0.997289,291.192
T000295,Li7,BN,BN,1.6699,-1.09288,-0.50384,1.6699,-1.09288,-0.50384,0,0
T000296,alpha,BN,binder_void,0,0,0,-0.2756,0.18595,0.09733,0.346477,128.104
T000296,alpha,binder_void,BN,-0.2756,0.18595,0.09733,-0.3932,0.2642,0.13834,0.147088,23.5909
T000296,alpha,BN,binder_void,-0.3932,0.2642,0.13834,-1.1878,0.79201,0.4186,0.994371,428.09
T000296,alpha,binder_void,BN,-1.1878,0.79201,0.4186,-1.4826,0.99088,0.52425,0.371021,64.4971
T000296,alpha,BN,binder_void,-1.4826,0.99088,0.52425,-1.5646,1.04583,0.55336,0.102917,48.3745
T000296,alpha,binder_void,BN,-1.5646,1.04583,0.55336,-2.1775,1.45901,0.76966,0.770278,139.523
T000296,alpha,BN,binder_void,-2.1775,1.45901,0.76966,-2.5486,1.71251,0.90623,0.469823,205.284
T000296,alpha,binder_void,ZnS,-2.5486,1.71251,0.90623,-2.9555,1.95751,1.03069,0.491073,84.2476
T000296,alpha,ZnS,ZnS,-2.9555,1.95751,1.03069,-4.844,3.10791,1.63809,2.42189,348.289
T000296,alpha,ZnS,ZnS,-4.844,3.10791,1.63809,-4.844,3.10791,1.63809,0,0
T000297,Li7,BN,binder_void,0,0,0,-0.60445,0.3335,0.4434,0.821191,481.141
T000297,Li7,binder_void,BN,-0.60445,0.3335,0.4434,-0.87799,0.5102,0.63598,0.378496,48.7854
T000297,Li7,BN,binder_void,-0.87799,0.5102,0.63598,-1.42625,0.9418,1.04297,0.81252,225.293
T000297,Li7,binder_void,BN,-1.42625,0.9418,1.04297,-1.5374,1.0289,1.11336,0.158357,10.9006
T000297,Li7,BN,BN,-1.5374,1.0289,1.11336,-1.96392,1.3268,1.46041,0.692598,73.8797
T000297,Li7,BN,BN,-1.96392,1.3268,1.46041,-1.96392,1.3268,1.46041,0,0
T000298,alpha,BN,binder_void,0,0,0,0.05676,-0.0313,-0.04163,0.07704,28.4495
T000298,alpha,binder_void,ZnS,0.05676,-0.0313,-0.04163,0.14871,-0.0822,-0.10928,0.124976,17.0476
T000298,alpha,ZnS,binder_void,0.14871,-0.0822,-0.10928,2.86697,-1.5924,-2.11797,3.71882,996.904
T000298,alpha,binder_void,ZnS,2.86697,-1.5924,-2.11797,3.10349,-1.7451,-2.23848,0.306268,56.9853
T000298,alpha,ZnS,ZnS,3.10349,-1.7451,-2.23848,4.89588,-2.9653,-3.19526,2.49205,370.614
T000298,alpha,ZnS,ZnS,4.89588,-2.9653,-3.19526,4.89588,-2.9653,-3.19526,0,0
T000299,Li7,BN,binder_void,0,0,0,-0.2637,-0.0065,-0.10465,0.283848,178.953
T000299,Li7,binder_void,BN,-0.2637,-0.0065,-0.10465,-1.61492,-0.0601,-0.64227,1.45633,214.185
T000299,Li7,BN,binder_void,-1.61492,-0.0601,-0.64227,-2.4488,-0.1158,-0.89216,0.87504,388.109
T000299,Li7,binder_void,ZnS,-2.4488,-0.1158,-0.89216,-2.58974,-0.1258,-0.93963,0.150015,8.63011
T000299,Li7,ZnS,ZnS,-2.58974,-0.1258,-0.93963,-2.7551,-0.1728,-0.94735,0.187901,40.1384
T000299,Li7,ZnS,ZnS,-2.7551,-0.1728,-0.94735,-2.7649,-0.2291,-0.90589,0.178327,8.15184
T000299,Li7,ZnS,ZnS,-2.7649,-0.2291,-0.90589,-2.76103,-0.2293,-0.90603,0.15542,1.83331
T000299,Li7,ZnS,ZnS,-2.76103,-0.2293,-0.90603,-2.76103,-0.2293,-0.90603,0,0
T000300,alpha,BN,binder_void,0,0,0,0.20699,0.005,0.08214,0.222756,86.2479
T000300,alpha,binder_void,BN,0.20699,0.005,0.08214,1.10078,0.0252,0.43353,0.960637,130.049
T000300,alpha,BN,binder_void,1.10078,0.0252,0.43353,1.83304,0.0398,0.7205,0.786741,331.798
T000300,alpha,binder_void,BN,1.83304,0.0398,0.7205,2.11862,0.0435,0.83298,0.306968,47.8566
T000300,alpha,BN,binder_void,2.11862,0.0435,0.83298,2.60364,0.0485,1.02569,0.522017,236.128
T000300,alpha,binder_void,ZnS,2.60364,0.0485,1.02569,2.74363,0.0493,1.08059,0.150384,22.7668
T000300,alpha,ZnS,ZnS,2.74363,0.0493,1.08059,5.64578,0.0845,2.21278,3.19682,615.154
T000300,alpha,ZnS,ZnS,5.64578,0.0845,2.21278,5.64578,0.0845,2.21278,0,0
T000301,Li7,BN,binder_void,0,0,0,-0.1268,-0.32964,0.30326,0.465721,281.273
T000301,Li7,binder_void,BN,-0.1268,-0.32964,0.30326,-0.141,-0.38454,0.39119,0.104638,17.8204
T000301,Li7,BN,binder_void,-0.141,-0.38454,0.39119,-0.2283,-0.733,0.95698,0.671208,333.173
T000301,Li7,binder_void,BN,-0.2283,-0.733,0.95698,-0.4143,-1.15821,1.85099,1.01182,86.3476
T000301,Li7,BN,BN,-0.4143,-1.15821,1.85099,-0.477,-1.49151,2.61564,0.881318,121.386
T000301,Li7,BN,BN,-0.477,-1.49151,2.61564,-0.477,-1.49151,2.61564,0,0
T000302,alpha,BN,binder_void,0,0,0,0.1413,0.36723,-0.33785,0.518652,186.618
T000302,alpha,binder_void,ZnS,0.1413,0.36723,-0.33785,0.4363,1.13726,-1.0413,1.08397,176.321
T000302,alpha,ZnS,binder_void,0.4363,1.13726,-1.0413,0.7823,2.0648,-1.88732,1.30491,522.574
T000302,alpha,binder_void,BN,0.7823,2.0648,-1.88732,0.8944,2.37612,-2.22548,0.473171,83.6182
T000302,alpha,BN,binder_void,0.8944,2.37612,-2.22548,1.0429,2.78326,-2.66909,0.620589,238.902
T000302,alpha,binder_void,ZnS,1.0429,2.78326,-2.66909,1.1428,3.06973,-2.95061,0.414067,63.1438
T000302,alpha,ZnS,ZnS,1.1428,3.06973,-2.95061,1.6055,4.2433,-4.06338,1.88992,198.823
T000302,alpha,ZnS,ZnS,1.6055,4.2433,-4.06338,1.6055,4.2433,-4.06338,0,0
T000303,Li7,BN,binder_void,0,0,0,0.344,-0.25447,-0.37196,0.567254,338.205
T000303,Li7,binder_void,BN,0.344,-0.25447,-0.37196,0.4391,-0.32491,-0.46573,0.151,25.9445
T000303,Li7,BN,binder_void,0.4391,-0.32491,-0.46573,0.9961,-0.72785,-1.00423,0.875741,346.416
T000303,Li7,binder_void,BN,0.9961,-0.72785,-1.00423,1.0727,-0.8232,-1.1196,0.168399,12.0312
T000303,Li7,BN,binder_void,1.0727,-0.8232,-1.1196,1.3413,-1.16097,-1.50513,0.593969,112.717
T000303,Li7,binder_void,binder_void,1.3413,-1.16097,-1.50513,1.3688,-1.21307,-1.54527,0.0927245,5.4309
T000303,Li7,binder_void,binder_void,1.3688,-1.21307,-1.54527,1.3688,-1.21307,-1.54527,0,0
T000304,alpha,BN,binder_void,0,0,0,-0.2584,0.19112,0.27938,0.425858,157.323
T000304,alpha,binder_void,BN,-0.2584,0.19112,0.27938,-0.3713,0.2732,0.40078,0.185033,26.2007
T000304,alpha,BN,binder_void,-0.3713,0.2732,0.40078,-0.6709,0.49238,0.72113,0.490323,209.391
T000304,alpha,binder_void,BN,-0.6709,0.49238,0.72113,-2.2011,1.61423,2.3134,2.47754,416.907
T000304,alpha,BN,binder_void,-2.2011,1.61423,2.3134,-2.5696,1.88964,2.69232,0.596239,254.032
T000304,alpha,binder_void,BN,-2.5696,1.88964,2.69232,-2.7867,2.05553,2.91131,0.350245,52.2321
T000304,alpha,BN,binder_void,-2.7867,2.05553,2.91131,-3.22657,2.39638,3.35412,0.712241,203.021
T000304,alpha,binder_void,BN,-3.22657,2.39638,3.35412,-3.50901,2.61434,3.68561,0.487802,57.9368
T000304,alpha,BN,BN,-3.50901,2.61434,3.68561,-3.88971,2.94967,4.15309,0.71183,92.9573
T000304,alpha,BN,BN,-3.88971,2.94967,4.15309,-3.88971,2.94967,4.15309,0,0
T000305,Li7,BN,binder_void,0,0,0,0.080443,-0.04764,-0.03639,0.100334,61.8084
T000305,Li7,binder_void,BN,0.080443,-0.04764,-0.03639,0.503923,-0.29378,-0.23908,0.530191,97.4331
T000305,Li7,BN,binder_void,0.503923,-0.29378,-0.23908,1.278413,-0.73603,-0.62181,0.972071,527.772
T000305,Li7,binder_void,BN,1.278413,-0.73603,-0.62181,2.165913,-1.21533,-0.90842,1.05755,83.754
T000305,Li7,BN,binder_void,2.165913,-1.21533,-0.90842,2.267393,-1.33013,-1.00679,0.185342,34.9411
T000305,Li7,binder_void,BN,2.267393,-1.33013,-1.00679,2.521983,-1.68953,-1.19715,0.513421,24.3683
T000305,Li7,BN,binder_void,2.521983,-1.68953,-1.19715,2.521983,-1.68953,-1.19715,0,0
T000305,Li7,binder_void,binder_void,2.521983,-1.68953,-1.19715,2.616913,-1.65253,-1.22564,0.119784,4.82703
T000305,Li7,binder_void,BN,2.616913,-1.65253,-1.22564,2.631803,-1.65093,-1.20698,0.0262548,1.91314
T000305,Li7,BN,BN,2.631803,-1.65093,-1.20698,2.647513,-1.64553,-1.20369,0.0322302,3.18319
T000305,Li7,BN,BN,2.647513,-1.64553,-1.20369,2.647513,-1.64553,-1.20369,0,0
T000306,alpha,BN,binder_void,0,0,0,-0.69008,0.40872,0.31214,0.860739,331.539
T000306,alpha,binder_void,BN,-0.69008,0.40872,0.31214,-0.730369,0.43196,0.32977,0.0497421,5.96629
T000306,alpha,BN,binder_void,-0.730369,0.43196,0.32977,-1.414445,0.82675,0.62826,0.844507,362.566
T000306,alpha,binder_void,ZnS,-1.414445,0.82675,0.62826,-1.641267,0.96113,0.72513,0.280886,48.305
T000306,alpha,ZnS,ZnS,-1.641267,0.96113,0.72513,-3.441027,2.01147,1.45733,2.22881,721.624
T000306,alpha,ZnS,ZnS,-3.441027,2.01147,1.45733,-3.441027,2.01147,1.45733,0,0
T000307,Li7,BN,binder_void,0,0,0,0.059844,0.35204,0.60922,0.706647,445.215
T000307,Li7,binder_void,ZnS,0.059844,0.35204,0.60922,0.091642,0.43417,0.76071,0.175265,22.2326
T000307,Li7,ZnS,ZnS,0.091642,0.43417,0.76071,0.396195,1.37227,1.80401,1.46948,371.001
T000307,Li7,ZnS,ZnS,0.396195,1.37227,1.80401,0.397161,1.37539,1.80437,0.142956,1.55106
T000307,Li7,ZnS,ZnS,0.397161,1.37539,1.80437,0.397161,1.37539,1.80437,0,0
T000308,alpha,BN,binder_void,0,0,0,-0.010363,-0.06095,-0.10549,0.122274,44.9578
T000308,alpha,binder_void,BN,-0.010363,-0.06095,-0.10549,-0.098477,-0.59703,-1.01911,1.06301,156.67
T000308,alpha,BN,binder_void,-0.098477,-0.59703,-1.01911,-0.122354,-0.74553,-1.27009,0.292612,118.996
T000308,alpha,binder_void,BN,-0.122354,-0.74553,-1.27009,-0.176788,-1.05493,-1.79208,0.60927,93.0333
T000308,alpha,BN,binder_void,-0.176788,-1.05493,-1.79208,-0.254471,-1.49063,-2.52368,0.855227,377.105
T000308,alpha,binder_void,BN,-0.254471,-1.49063,-2.52368,-0.258301,-1.51203,-2.55888,0.0413885,9.1515
T000308,alpha,BN,binder_void,-0.258301,-1.51203,-2.55888,-0.33712,-1.95963,-3.29262,0.863542,375.381
T000308,alpha,binder_void,BN,-0.33712,-1.95963,-3.29262,-0.353243,-2.09523,-3.50405,0.251782,36.635
T000308,alpha,BN,BN,-0.353243,-2.09523,-3.50405,-0.390688,-2.63803,-4.34087,1.00307,258.069
T000308,alpha,BN,BN,-0.390688,-2.63803,-4.34087,-0.390688,-2.63803,-4.34087,0,0
T000309,Li7,BN,binder_void,0,0,0,-0.25075,0.63001,0.41098,0.793529,460.534
T000309,Li7,binder_void,BN,-0.25075,0.63001,0.41098,-0.45102,1.1666,0.73558,0.658908,88.2716
T000309,Li7,BN,binder_void,-0.45102,1.1666,0.73558,-0.52495,1.34417,0.8299,0.21452,90.5832
T000309,Li7,binder_void,ZnS,-0.52495,1.34417,0.8299,-0.6096,1.54382,0.92875,0.238563,23.3748
T000309,Li7,ZnS,ZnS,-0.6096,1.54382,0.92875,-1.11141,2.60715,0.95497,1.26771,176.911
T000309,Li7,ZnS,ZnS,-1.11141,2.60715,0.95497,-1.11189,2.60742,0.95463,0.0654705,0.325334
T000309,Li7,ZnS,ZnS,-1.11189,2.60742,0.95463,-1.11189,2.60742,0.95463,0,0
T000310,alpha,BN,binder_void,0,0,0,0.03454,-0.08679,-0.05662,0.109241,32.3637
T000310,alpha,binder_void,BN,0.03454,-0.08679,-0.05662,0.04574,-0.11509,-0.07474,0.0354166,4.8874
T000310,alpha,BN,binder_void,0.04574,-0.11509,-0.07474,0.29772,-0.75243,-0.48418,0.79843,316.021
T000310,alpha,binder_void,BN,0.29772,-0.75243,-0.48418,0.31686,-0.80239,-0.51548,0.0619826,14.1862
T000310,alpha,BN,binder_void,0.31686,-0.80239,-0.51548,0.46796,-1.19709,-0.76205,0.489358,219.286
T000310,alpha,binder_void,BN,0.46796,-1.19709,-0.76205,0.49562,-1.26977,-0.8085,0.090582,14.9033
T000310,alpha,BN,binder_void,0.49562,-1.26977,-0.8085,0.58053,-1.4903,-0.94901,0.274961,125.443
T000310,alpha,binder_void,BN,0.58053,-1.4903,-0.94901,0.75015,-1.86118,-1.17366,0.465646,84.0272
T000310,alpha,BN,binder_void,0.75015,-1.86118,-1.17366,0.98757,-2.38277,-1.49704,0.658297,293.207
T000310,alpha,binder_void,ZnS,0.98757,-2.38277,-1.49704,1.04096,-2.49289,-1.56501,0.140006,20.482
T000310,alpha,ZnS,ZnS,1.04096,-2.49289,-1.56501,1.88578,-4.2929,-2.68553,2.41203,345.193
T000310,alpha,ZnS,ZnS,1.88578,-4.2929,-2.68553,1.88578,-4.2929,-2.68553,0,0
T000311,Li7,BN,binder_void,0,0,0,0.36364,0.4425,-0.29922,0.646604,396.284
T000311,Li7,binder_void,BN,0.36364,0.4425,-0.29922,0.46802,0.56036,-0.37241,0.173643,25.898
T000311,Li7,BN,binder_void,0.46802,0.56036,-0.37241,0.9429,1.10434,-0.70044,0.795603,372.215
T000311,Li7,binder_void,BN,0.9429,1.10434,-0.70044,0.97638,1.14045,-0.71767,0.052352,3.85371
T000311,Li7,BN,BN,0.97638,1.14045,-0.71767,1.15837,1.51157,-0.71193,0.440745,41.7496
T000311,Li7,BN,BN,1.15837,1.51157,-0.71193,1.15837,1.51157,-0.71193,0,0
T000312,alpha,BN,binder_void,0,0,0,-0.07543,-0.09178,0.06207,0.13404,50.5465
T000312,alpha,binder_void,BN,-0.07543,-0.09178,0.06207,-0.54562,-0.6677,0.45254,0.839811,119.263
T000312,alpha,BN,binder_void,-0.54562,-0.6677,0.45254,-0.832,-1.01513,0.68805,0.508166,196.154
T000312,alpha,binder_void,BN,-0.832,-1.01513,0.68805,-0.93706,-1.14246,0.77179,0.185107,29.9886
T000312,alpha,BN,binder_void,-0.93706,-1.14246,0.77179,-1.41681,-1.72393,1.15548,0.846052,367.693
T000312,alpha,binder_void,BN,-1.41681,-1.72393,1.15548,-2.01829,-2.43712,1.59941,1.03339,178.467
T000312,alpha,BN,binder_void,-2.01829,-2.43712,1.59941,-2.2749,-2.7441,1.78552,0.44146,183.718
T000312,alpha,binder_void,BN,-2.2749,-2.7441,1.78552,-2.53965,-3.03929,1.97739,0.440637,68.5357
T000312,alpha,BN,binder_void,-2.53965,-3.03929,1.97739,-2.78254,-3.3086,2.158,0.405652,148.597
T000312,alpha,binder_void,BN,-2.78254,-3.3086,2.158,-2.93722,-3.4849,2.25891,0.255677,35.8607
T000312,alpha,BN,BN,-2.93722,-3.4849,2.25891,-3.37543,-3.938,2.5201,0.704603,91.1773
T000312,alpha,BN,BN,-3.37543,-3.938,2.5201,-3.37543,-3.938,2.5201,0,0
T000313,Li7,BN,binder_void,0,0,0,-0.00755,-0.05545,-0.30595,0.311111,189.648
T000313,Li7,binder_void,BN,-0.00755,-0.05545,-0.30595,-0.02446,-0.14425,-0.770844,0.473704,78.994
T000313,Li7,BN,binder_void,-0.02446,-0.14425,-0.770844,-0.05246,-0.26766,-1.459824,0.701521,338.453
T000313,Li7,binder_void,BN,-0.05246,-0.26766,-1.459824,-0.0578,-0.30388,-1.616714,0.161185,18.1385
T000313,Li7,BN,binder_void,-0.0578,-0.30388,-1.616714,-0.07631,-0.43043,-2.145994,0.548379,140.666
T000313,Li7,binder_void,BN,-0.07631,-0.43043,-2.145994,-0.52423,-0.88007,-3.327284,1.41715,68.4013
T000313,Li7,BN,binder_void,-0.52423,-0.88007,-3.327284,-0.52529,-0.88064,-3.328204,0.00153715,0.112535
T000313,Li7,binder_void,BN,-0.52529,-0.88064,-3.328204,-0.52529,-0.88064,-3.328204,0,0
T000313,Li7,BN,BN,-0.52529,-0.88064,-3.328204,-0.54373,-0.88881,-3.347324,0.0391489,5.76719
T000313,Li7,BN,BN,-0.54373,-0.88881,-3.347324,-0.54373,-0.88881,-3.347324,0,0
T000314,alpha,BN,binder_void,0,0,0,0.00092,0.00677,0.037398,0.0380181,12.4272
T000314,alpha,binder_void,BN,0.00092,0.00677,0.037398,0.00164,0.0121,0.066443,0.0295387,5.3617
T000314,alpha,BN,binder_void,0.00164,0.0121,0.066443,0.01472,0.10921,0.598267,0.540816,217.232
T000314,alpha,binder_void,BN,0.01472,0.10921,0.598267,0.02555,0.25512,1.414366,0.829157,128.936
T000314,alpha,BN,binder_void,0.02555,0.25512,1.414366,0.02996,0.29331,1.630596,0.219633,98.3472
T000314,alpha,binder_void,BN,0.02996,0.29331,1.630596,0.0458,0.45869,2.430486,0.817023,131.453
T000314,alpha,BN,binder_void,0.0458,0.45869,2.430486,0.06686,0.64187,3.294996,0.884249,399.961
T000314,alpha,binder_void,BN,0.06686,0.64187,3.294996,0.06725,0.64428,3.313916,0.0190794,4.73749
T000314,alpha,BN,binder_void,0.06725,0.64428,3.313916,0.08406,0.74988,4.136186,0.83008,350.298
T000314,alpha,binder_void,BN,0.08406,0.74988,4.136186,0.07703,0.79157,4.483166,0.350156,35.0133
T000314,alpha,BN,binder_void,0.07703,0.79157,4.483166,0.09103,0.89657,4.964396,0.501816,85.7443
T000314,alpha,binder_void,binder_void,0.09103,0.89657,4.964396,0.08826,0.89693,4.972596,0.023602,0.488722
T000314,alpha,binder_void,binder_void,0.08826,0.89693,4.972596,0.08826,0.89693,4.972596,0,0
T000315,Li7,BN,binder_void,0,0,0,-0.01823,-0.0342,0.163395,0.167952,110.552
T000315,Li7,binder_void,BN,-0.01823,-0.0342,0.163395,-0.07735,-0.16169,0.750768,0.604091,103.487
T000315,Li7,BN,binder_void,-0.07735,-0.16169,0.750768,-0.15279,-0.28717,1.400126,0.666417,342.542
T000315,Li7,binder_void,BN,-0.15279,-0.28717,1.400126,-0.17824,-0.33497,1.687576,0.292697,34.1108
T000315,Li7,BN,binder_void,-0.17824,-0.33497,1.687576,-0.2364,-0.44099,2.353326,0.681408,229.53
T000315,Li7,binder_void,BN,-0.2364,-0.44099,2.353326,-0.24229,-0.49515,2.468496,0.133066,5.84942
T000315,Li7,BN,BN,-0.24229,-0.49515,2.468496,-0.2387,-0.51851,2.525226,0.064697,11.3912
T000315,Li7,BN,BN,-0.2387,-0.51851,2.525226,-0.20099,-0.49876,2.551296,0.0671978,2.53756
T000315,Li7,BN,BN,-0.20099,-0.49876,2.551296,-0.20099,-0.49876,2.551296,0,0
T000316,alpha,BN,binder_void,0,0,0,0.00764,0.01434,-0.068513,0.0704152,32.2613
T000316,alpha,binder_void,BN,0.00764,0.01434,-0.068513,0.11788,0.22038,-1.054724,1.01356,143.024
T000316,alpha,BN,binder_void,0.11788,0.22038,-1.054724,0.22303,0.40971,-1.991844,0.961987,413.145
T000316,alpha,binder_void,BN,0.22303,0.40971,-1.991844,0.26136,0.47508,-2.305764,0.322957,54.0432
T000316,alpha,BN,binder_void,0.26136,0.47508,-2.305764,0.29003,0.52351,-2.542594,0.243441,108.279
T000316,alpha,binder_void,BN,0.29003,0.52351,-2.542594,0.33182,0.59912,-2.886464,0.354577,62.8989
T000316,alpha,BN,binder_void,0.33182,0.59912,-2.886464,0.42788,0.73293,-3.510934,0.646097,295.04
T000316,alpha,binder_void,ZnS,0.42788,0.73293,-3.510934,0.46488,0.79028,-3.796524,0.293693,48.1073
T000316,alpha,ZnS,ZnS,0.46488,0.79028,-3.796524,0.6652,1.13242,-5.511334,1.82787,313.202
T000316,alpha,ZnS,ZnS,0.6652,1.13242,-5.511334,0.6652,1.13242,-5.511334,0,0
T000317,Li7,BN,binder_void,0,0,0,-0.1555,0.05327,0.213529,0.269569,174.579
T000317,Li7,binder_void,BN,-0.1555,0.05327,0.213529,-0.2642,0.09464,0.363583,0.189855,26.5122
T000317,Li7,BN,binder_void,-0.2642,0.09464,0.363583,-0.8261,0.3217,1.142862,0.989023,484.743
T000317,Li7,binder_void,BN,-0.8261,0.3217,1.142862,-1.6834,0.8644,2.397482,1.63761,98.7834
T000317,Li7,BN,BN,-1.6834,0.8644,2.397482,-1.8521,1.26059,2.683592,0.59964,55.3829
T000317,Li7,BN,BN,-1.8521,1.26059,2.683592,-1.8521,1.26059,2.683592,0,0
T000318,alpha,BN,binder_void,0,0,0,0.1735,-0.05939,-0.238064,0.300487,99.5119
T000318,alpha,binder_void,BN,0.1735,-0.05939,-0.238064,0.3841,-0.12867,-0.5252505,0.362803,58.44
T000318,alpha,BN,binder_void,0.3841,-0.12867,-0.5252505,0.8985,-0.29934,-1.223295,0.883918,351.547
T000318,alpha,binder_void,BN,0.8985,-0.29934,-1.223295,0.9732,-0.32137,-1.322171,0.125868,21.081
T000318,alpha,BN,binder_void,0.9732,-0.32137,-1.322171,1.5059,-0.47785,-2.041998,0.909304,395.295
T000318,alpha,binder_void,BN,1.5059,-0.47785,-2.041998,1.7839,-0.54049,-2.389128,0.449209,75.5845
T000318,alpha,BN,binder_void,1.7839,-0.54049,-2.389128,2.3453,-0.66776,-3.106748,0.921105,394.203
T000318,alpha,binder_void,BN,2.3453,-0.66776,-3.106748,2.5119,-0.70024,-3.306538,0.263046,19.1742
T000318,alpha,BN,BN,2.5119,-0.70024,-3.306538,2.8393,-0.79279,-3.683888,0.540872,55.1637
T000318,alpha,BN,BN,2.8393,-0.79279,-3.683888,2.8393,-0.79279,-3.683888,0,0
T000319,Li7,BN,binder_void,0,0,0,0.2083,0.04186,-0.048796,0.217988,138.868
T000319,Li7,binder_void,BN,0.2083,0.04186,-0.048796,0.2596,0.05159,-0.060479,0.0535246,9.42452
T000319,Li7,BN,binder_void,0.2596,0.05159,-0.060479,0.6817,0.13414,-0.155352,0.440686,271.613
T000319,Li7,binder_void,BN,0.6817,0.13414,-0.155352,0.8032,0.15443,-0.186502,0.127065,17.6526
T000319,Li7,BN,BN,0.8032,0.15443,-0.186502,1.6354,0.30113,-0.3974171,0.874311,402.442
T000319,Li7,BN,BN,1.6354,0.30113,-0.3974171,1.6354,0.30113,-0.3974171,0,0
T000320,alpha,BN,binder_void,0,0,0,-0.355,-0.07136,0.083189,0.371576,143.921
T000320,alpha,binder_void,BN,-0.355,-0.07136,0.083189,-0.4528,-0.09079,0.105607,0.102224,12.8733
T000320,alpha,BN,binder_void,-0.4528,-0.09079,0.105607,-0.7348,-0.14536,0.171152,0.294565,120.919
T000320,alpha,binder_void,BN,-0.7348,-0.14536,0.171152,-1.1023,-0.21544,0.260142,0.384634,66.6775
T000320,alpha,BN,binder_void,-1.1023,-0.21544,0.260142,-1.8541,-0.36085,0.441209,0.786937,307.836
T000320,alpha,binder_void,BN,-1.8541,-0.36085,0.441209,-2.9737,-0.57592,0.684512,1.16595,189.363
T000320,alpha,BN,binder_void,-2.9737,-0.57592,0.684512,-3.6811,-0.7058,0.850142,0.738462,309.211
T000320,alpha,binder_void,BN,-3.6811,-0.7058,0.850142,-5.1804,-0.92958,1.274042,1.57631,204.264
T000320,alpha,BN,BN,-5.1804,-0.92958,1.274042,-5.926,-0.97406,1.491082,0.796379,114.935
T000320,alpha,BN,BN,-5.926,-0.97406,1.491082,-5.926,-0.97406,1.491082,0,0
T000321,Li7,BN,binder_void,0,0,0,0.45913,0.0725,-0.0112,0.465145,280.048
T000321,Li7,binder_void,BN,0.45913,0.0725,-0.0112,0.68456,0.1018,-0.01466,0.227387,34.4864
T000321,Li7,BN,binder_void,0.68456,0.1018,-0.01466,1.38941,0.2013,-0.03276,0.713311,349.952
T000321,Li7,binder_void,BN,1.38941,0.2013,-0.03276,1.79429,0.2742,-0.01787,0.412591,40.4082
T000321,Li7,BN,binder_void,1.79429,0.2742,-0.01787,2.27588,0.3571,-0.02913,0.496417,134.015
T000321,Li7,binder_void,binder_void,2.27588,0.3571,-0.02913,2.28582,0.3622,-0.03506,0.0433463,1.09082
T000321,Li7,binder_void,binder_void,2.28582,0.3622,-0.03506,2.28582,0.3622,-0.03506,0,0
T000322,alpha,BN,binder_void,0,0,0,-0.35914,-0.0567,0.00876,0.363711,146.182
T000322,alpha,binder_void,BN,-0.35914,-0.0567,0.00876,-0.69724,-0.107,0.0197,0.342,52.648
T000322,alpha,BN,binder_void,-0.69724,-0.107,0.0197,-1.31464,-0.197,0.03971,0.624311,251.903
T000322,alpha,binder_void,BN,-1.31464,-0.197,0.03971,-1.47445,-0.221,0.04658,0.161762,25.254
T000322,alpha,BN,binder_void,-1.47445,-0.221,0.04658,-2.40665,-0.3644,0.08567,0.944192,413.821
T000322,alpha,binder_void,BN,-2.40665,-0.3644,0.08567,-2.89465,-0.4377,0.10174,0.493816,91.4293
T000322,alpha,BN,binder_void,-2.89465,-0.4377,0.10174,-3.18745,-0.4789,0.112,0.296004,129.21
T000322,alpha,binder_void,BN,-3.18745,-0.4789,0.112,-3.29855,-0.4926,0.11698,0.112066,17.8011
T000322,alpha,BN,binder_void,-3.29855,-0.4926,0.11698,-3.96685,-0.58,0.15036,0.675828,221.913
T000322,alpha,binder_void,BN,-3.96685,-0.58,0.15036,-4.28215,-0.6044,0.15775,0.316848,44.5415
T000322,alpha,BN,BN,-4.28215,-0.6044,0.15775,-4.89025,-0.6631,0.17331,0.637005,75.2971
T000322,alpha,BN,BN,-4.89025,-0.6631,0.17331,-4.89025,-0.6631,0.17331,0,0
T000323,Li7,BN,binder_void,0,0,0,-0.15814,-0.1869,0.17323,0.299955,195.526
T000323,Li7,binder_void,BN,-0.15814,-0.1869,0.17323,-0.22853,-0.2687,0.24646,0.130438,24.6773
T000323,Li7,BN,binder_void,-0.22853,-0.2687,0.24646,-0.35995,-0.4216,0.38099,0.242461,140.686
T000323,Li7,binder_void,ZnS,-0.35995,-0.4216,0.38099,-0.72113,-0.8258,0.7485,0.655266,87.4629
T000323,Li7,ZnS,ZnS,-0.72113,-0.8258,0.7485,-1.28917,-1.6156,1.82006,1.47844,355.1
T000323,Li7,ZnS,ZnS,-1.28917,-1.6156,1.82006,-1.24287,-1.708,2.01182,0.693918,36.5469
T000323,Li7,ZnS,ZnS,-1.24287,-1.708,2.01182,-1.24287,-1.708,2.01182,0,0
T000324,alpha,BN,binder_void,0,0,0,0.29738,0.3513,-0.32575,0.563938,217.866
T000324,alpha,binder_void,BN,0.29738,0.3513,-0.32575,0.83585,1.0003,-0.90917,1.02551,162.226
T000324,alpha,BN,binder_void,0.83585,1.0003,-0.90917,1.11842,1.3544,-1.23439,0.557749,236.034
T000324,alpha,binder_void,BN,1.11842,1.3544,-1.23439,1.13548,1.3759,-1.25413,0.0338311,4.99164
T000324,alpha,BN,binder_void,1.13548,1.3759,-1.25413,1.38796,1.6956,-1.54642,0.501474,224.502
T000324,alpha,binder_void,BN,1.38796,1.6956,-1.54642,1.68233,2.057,-1.87743,0.571758,94.477
T000324,alpha,BN,binder_void,1.68233,2.057,-1.87743,2.07919,2.5131,-2.32159,0.750737,307.452
T000324,alpha,binder_void,BN,2.07919,2.5131,-2.32159,2.21197,2.6627,-2.4602,0.243484,31.3677
T000324,alpha,BN,BN,2.21197,2.6627,-2.4602,2.61163,3.1355,-2.89552,0.761459,191.084
T000324,alpha,BN,BN,2.61163,3.1355,-2.89552,2.61163,3.1355,-2.89552,0,0
T000325,Li7,BN,binder_void,0,0,0,-0.09,-0.04157,0.208,0.230434,148.896
T000325,Li7,binder_void,BN,-0.09,-0.04157,0.208,-0.1518,-0.06923,0.3501,0.157447,27.5198
T000325,Li7,BN,binder_void,-0.1518,-0.06923,0.3501,-0.2905,-0.13469,0.6884,0.371642,213.562
T000325,Li7,binder_void,BN,-0.2905,-0.13469,0.6884,-0.3091,-0.14354,0.7335,0.0495934,5.83929
T000325,Li7,BN,binder_void,-0.3091,-0.14354,0.7335,-0.47,-0.22157,1.1242,0.430237,210.271
T000325,Li7,binder_void,BN,-0.47,-0.22157,1.1242,-0.868,-0.40726,2.2368,1.20137,112.422
T000325,Li7,BN,binder_void,-0.868,-0.40726,2.2368,-1.1505,-0.47192,2.9899,0.844369,111.386
T000325,Li7,binder_void,binder_void,-1.1505,-0.47192,2.9899,-1.2066,-0.39348,3.0577,0.134264,4.64687
T000325,Li7,binder_void,binder_void,-1.2066,-0.39348,3.0577,-1.1818,-0.36555,3.1584,0.1243,6.99109
T000325,Li7,binder_void,binder_void,-1.1818,-0.36555,3.1584,-1.1818,-0.36555,3.1584,0,0
T000326,alpha,BN,binder_void,0,0,0,0.0665,0.03073,-0.1537,0.170275,55.8254
T000326,alpha,binder_void,BN,0.0665,0.03073,-0.1537,0.4456,0.20091,-1.0135,0.954987,145.922
T000326,alpha,BN,binder_void,0.4456,0.20091,-1.0135,0.8339,0.38358,-1.89317,0.97893,421.608
T000326,alpha,binder_void,BN,0.8339,0.38358,-1.89317,0.9626,0.43892,-2.19023,0.328481,56.4942
T000326,alpha,BN,binder_void,0.9626,0.43892,-2.19023,1.0523,0.47789,-2.39697,0.228698,105.397
T000326,alpha,binder_void,BN,1.0523,0.47789,-2.39697,1.8273,0.83868,-4.25149,2.04295,350.275
T000326,alpha,BN,binder_void,1.8273,0.83868,-4.25149,2.1169,0.96529,-4.87232,0.697841,257.868
T000326,alpha,binder_void,BN,2.1169,0.96529,-4.87232,2.235,1.00464,-5.11732,0.275719,23.9771
T000326,alpha,BN,BN,2.235,1.00464,-5.11732,2.4548,1.05808,-5.55618,0.527698,52.6336
T000326,alpha,BN,BN,2.4548,1.05808,-5.55618,2.4548,1.05808,-5.55618,0,0
T000327,Li7,BN,binder_void,0,0,0,0.0217,0.02315,0.0647,0.0720753,44.3185
T000327,Li7,binder_void,BN,0.0217,0.02315,0.0647,0.0721,0.07621,0.2161,0.168156,24.0573
T000327,Li7,BN,binder_void,0.0721,0.07621,0.2161,0.3612,0.37291,1.0834,0.96235,530.844
T000327,Li7,binder_void,BN,0.3612,0.37291,1.0834,0.4384,0.4548,1.3177,0.260073,28.4598
T000327,Li7,BN,binder_void,0.4384,0.4548,1.3177,0.5194,0.54162,1.5524,0.263875,95.2009
T000327,Li7,binder_void,BN,0.5194,0.54162,1.5524,0.6549,1.05163,2.5305,1.12882,79.0065
T000327,Li7,BN,BN,0.6549,1.05163,2.5305,0.6573,1.28123,2.7124,0.315513,38.1126
T000327,Li7,BN,BN,0.6573,1.28123,2.7124,0.6573,1.28123,2.7124,0,0
T000328,alpha,BN,binder_void,0,0,0,-0.164,-0.17484,-0.4887,0.544345,207.032
T000328,alpha,binder_void,BN,-0.164,-0.17484,-0.4887,-0.1949,-0.20736,-0.5798,0.101586,16.2459
T000328,alpha,BN,binder_void,-0.1949,-0.20736,-0.5798,-0.383,-0.4059,-1.1355,0.619408,232.62
T000328,alpha,binder_void,BN,-0.383,-0.4059,-1.1355,-0.5034,-0.53796,-1.504,0.409557,65.0689
T000328,alpha,BN,binder_void,-0.5034,-0.53796,-1.504,-0.6716,-0.72405,-2.02443,0.577813,261.416
T000328,alpha,binder_void,ZnS,-0.6716,-0.72405,-2.02443,-0.7935,-0.85017,-2.41101,0.424566,76.8052
T000328,alpha,ZnS,ZnS,-0.7935,-0.85017,-2.41101,-1.6911,-1.76533,-5.2368,3.18486,610.812
T000328,alpha,ZnS,ZnS,-1.6911,-1.76533,-5.2368,-1.6911,-1.76533,-5.2368,0,0
T000329,Li7,BN,binder_void,0,0,0,0.1521,0.21231,-0.11521,0.285517,170.831
T000329,Li7,binder_void,BN,0.1521,0.21231,-0.11521,0.4327,0.58719,-0.31435,0.50894,84.0516
T000329,Li7,BN,binder_void,0.4327,0.58719,-0.31435,0.6875,0.9358,-0.4982,0.469719,249.522
T000329,Li7,binder_void,BN,0.6875,0.9358,-0.4982,0.7654,1.03897,-0.55403,0.140863,21.3153
T000329,Li7,BN,binder_void,0.7654,1.03897,-0.55403,1.1009,1.482098,-0.79315,0.607374,224.48
T000329,Li7,binder_void,BN,1.1009,1.482098,-0.79315,1.2065,1.647938,-0.86556,0.210354,13.4129
T000329,Li7,BN,binder_void,1.2065,1.647938,-0.86556,1.2755,1.763284,-0.91776,0.145834,34.8118
T000329,Li7,binder_void,BN,1.2755,1.763284,-0.91776,1.5067,2.033191,-1.04804,0.39173,15.386
T000329,Li7,BN,BN,1.5067,2.033191,-1.04804,1.5663,2.204765,-1.0489,0.191534,12.4861
T000329,Li7,BN,BN,1.5663,2.204765,-1.0489,1.4925,2.3169272,-1.04745,0.194763,13.7034
T000329,Li7,BN,BN,1.4925,2.3169272,-1.04745,1.4925,2.3169272,-1.04745,0,0
T000330,alpha,BN,binder_void,0,0,0,-0.3445,-0.48094,0.261,0.646677,253.353
T000330,alpha,binder_void,ZnS,-0.3445,-0.48094,0.261,-0.5561,-0.77485,0.420375,0.395677,72.3738
T000330,alpha,ZnS,ZnS,-0.5561,-0.77485,0.420375,-2.0665,-2.88565,1.578736,2.85648,1144.27
T000330,alpha,ZnS,ZnS,-2.0665,-2.88565,1.578736,-2.0665,-2.88565,1.578736,0,0
T000331,Li7,BN,binder_void,0,0,0,0.3653,-0.39529,-0.30964,0.621285,378.712
T000331,Li7,binder_void,BN,0.3653,-0.39529,-0.30964,0.398,-0.4267,-0.33499,0.0519583,6.85257
T000331,Li7,BN,binder_void,0.398,-0.4267,-0.33499,0.9405,-0.94687,-0.75183,0.861989,377.889
T000331,Li7,binder_void,BN,0.9405,-0.94687,-0.75183,0.9448,-0.95432,-0.75799,0.0105983,1.14467
T000331,Li7,BN,binder_void,0.9448,-0.95432,-0.75799,1.1991,-1.38567,-1.11603,0.671954,56.8865
T000331,Li7,binder_void,BN,1.1991,-1.38567,-1.11603,1.1637,-1.42709,-1.20457,0.108182,5.05167
T000331,Li7,BN,BN,1.1637,-1.42709,-1.20457,1.1358,-1.4334,-1.26091,0.0668132,8.8414
T000331,Li7,BN,BN,1.1358,-1.4334,-1.26091,1.1446,-1.41428,-1.29839,0.0526119,4.29899
T000331,Li7,BN,BN,1.1446,-1.41428,-1.29839,1.1445,-1.41387,-1.29901,0.0457779,0.322781
T000331,Li7,BN,BN,1.1445,-1.41387,-1.29901,1.1445,-1.41387,-1.29901,0,0
T000332,alpha,BN,binder_void,0,0,0,-0.1748,0.18925,0.14824,0.297273,118.097
T000332,alpha,binder_void,ZnS,-0.1748,0.18925,0.14824,-0.4686,0.50217,0.392491,0.493854,77.8885
T000332,alpha,ZnS,ZnS,-0.4686,0.50217,0.392491,-2.9852,3.181393,2.46622,4.25115,1274.01
T000332,alpha,ZnS,ZnS,-2.9852,3.181393,2.46622,-2.9852,3.181393,2.46622,0,0
T000333,Li7,BN,binder_void,0,0,0,-0.28203,0.0923,0.30555,0.426058,284.223
T000333,Li7,binder_void,BN,-0.28203,0.0923,0.30555,-0.98245,0.3309,1.095626,1.08292,186.939
T000333,Li7,BN,binder_void,-0.98245,0.3309,1.095626,-1.21665,0.4152,1.345462,0.352983,178.154
T000333,Li7,binder_void,ZnS,-1.21665,0.4152,1.345462,-1.29665,0.4472,1.431372,0.121675,15.4158
T000333,Li7,ZnS,ZnS,-1.29665,0.4472,1.431372,-1.93965,0.9004,2.613088,1.45722,348.268
T000333,Li7,ZnS,ZnS,-1.93965,0.9004,2.613088,-1.93965,0.9004,2.613088,0,0
T000334,alpha,BN,binder_void,0,0,0,0.31929,-0.1046,-0.345904,0.482218,156.439
T000334,alpha,binder_void,BN,0.31929,-0.1046,-0.345904,0.44832,-0.1484,-0.487872,0.196803,25.7945
T000334,alpha,BN,binder_void,0.44832,-0.1484,-0.487872,0.87991,-0.29632,-0.962212,0.658181,238.698
T000334,alpha,binder_void,BN,0.87991,-0.29632,-0.962212,1.30813,-0.44679,-1.433992,0.65469,96.7173
T000334,alpha,BN,binder_void,1.30813,-0.44679,-1.433992,1.95147,-0.67875,-2.155102,0.994022,426.518
T000334,alpha,binder_void,BN,1.95147,-0.67875,-2.155102,2.07394,-0.7198,-2.293002,0.188947,34.518
T000334,alpha,BN,binder_void,2.07394,-0.7198,-2.293002,2.34741,-0.81038,-2.601892,0.422455,195.307
T000334,alpha,binder_void,ZnS,2.34741,-0.81038,-2.601892,2.43957,-0.84057,-2.702332,0.139621,28.3178
T000334,alpha,ZnS,ZnS,2.43957,-0.84057,-2.702332,4.42083,-1.4931,-4.853392,3.08217,573.689
T000334,alpha,ZnS,ZnS,4.42083,-1.4931,-4.853392,4.42083,-1.4931,-4.853392,0,0
T000335,Li7,BN,binder_void,0,0,0,-0.27361,-0.042,0.270464,0.387147,245.552
T000335,Li7,binder_void,BN,-0.27361,-0.042,0.270464,-0.65135,-0.0939,0.6425646,0.532896,90.6055
T000335,Li7,BN,binder_void,-0.65135,-0.0939,0.6425646,-1.22875,-0.1795,1.214432,0.819001,402.523
T000335,Li7,binder_void,ZnS,-1.22875,-0.1795,1.214432,-1.89405,-0.157,1.785058,0.890604,63.4885
T000335,Li7,ZnS,ZnS,-1.89405,-0.157,1.785058,-1.98865,-0.1322,1.853138,0.142165,17.9579
T000335,Li7,ZnS,ZnS,-1.98865,-0.1322,1.853138,-2.02475,-0.1506,1.951598,0.128369,11.4817
T000335,Li7,ZnS,ZnS,-2.02475,-0.1506,1.951598,-2.01785,-0.1728,1.967738,0.144353,8.39129
T000335,Li7,ZnS,ZnS,-2.01785,-0.1728,1.967738,-2.01785,-0.1728,1.967738,0,0
T000336,alpha,BN,binder_void,0,0,0,0.3752,0.0575,-0.37088,0.530739,203.839
T000336,alpha,binder_void,BN,0.3752,0.0575,-0.37088,0.55305,0.0856,-0.542662,0.248858,36.3431
T000336,alpha,BN,binder_void,0.55305,0.0856,-0.542662,0.82337,0.1285,-0.806632,0.380282,156.626
T000336,alpha,binder_void,BN,0.82337,0.1285,-0.806632,0.93531,0.1464,-0.918452,0.159233,26.1316
T000336,alpha,BN,binder_void,0.93531,0.1464,-0.918452,1.46159,0.2323,-1.451082,0.753836,343.295
T000336,alpha,binder_void,BN,1.46159,0.2323,-1.451082,1.7606,0.2526,-1.720532,0.40305,70.1205
T000336,alpha,BN,binder_void,1.7606,0.2526,-1.720532,2.49709,0.298,-2.389472,0.996702,364.169
T000336,alpha,binder_void,BN,2.49709,0.298,-2.389472,2.50173,0.298,-2.393272,0.00599494,0.406169
T000336,alpha,BN,binder_void,2.50173,0.298,-2.393272,3.27507,0.302,-3.026292,1.0039,223.164
T000336,alpha,binder_void,ZnS,3.27507,0.302,-3.026292,3.68089,0.2535,-3.345922,0.5284,20.5878
T000336,alpha,ZnS,ZnS,3.68089,0.2535,-3.345922,3.78422,0.2603,-3.392052,0.132506,5.11503
T000336,alpha,ZnS,ZnS,3.78422,0.2603,-3.392052,3.75915,0.3018,-3.494442,0.152491,20.2013
T000336,alpha,ZnS,ZnS,3.75915,0.3018,-3.494442,3.75915,0.3018,-3.494442,0,0
T000337,Li7,BN,binder_void,0,0,0,0.1163,0.03699,-0.04367,0.129662,78.0802
T000337,Li7,binder_void,BN,0.1163,0.03699,-0.04367,0.3728,0.13328,-0.15088,0.294191,50.7372
T000337,Li7,BN,binder_void,0.3728,0.13328,-0.15088,1.0464,0.35062,-0.36754,0.740974,398.235
T000337,Li7,binder_void,BN,1.0464,0.35062,-0.36754,1.1025,0.36972,-0.38598,0.0621277,7.89916
T000337,Li7,BN,binder_void,1.1025,0.36972,-0.38598,1.81018,0.613,-0.62108,0.788899,276.164
T000337,Li7,binder_void,binder_void,1.81018,0.613,-0.62108,2.32313,0.92265,-0.61293,0.684938,21.7902
T000337,Li7,binder_void,BN,2.32313,0.92265,-0.61293,2.32456,0.9211,-0.61087,0.00296127,0.0649653
T000337,Li7,BN,BN,2.32456,0.9211,-0.61087,2.35687,0.91318,-0.59279,0.0419405,4.6737
T000337,Li7,BN,BN,2.35687,0.91318,-0.59279,2.35205,0.89192,-0.56773,0.0441134,2.44607
T000337,Li7,BN,BN,2.35205,0.89192,-0.56773,2.35205,0.89192,-0.56773,0,0
T000338,alpha,BN,binder_void,0,0,0,-0.7751,-0.24646,0.29094,0.863888,326.289
T000338,alpha,binder_void,BN,-0.7751,-0.24646,0.29094,-0.8028,-0.25493,0.30114,0.0307467,2.68388
T000338,alpha,BN,binder_void,-0.8028,-0.25493,0.30114,-1.6524,-0.51407,0.61227,0.941352,421.597
T000338,alpha,binder_void,BN,-1.6524,-0.51407,0.61227,-2.8979,-0.88981,1.05494,1.37457,262.356
T000338,alpha,BN,BN,-2.8979,-0.88981,1.05494,-3.7101,-1.17835,1.3799,0.922339,457.074
T000338,alpha,BN,BN,-3.7101,-1.17835,1.3799,-3.7101,-1.17835,1.3799,0,0
T000339,Li7,BN,binder_void,0,0,0,0.0717,0.1376,0.18982,0.245221,161.013
T000339,Li7,binder_void,BN,0.0717,0.1376,0.18982,0.0748,0.14316,0.19771,0.0101552,1.41129
T000339,Li7,BN,binder_void,0.0748,0.14316,0.19771,0.3224,0.58292,0.82219,0.803875,452.709
T000339,Li7,binder_void,ZnS,0.3224,0.58292,0.82219,0.4146,0.7153,1.0147,0.251391,30.803
T000339,Li7,ZnS,ZnS,0.4146,0.7153,1.0147,1.0404,1.08365,1.922,1.30799,199.816
T000339,Li7,ZnS,ZnS,1.0404,1.08365,1.922,1.0404,1.08365,1.922,0,0
T000340,alpha,BN,binder_void,0,0,0,-0.1336,-0.25636,-0.35366,0.456808,170.03
T000340,alpha,binder_void,BN,-0.1336,-0.25636,-0.35366,-0.3806,-0.74337,-1.02137,0.862602,121.819
T000340,alpha,BN,binder_void,-0.3806,-0.74337,-1.02137,-0.487,-0.95114,-1.3055,0.367752,134.864
T000340,alpha,binder_void,ZnS,-0.487,-0.95114,-1.3055,-0.6423,-1.24224,-1.70605,0.518972,80.5627
T000340,alpha,ZnS,ZnS,-0.6423,-1.24224,-1.70605,-1.8611,-3.526908,-4.866737,4.1477,962.724
T000340,alpha,ZnS,ZnS,-1.8611,-3.526908,-4.866737,-1.8611,-3.526908,-4.866737,0,0
T000341,Li7,BN,binder_void,0,0,0,0.0326,0.80344,0.0041,0.804721,472.427
T000341,Li7,binder_void,ZnS,0.0326,0.80344,0.0041,0.0352,0.87244,0.00346,0.0690626,8.83562
T000341,Li7,ZnS,ZnS,0.0352,0.87244,0.00346,-0.1601,2.26184,-0.2553,1.46263,361.914
T000341,Li7,ZnS,ZnS,-0.1601,2.26184,-0.2553,-0.1601,2.26184,-0.2553,0,0
T000342,alpha,BN,binder_void,0,0,0,-0.0034,-0.08463,-0.00043,0.0846952,30.6734
T000342,alpha,binder_void,BN,-0.0034,-0.08463,-0.00043,-0.0096,-0.22812,-0.00134,0.143624,20.2312
T000342,alpha,BN,binder_void,-0.0096,-0.22812,-0.00134,-0.0391,-0.96137,-0.0068,0.733949,282.854
T000342,alpha,binder_void,BN,-0.0391,-0.96137,-0.0068,-0.0414,-1.51416,0.01023,0.553078,81.267
T000342,alpha,BN,binder_void,-0.0414,-1.51416,0.01023,-0.043,-2.47799,0.04444,0.964691,429.729
T000342,alpha,binder_void,BN,-0.043,-2.47799,0.04444,-0.0437,-2.50423,0.04531,0.0262677,2.08051
T000342,alpha,BN,binder_void,-0.0437,-2.50423,0.04531,-0.0722,-3.49136,0.0796,0.988885,330.836
T000342,alpha,binder_void,ZnS,-0.0722,-3.49136,0.0796,-0.0905,-3.73896,0.07369,0.248402,35.9449
T000342,alpha,ZnS,ZnS,-0.0905,-3.73896,0.07369,-0.2048,-5.67906,0.02772,2.11143,256.385
T000342,alpha,ZnS,ZnS,-0.2048,-5.67906,0.02772,-0.2048,-5.67906,0.02772,0,0
T000343,Li7,BN,binder_void,0,0,0,0.2138,0.27851,0.19028,0.399513,252.885
T000343,Li7,binder_void,ZnS,0.2138,0.27851,0.19028,0.7371,1.00214,0.64606,1.00317,152.865
T000343,Li7,ZnS,ZnS,0.7371,1.00214,0.64606,1.53226,2.13744,1.09668,1.49674,413.372
T000343,Li7,ZnS,ZnS,1.53226,2.13744,1.09668,1.59164,2.21604,1.11198,0.524486,20.8786
T000343,Li7,ZnS,ZnS,1.59164,2.21604,1.11198,1.59164,2.21604,1.11198,0,0
T000344,alpha,BN,binder_void,0,0,0,-0.0913,-0.11892,-0.08124,0.170523,63.404
T000344,alpha,binder_void,BN,-0.0913,-0.11892,-0.08124,-0.1948,-0.2549,-0.17503,0.194938,25.0703
T000344,alpha,BN,binder_void,-0.1948,-0.2549,-0.17503,-0.3191,-0.42006,-0.28847,0.235795,84.479
T000344,alpha,binder_void,BN,-0.3191,-0.42006,-0.28847,-0.355,-0.46662,-0.31922,0.0663639,8.80434
T000344,alpha,BN,binder_void,-0.355,-0.46662,-0.31922,-0.5623,-0.73524,-0.49624,0.382745,163.851
T000344,alpha,binder_void,BN,-0.5623,-0.73524,-0.49624,-0.6322,-0.82487,-0.55547,0.128144,22.3186
T000344,alpha,BN,binder_void,-0.6322,-0.82487,-0.55547,-0.9518,-1.23656,-0.82672,0.587612,258.785
T000344,alpha,binder_void,BN,-0.9518,-1.23656,-0.82672,-0.9797,-1.27208,-0.8506,0.0511407,9.06534
T000344,alpha,BN,binder_void,-0.9797,-1.27208,-0.8506,-1.3569,-1.7488,-1.17267,0.688147,262.881
T000344,alpha,binder_void,BN,-1.3569,-1.7488,-1.17267,-1.3913,-1.79069,-1.20643,0.0638343,13.7454
T000344,alpha,BN,binder_void,-1.3913,-1.79069,-1.20643,-1.8964,-2.41121,-1.70896,0.945663,416.922
T000344,alpha,binder_void,BN,-1.8964,-2.41121,-1.70896,-1.9666,-2.51388,-1.79561,0.15167,8.79666
T000344,alpha,BN,BN,-1.9666,-2.51388,-1.79561,-2.2781,-2.99022,-2.18249,0.696589,131.877
T000344,alpha,BN,BN,-2.2781,-2.99022,-2.18249,-2.2781,-2.99022,-2.18249,0,0
T000345,Li7,BN,binder_void,0,0,0,0.1258293,-0.0224,-0.11528,0.172148,110.246
T000345,Li7,binder_void,ZnS,0.1258293,-0.0224,-0.11528,0.894516,-0.1556,-0.79557,1.03553,169.8
T000345,Li7,ZnS,ZnS,0.894516,-0.1556,-0.79557,1.933029,0.0141,-1.89822,1.54156,435.919
T000345,Li7,ZnS,ZnS,1.933029,0.0141,-1.89822,2.666799,0.4069,-2.38566,1.22778,118.859
T000345,Li7,ZnS,ZnS,2.666799,0.4069,-2.38566,2.669629,0.4025,-2.37246,0.26114,5.17576
T000345,Li7,ZnS,ZnS,2.669629,0.4025,-2.37246,2.669629,0.4025,-2.37246,0,0
T000346,alpha,BN,binder_void,0,0,0,-0.250754,0.0448,0.22973,0.343023,127.654
T000346,alpha,binder_void,BN,-0.250754,0.0448,0.22973,-0.412922,0.0748,0.37836,0.222017,30.5938
T000346,alpha,BN,binder_void,-0.412922,0.0748,0.37836,-0.576251,0.1048,0.52836,0.223781,89.5411
T000346,alpha,binder_void,BN,-0.576251,0.1048,0.52836,-0.934241,0.171,0.86146,0.493475,68.687
T000346,alpha,BN,binder_void,-0.934241,0.171,0.86146,-1.215301,0.2224,1.12552,0.389083,165.134
T000346,alpha,binder_void,BN,-1.215301,0.2224,1.12552,-1.479451,0.27,1.3701,0.363138,63.6565
T000346,alpha,BN,binder_void,-1.479451,0.27,1.3701,-2.131781,0.3887,1.96974,0.894255,434.403
T000346,alpha,binder_void,ZnS,-2.131781,0.3887,1.96974,-2.202551,0.4025,2.03504,0.0972829,16.1857
T000346,alpha,ZnS,ZnS,-2.202551,0.4025,2.03504,-4.168421,0.7944,3.84602,2.80095,474.145
T000346,alpha,ZnS,ZnS,-4.168421,0.7944,3.84602,-4.168421,0.7944,3.84602,0,0
T000347,Li7,BN,binder_void,0,0,0,0.2022521,0.0213,0.02965,0.205556,132.601
T000347,Li7,binder_void,BN,0.2022521,0.0213,0.02965,0.864271,0.0906,0.12355,0.672407,105.015
T000347,Li7,BN,binder_void,0.864271,0.0906,0.12355,1.691869,0.1776,0.24109,0.841809,427.617
T000347,Li7,binder_void,BN,1.691869,0.1776,0.24109,1.993489,0.2453,0.31736,0.318964,27.0882
T000347,Li7,BN,binder_void,1.993489,0.2453,0.31736,2.441519,0.3762,0.42172,0.484334,142.809
T000347,Li7,binder_void,binder_void,2.441519,0.3762,0.42172,2.505609,0.396,0.40143,0.091172,2.63529
T000347,Li7,binder_void,BN,2.505609,0.396,0.40143,2.502699,0.3936,0.39847,0.00517203,0.171242
T000347,Li7,BN,BN,2.502699,0.3936,0.39847,2.504599,0.3857,0.38861,0.0274888,2.3936
T000347,Li7,BN,BN,2.504599,0.3857,0.38861,2.504599,0.3857,0.38861,0,0
T000348,alpha,BN,binder_void,0,0,0,-0.282702,-0.0297,-0.04144,0.28728,92.2096
T000348,alpha,binder_void,BN,-0.282702,-0.0297,-0.04144,-0.420586,-0.0445,-0.0621,0.140205,19.5175
T000348,alpha,BN,binder_void,-0.420586,-0.0445,-0.0621,-1.397511,-0.1503,-0.20704,0.993431,389.253
T000348,alpha,binder_void,BN,-1.397511,-0.1503,-0.20704,-1.540321,-0.1653,-0.2246,0.144668,21.9792
T000348,alpha,BN,binder_void,-1.540321,-0.1653,-0.2246,-2.073421,-0.2202,-0.28825,0.539781,237.715
T000348,alpha,binder_void,BN,-2.073421,-0.2202,-0.28825,-2.472301,-0.2603,-0.33952,0.404179,72.0481
T000348,alpha,BN,binder_void,-2.472301,-0.2603,-0.33952,-3.057701,-0.318,-0.40853,0.592511,254.95
T000348,alpha,binder_void,BN,-3.057701,-0.318,-0.40853,-3.264341,-0.34,-0.43278,0.209243,33.9993
T000348,alpha,BN,binder_void,-3.264341,-0.34,-0.43278,-4.164511,-0.4272,-0.53645,0.912347,278.732
T000348,alpha,binder_void,BN,-4.164511,-0.4272,-0.53645,-4.195451,-0.4296,-0.54164,0.0314711,3.50187
T000348,alpha,BN,BN,-4.195451,-0.4296,-0.54164,-4.754551,-0.4559,-0.62659,0.594781,66.0949
T000348,alpha,BN,BN,-4.754551,-0.4559,-0.62659,-4.754551,-0.4559,-0.62659,0,0
T000349,Li7,BN,binder_void,0,0,0,-0.2334,0.02729,-0.05803,0.24215,153.791
T000349,Li7,binder_void,ZnS,-0.2334,0.02729,-0.05803,-1.2544,0.15658,-0.30758,1.05944,171.58
T000349,Li7,ZnS,ZnS,-1.2544,0.15658,-0.30758,-2.6716,0.05831,-0.80944,1.5266,514.629
T000349,Li7,ZnS,ZnS,-2.6716,0.05831,-0.80944,-2.6716,0.05831,-0.80944,0,0
T000350,alpha,BN,binder_void,0,0,0,0.1765,-0.02061,0.04386,0.182958,65.3215
T000350,alpha,binder_void,BN,0.1765,-0.02061,0.04386,0.55,-0.06222,0.13493,0.386722,53.4062
T000350,alpha,BN,binder_void,0.55,-0.06222,0.13493,1.4375,-0.16586,0.35083,0.919416,403.755
T000350,alpha,binder_void,BN,1.4375,-0.16586,0.35083,2.7616,-0.30849,0.67048,1.3698,227.248
T000350,alpha,BN,binder_void,2.7616,-0.30849,0.67048,3.2619,-0.36555,0.77296,0.513975,234.233
T000350,alpha,binder_void,BN,3.2619,-0.36555,0.77296,3.6626,-0.41043,0.85793,0.412125,70.5635
T000350,alpha,BN,binder_void,3.6626,-0.41043,0.85793,4.4109,-0.51214,1.02067,0.773516,383.753
T000350,alpha,binder_void,BN,4.4109,-0.51214,1.02067,4.577,-0.53723,1.0762,0.178844,3.60701
T000350,alpha,BN,BN,4.577,-0.53723,1.0762,4.876,-0.61337,1.18614,0.379754,28.112
T000350,alpha,BN,BN,4.876,-0.61337,1.18614,4.876,-0.61337,1.18614,0,0
T000351,Li7,BN,binder_void,0,0,0,0.0921,-0.05796,0.00282,0.108829,69.4373
T000351,Li7,binder_void,BN,0.0921,-0.05796,0.00282,1.1281,-0.74513,0.05799,1.24502,185.175
T000351,Li7,BN,binder_void,1.1281,-0.74513,0.05799,1.5183,-1.01486,0.08575,0.475534,258.796
T000351,Li7,binder_void,BN,1.5183,-1.01486,0.08575,1.9322,-1.31145,0.14103,0.512704,64.6192
T000351,Li7,BN,binder_void,1.9322,-1.31145,0.14103,2.2799,-1.5296,0.2157,0.418616,150.081
T000351,Li7,binder_void,BN,2.2799,-1.5296,0.2157,2.4025,-1.59448,0.22867,0.139589,11.853
T000351,Li7,BN,BN,2.4025,-1.59448,0.22867,3.0823,-1.90415,0.33382,0.807692,100.038
T000351,Li7,BN,BN,3.0823,-1.90415,0.33382,3.0823,-1.90415,0.33382,0,0
T000352,alpha,BN,binder_void,0,0,0,-0.3443,0.21681,-0.01053,0.407056,146.93
T000352,alpha,binder_void,BN,-0.3443,0.21681,-0.01053,-0.5249,0.32982,-0.0155,0.213077,32.7766
T000352,alpha,BN,binder_void,-0.5249,0.32982,-0.0155,-1.3311,0.83738,-0.04025,0.95317,400.068
T000352,alpha,binder_void,BN,-1.3311,0.83738,-0.04025,-1.6879,1.06488,-0.05227,0.423339,70.628
T000352,alpha,BN,binder_void,-1.6879,1.06488,-0.05227,-2.2348,1.41882,-0.06442,0.651716,303.784
T000352,alpha,binder_void,BN,-2.2348,1.41882,-0.06442,-2.4492,1.56592,-0.06301,0.260092,43.4262
T000352,alpha,BN,binder_void,-2.4492,1.56592,-0.06301,-2.8178,1.81772,-0.06081,0.446603,181.27
T000352,alpha,binder_void,ZnS,-2.8178,1.81772,-0.06081,-3.103,2.01872,-0.05088,0.349229,48.9068
T000352,alpha,ZnS,ZnS,-3.103,2.01872,-0.05088,-4.6835,3.04252,-0.00693,2.05936,242.209
T000352,alpha,ZnS,ZnS,-4.6835,3.04252,-0.00693,-4.6835,3.04252,-0.00693,0,0
T000353,Li7,BN,binder_void,0,0,0,-0.003214,-0.05202,0.10706,0.119087,78.3412
T000353,Li7,binder_void,ZnS,-0.003214,-0.05202,0.10706,-0.009747,-0.57518,1.15434,1.17122,202.984
T000353,Li7,ZnS,ZnS,-0.009747,-0.57518,1.15434,-0.145697,-1.06113,2.59208,1.54116,493.183
T000353,Li7,ZnS,ZnS,-0.145697,-1.06113,2.59208,-0.199853,-1.22243,3.01242,0.928909,65.4922
T000353,Li7,ZnS,ZnS,-0.199853,-1.22243,3.01242,-0.199853,-1.22243,3.01242,0,0
T000354,alpha,BN,binder_void,0,0,0,0.017746,0.2873,-0.5911954,0.657604,255.615
T000354,alpha,binder_void,ZnS,0.017746,0.2873,-0.5911954,0.029697,0.58648,-1.226916,0.702736,112.32
T000354,alpha,ZnS,ZnS,0.029697,0.58648,-1.226916,0.142101,2.49481,-5.27705,4.53655,1102.07
T000354,alpha,ZnS,ZnS,0.142101,2.49481,-5.27705,0.142101,2.49481,-5.27705,0,0
T000355,Li7,BN,binder_void,0,0,0,0.088357,-0.09588,0.128599,0.183166,114.639
T000355,Li7,binder_void,BN,0.088357,-0.09588,0.128599,0.161596,-0.17018,0.232777,0.147445,27.7002
T000355,Li7,BN,binder_void,0.161596,-0.17018,0.232777,0.569739,-0.58767,0.8241,0.831997,447.719
T000355,Li7,binder_void,BN,0.569739,-0.58767,0.8241,0.593769,-0.61121,0.86297,0.0514108,4.48852
T000355,Li7,BN,BN,0.593769,-0.61121,0.86297,1.007049,-1.02303,1.54328,0.906395,245.453
T000355,Li7,BN,BN,1.007049,-1.02303,1.54328,1.007049,-1.02303,1.54328,0,0
T000356,alpha,BN,binder_void,0,0,0,-0.20627,0.22385,-0.300216,0.427558,148.525
T000356,alpha,binder_void,BN,-0.20627,0.22385,-0.300216,-0.271678,0.2962,-0.397288,0.137605,20.5305
T000356,alpha,BN,binder_void,-0.271678,0.2962,-0.397288,-0.6862286,0.75837,-1.017105,0.877422,350.88
T000356,alpha,binder_void,ZnS,-0.6862286,0.75837,-1.017105,-0.6919704,0.76457,-1.025242,0.0117346,2.08904
T000356,alpha,ZnS,ZnS,-0.6919704,0.76457,-1.025242,-2.673421,2.90346,-3.8286,4.10697,947.976
T000356,alpha,ZnS,ZnS,-2.673421,2.90346,-3.8286,-2.673421,2.90346,-3.8286,0,0
T000357,Li7,BN,binder_void,0,0,0,-0.37505,-0.57001,-0.27176,0.734986,422.18
T000357,Li7,binder_void,BN,-0.37505,-0.57001,-0.27176,-0.39326,-0.59667,-0.28312,0.0342283,4.80895
T000357,Li7,BN,binder_void,-0.39326,-0.59667,-0.28312,-0.85779,-1.27456,-0.57353,0.874833,292.502
T000357,Li7,binder_void,BN,-0.85779,-1.27456,-0.57353,-0.98365,-1.44616,-0.6289,0.220411,15.2167
T000357,Li7,BN,BN,-0.98365,-1.44616,-0.6289,-1.38829,-2.05516,-0.73533,0.779095,105.292
T000357,Li7,BN,BN,-1.38829,-2.05516,-0.73533,-1.38829,-2.05516,-0.73533,0,0
T000358,alpha,BN,binder_void,0,0,0,0.06438,0.09786,0.04666,0.126093,47.9395
T000358,alpha,binder_void,BN,0.06438,0.09786,0.04666,0.44893,0.68202,0.32734,0.753617,113.179
T000358,alpha,BN,binder_void,0.44893,0.68202,0.32734,0.85888,1.30336,0.62924,0.803403,330.247
T000358,alpha,binder_void,ZnS,0.85888,1.30336,0.62924,0.92018,1.39841,0.67414,0.121692,21.2885
T000358,alpha,ZnS,binder_void,0.92018,1.39841,0.67414,2.77232,4.27304,2.042342,3.72511,881.843
T000358,alpha,binder_void,BN,2.77232,4.27304,2.042342,2.95788,4.86216,2.139127,0.630486,66.1105
T000358,alpha,BN,BN,2.95788,4.86216,2.139127,2.98828,4.90261,2.170569,0.0624273,6.10227
T000358,alpha,BN,BN,2.98828,4.90261,2.170569,2.96347,4.93762,2.199528,0.0635901,1.88655
T000358,alpha,BN,BN,2.96347,4.93762,2.199528,2.95457,4.93885,2.192493,0.0802353,1.40368
T000358,alpha,BN,BN,2.95457,4.93885,2.192493,2.95457,4.93885,2.192493,0,0
T000359,Li7,BN,binder_void,0,0,0,0.11419,-0.02654,0.01479,0.118182,76.9488
T000359,Li7,binder_void,BN,0.11419,-0.02654,0.01479,0.39078,-0.09261,0.04814,0.286345,54.1989
T000359,Li7,BN,binder_void,0.39078,-0.09261,0.04814,0.97926,-0.23506,0.11941,0.610147,344.21
T000359,Li7,binder_void,BN,0.97926,-0.23506,0.11941,1.32787,-0.31071,0.18672,0.3632,43.9355
T000359,Li7,BN,binder_void,1.32787,-0.31071,0.18672,1.87275,-0.41672,0.28659,0.565908,217.871
T000359,Li7,binder_void,BN,1.87275,-0.41672,0.28659,2.04788,-0.43553,0.34786,0.187004,13.2303
T000359,Li7,BN,binder_void,2.04788,-0.43553,0.34786,2.59423,-0.42629,0.66359,0.668039,70.9221
T000359,Li7,binder_void,binder_void,2.59423,-0.42629,0.66359,2.87373,-0.33923,0.63675,0.317149,16.2355
T000359,Li7,binder_void,binder_void,2.87373,-0.33923,0.63675,2.94773,-0.47127,0.62522,0.205043,3.23212
T000359,Li7,binder_void,binder_void,2.94773,-0.47127,0.62522,2.94773,-0.47127,0.62522,0,0
T000360,alpha,BN,binder_void,0,0,0,-0.75733,0.17605,-0.09804,0.783768,306.482
T000360,alpha,binder_void,BN,-0.75733,0.17605,-0.09804,-0.81791,0.18984,-0.10589,0.0626204,11.8473
T000360,alpha,BN,binder_void,-0.81791,0.18984,-0.10589,-1.75681,0.40247,-0.22755,0.970549,458.809
T000360,alpha,binder_void,BN,-1.75681,0.40247,-0.22755,-2.02064,0.46817,-0.26273,0.274166,49.244
T000360,alpha,BN,binder_void,-2.02064,0.46817,-0.26273,-2.38102,0.5569,-0.309,0.374104,170.788
T000360,alpha,binder_void,BN,-2.38102,0.5569,-0.309,-2.56882,0.60209,-0.33345,0.194714,33.3968
T000360,alpha,BN,binder_void,-2.56882,0.60209,-0.33345,-3.04566,0.72439,-0.39333,0.496239,197.221
T000360,alpha,binder_void,BN,-3.04566,0.72439,-0.39333,-3.07135,0.73062,-0.39739,0.0267395,3.43689
T000360,alpha,BN,binder_void,-3.07135,0.73062,-0.39739,-3.71867,0.88779,-0.49995,0.676174,228.538
T000360,alpha,binder_void,binder_void,-3.71867,0.88779,-0.49995,-3.90478,0.8982,-0.45446,0.212688,10.2376
T000360,alpha,binder_void,binder_void,-3.90478,0.8982,-0.45446,-3.90478,0.8982,-0.45446,0,0
T000361,Li7,BN,binder_void,0,0,0,-0.092,0.29966,-0.23471,0.391739,253.166
T000361,Li7,binder_void,ZnS,-0.092,0.29966,-0.23471,-0.309,1.0483,-0.82107,0.975979,151.981
T000361,Li7,ZnS,ZnS,-0.309,1.0483,-0.82107,-0.4806,2.09555,-1.83929,1.49699,434.853
T000361,Li7,ZnS,ZnS,-0.4806,2.09555,-1.83929,-0.4806,2.09555,-1.83929,0,0
T000362,alpha,BN,binder_void,0,0,0,0.0342,-0.11114,0.08706,0.145242,46.9095
T000362,alpha,binder_void,BN,0.0342,-0.11114,0.08706,0.0677,-0.22037,0.17219,0.14249,22.6464
T000362,alpha,BN,binder_void,0.0677,-0.22037,0.17219,0.3017,-0.97841,0.76506,0.990521,412.442
T000362,alpha,binder_void,ZnS,0.3017,-0.97841,0.76506,0.5042,-1.65281,1.28174,0.873503,136.034
T000362,alpha,ZnS,binder_void,0.5042,-1.65281,1.28174,0.6505,-2.12281,1.64307,0.611474,214.846
T000362,alpha,binder_void,BN,0.6505,-2.12281,1.64307,0.9106,-3.02871,2.30461,1.15187,190.962
T000362,alpha,BN,binder_void,0.9106,-3.02871,2.30461,1.092,-3.75971,2.826739,0.917609,274.638
T000362,alpha,binder_void,BN,1.092,-3.75971,2.826739,1.2118,-4.13741,3.093878,0.478529,56.3473
T000362,alpha,BN,binder_void,1.2118,-4.13741,3.093878,1.3346,-4.56741,3.316971,0.504701,58.1218
T000362,alpha,binder_void,BN,1.3346,-4.56741,3.316971,1.3998,-4.82341,3.41577,0.28373,23.6618
T000362,alpha,BN,BN,1.3998,-4.82341,3.41577,1.4848,-5.15001,3.564632,0.415606,33.3905
T000362,alpha,BN,BN,1.4848,-5.15001,3.564632,1.4848,-5.15001,3.564632,0,0
T000363,Li7,BN,binder_void,0,0,0,-0.036,-0.04587,-0.02168,0.0622287,47.5312
T000363,Li7,binder_void,BN,-0.036,-0.04587,-0.02168,-0.1397,-0.17848,-0.08556,0.180044,34.4365
T000363,Li7,BN,binder_void,-0.1397,-0.17848,-0.08556,-0.4069,-0.52511,-0.25129,0.468206,303.627
T000363,Li7,binder_void,BN,-0.4069,-0.52511,-0.25129,-0.5499,-0.71201,-0.33081,0.248422,38.8858
T000363,Li7,BN,binder_void,-0.5499,-0.71201,-0.33081,-0.8036,-1.04011,-0.46996,0.4378,242.066
T000363,Li7,binder_void,BN,-0.8036,-1.04011,-0.46996,-1.0043,-1.30201,-0.58674,0.350208,44.831
T000363,Li7,BN,binder_void,-1.0043,-1.30201,-0.58674,-1.1871,-1.54501,-0.73014,0.336858,134.412
T000363,Li7,binder_void,ZnS,-1.1871,-1.54501,-0.73014,-1.4229,-1.90731,-1.00577,0.514324,45.8859
T000363,Li7,ZnS,ZnS,-1.4229,-1.90731,-1.00577,-1.779,-2.23461,-1.17486,0.538659,105.037
T000363,Li7,ZnS,ZnS,-1.779,-2.23461,-1.17486,-1.8013,-2.17371,-1.14643,0.463254,16.2881
T000363,Li7,ZnS,ZnS,-1.8013,-2.17371,-1.14643,-1.8013,-2.17371,-1.14643,0,0
T000364,alpha,BN,binder_void,0,0,0,0.5292,0.67373,0.31851,0.9141,318.339
T000364,alpha,binder_void,BN,0.5292,0.67373,0.31851,0.5809,0.74145,0.34913,0.0905222,13.3894
T000364,alpha,BN,binder_void,0.5809,0.74145,0.34913,0.9252,1.19182,0.55296,0.602456,232.248
T000364,alpha,binder_void,BN,0.9252,1.19182,0.55296,2.8711,3.74938,1.72906,3.42302,567.042
T000364,alpha,BN,binder_void,2.8711,3.74938,1.72906,3.3837,4.40514,2.03192,0.886229,415.454
T000364,alpha,binder_void,BN,3.3837,4.40514,2.03192,3.5186,4.5904,2.11193,0.242835,32.8747
T000364,alpha,BN,BN,3.5186,4.5904,2.11193,3.99433,5.1941,2.37665,0.81822,196.654
T000364,alpha,BN,BN,3.99433,5.1941,2.37665,3.99433,5.1941,2.37665,0,0
T000365,Li7,BN,binder_void,0,0,0,0.05169,-0.08625,-0.14160941,0.173702,114.827
T000365,Li7,binder_void,ZnS,0.05169,-0.08625,-0.14160941,0.067713,-0.11181,-0.1842951,0.0522691,9.06764
T000365,Li7,ZnS,ZnS,0.067713,-0.11181,-0.1842951,0.387428,-1.007088,-1.44066,1.58711,720.345
T000365,Li7,ZnS,ZnS,0.387428,-1.007088,-1.44066,0.387428,-1.007088,-1.44066,0,0
T000366,alpha,BN,binder_void,0,0,0,-0.081559,0.13608,0.223435,0.274043,114.475
T000366,alpha,binder_void,BN,-0.081559,0.13608,0.223435,-0.370773,0.62524,1.03076,0.98732,153.152
T000366,alpha,BN,binder_void,-0.370773,0.62524,1.03076,-0.597839,0.99272,1.64064,0.747479,298.018
T000366,alpha,binder_void,BN,-0.597839,0.99272,1.64064,-0.606376,1.00598,1.6615,0.0261513,3.58495
T000366,alpha,BN,binder_void,-0.606376,1.00598,1.6615,-0.907168,1.47138,2.39235,0.917483,395.099
T000366,alpha,binder_void,BN,-0.907168,1.47138,2.39235,-0.927581,1.50217,2.43798,0.0587118,12.2134
T000366,alpha,BN,binder_void,-0.927581,1.50217,2.43798,-1.124447,1.79933,2.87799,0.56663,228.875
T000366,alpha,binder_void,BN,-1.124447,1.79933,2.87799,-1.31253,2.08643,3.26424,0.517015,77.9877
T000366,alpha,BN,BN,-1.31253,2.08643,3.26424,-1.559843,2.50764,3.82078,0.745144,186.595
T000366,alpha,BN,BN,-1.559843,2.50764,3.82078,-1.559843,2.50764,3.82078,0,0
T000367,Li7,BN,binder_void,0,0,0,0.039437,-0.00778,0.680686,0.682324,417.848
T000367,Li7,binder_void,BN,0.039437,-0.00778,0.680686,0.029541,-0.01805,0.85332,0.173248,23.8361
T000367,Li7,BN,binder_void,0.029541,-0.01805,0.85332,-0.00026,-0.04902,1.41738,0.566959,247.324
T000367,Li7,binder_void,BN,-0.00026,-0.04902,1.41738,-0.021896,-0.07706,1.63234,0.218195,19.6367
T000367,Li7,BN,BN,-0.021896,-0.07706,1.63234,-0.066998,-0.171699,2.41967,0.823181,131.356
T000367,Li7,BN,BN,-0.066998,-0.171699,2.41967,-0.066998,-0.171699,2.41967,0,0
T000368,alpha,BN,binder_void,0,0,0,-0.004037,0.00079,-0.0696764,0.0697981,22.3188
T000368,alpha,binder_void,ZnS,-0.004037,0.00079,-0.0696764,-0.008323,0.0015,-0.14536873,0.0758171,11.2046
T000368,alpha,ZnS,ZnS,-0.008323,0.0015,-0.14536873,-0.256869,0.04025,-4.45911,4.34569,1436.48
T000368,alpha,ZnS,ZnS,-0.256869,0.04025,-4.45911,-0.256869,0.04025,-4.45911,0,0
T000369,Li7,BN,binder_void,0,0,0,0.0789,0.034,-0.17997,0.199454,128.935
T000369,Li7,binder_void,BN,0.0789,0.034,-0.17997,0.2626,0.1113,-0.59782,0.463028,74.0299
T000369,Li7,BN,binder_void,0.2626,0.1113,-0.59782,0.5552,0.2208,-1.22554,0.701972,364.867
T000369,Li7,binder_void,BN,0.5552,0.2208,-1.22554,0.6148,0.2426,-1.36235,0.150871,16.5878
T000369,Li7,BN,binder_void,0.6148,0.2426,-1.36235,0.7354,0.2956,-1.64322,0.311019,116.877
T000369,Li7,binder_void,BN,0.7354,0.2956,-1.64322,0.9119,0.3881,-1.96171,0.376951,36.005
T000369,Li7,BN,BN,0.9119,0.3881,-1.96171,1.2332,0.4698,-2.65265,0.818649,102.699
T000369,Li7,BN,BN,1.2332,0.4698,-2.65265,1.2332,0.4698,-2.65265,0,0
T000370,alpha,BN,binder_void,0,0,0,-0.0001,0,0.00022,0.00023861,0.229154
T000370,alpha,binder_void,BN,-0.0001,0,0.00022,-0.1582,-0.0681,0.36105,0.399839,58.7703
T000370,alpha,BN,binder_void,-0.1582,-0.0681,0.36105,-0.525,-0.2273,1.20014,0.929606,383.952
T000370,alpha,binder_void,ZnS,-0.525,-0.2273,1.20014,-0.929,-0.3878,2.06408,0.967242,162.912
T000370,alpha,ZnS,ZnS,-0.929,-0.3878,2.06408,-1.9783,-0.80669,4.32004,2.54215,864.136
T000370,alpha,ZnS,ZnS,-1.9783,-0.80669,4.32004,-1.9783,-0.80669,4.32004,0,0
T000371,Li7,BN,binder_void,0,0,0,0,0.0012,0.00036,0.00118697,0.999865
T000371,Li7,binder_void,BN,0,0.0012,0.00036,-0.0083,0.192,0.06049,0.200262,37.1596
T000371,Li7,BN,binder_void,-0.0083,0.192,0.06049,-0.0398,0.9786,0.31016,0.826611,498.334
T000371,Li7,binder_void,BN,-0.0398,0.9786,0.31016,-0.0784,2.2992,0.77164,1.4039,116.906
T000371,Li7,BN,binder_void,-0.0784,2.2992,0.77164,-0.0725,2.8013,0.94847,0.537239,120.926
T000371,Li7,binder_void,BN,-0.0725,2.8013,0.94847,-0.088,3.0044,1.09533,0.253394,17.1259
T000371,Li7,BN,BN,-0.088,3.0044,1.09533,-0.1054,3.3967,1.35566,0.561422,48.548
T000371,Li7,BN,BN,-0.1054,3.3967,1.35566,-0.1054,3.3967,1.35566,0,0
T000372,alpha,BN,binder_void,0,0,0,0.0017,-0.0382,-0.01202,0.0400885,14.4391
T000372,alpha,binder_void,BN,0.0017,-0.0382,-0.01202,0.0131,-0.2966,-0.093,0.271072,40.98
T000372,alpha,BN,binder_void,0.0131,-0.2966,-0.093,0.0429,-1.00441,-0.31357,0.742058,287.718
T000372,alpha,binder_void,ZnS,0.0429,-1.00441,-0.31357,0.0576,-1.35679,-0.42525,0.369953,54.4816
T000372,alpha,ZnS,binder_void,0.0576,-1.35679,-0.42525,0.1785,-4.06417,-1.28907,2.86068,1070.22
T000372,alpha,binder_void,binder_void,0.1785,-4.06417,-1.28907,0.2001,-4.09433,-1.29567,0.0476412,0.642603
T000372,alpha,binder_void,ZnS,0.2001,-4.09433,-1.29567,0.2008,-4.09121,-1.29838,0.00440716,0.0598895
T000372,alpha,ZnS,ZnS,0.2008,-4.09121,-1.29838,0.2023,-4.08877,-1.30609,0.0434433,0.762826
T000372,alpha,ZnS,ZnS,0.2023,-4.08877,-1.30609,0.2028,-4.09227,-1.30604,0.0415821,0.699507
T000372,alpha,ZnS,ZnS,0.2028,-4.09227,-1.30604,0.2028,-4.09227,-1.30604,0,0
T000373,Li7,BN,binder_void,0,0,0,-0.227,0.3122,-0.496218,0.629066,376.284
T000373,Li7,binder_void,BN,-0.227,0.3122,-0.496218,-0.3547,0.5103,-0.783146,0.371451,48.9973
T000373,Li7,BN,binder_void,-0.3547,0.5103,-0.783146,-0.6637,0.9951,-1.474718,0.90274,323.812
T000373,Li7,binder_void,BN,-0.6637,0.9951,-1.474718,-0.6937,1.047,-1.559098,0.103724,9.02459
T000373,Li7,BN,BN,-0.6937,1.047,-1.559098,-0.9517,1.367,-2.084628,0.729405,81.8826
T000373,Li7,BN,BN,-0.9517,1.367,-2.084628,-0.9517,1.367,-2.084628,0,0
T000374,alpha,BN,binder_void,0,0,0,0.1005,-0.1382,0.219599,0.278233,95.1677
T000374,alpha,binder_void,ZnS,0.1005,-0.1382,0.219599,0.2294,-0.3153,0.502041,0.357448,51.3149
T000374,alpha,ZnS,binder_void,0.2294,-0.3153,0.502041,1.0168,-1.398,2.240092,2.19972,846.858
T000374,alpha,binder_void,BN,1.0168,-1.398,2.240092,1.0525,-1.4352,2.294332,0.0748363,12.0866
T000374,alpha,BN,binder_void,1.0525,-1.4352,2.294332,1.3272,-1.7218,2.711102,0.575991,256.488
T000374,alpha,binder_void,BN,1.3272,-1.7218,2.711102,1.6208,-2.0046,3.164952,0.61074,72.7753
T000374,alpha,BN,binder_void,1.6208,-2.0046,3.164952,1.7348,-2.0952,3.317472,0.211457,58.3246
T000374,alpha,binder_void,BN,1.7348,-2.0952,3.317472,1.8939,-2.2212,3.539872,0.302086,25.4438
T000374,alpha,BN,BN,1.8939,-2.2212,3.539872,2.1598,-2.4055,3.904432,0.521915,51.5406
T000374,alpha,BN,BN,2.1598,-2.4055,3.904432,2.1598,-2.4055,3.904432,0,0
T000375,Li7,BN,binder_void,0,0,0,0.2096,-0.2777,0.0317907,0.349495,207.538
T000375,Li7,binder_void,ZnS,0.2096,-0.2777,0.0317907,0.2961,-0.391,0.0454154,0.143162,24.0638
T000375,Li7,ZnS,ZnS,0.2961,-0.391,0.0454154,1.2669,-1.5873,-0.0001234,1.55652,608.398
T000375,Li7,ZnS,ZnS,1.2669,-1.5873,-0.0001234,1.2669,-1.5873,-0.0001234,0,0
T000376,alpha,BN,binder_void,0,0,0,-0.3003,0.398,-0.0455529,0.50067,191.773
T000376,alpha,binder_void,BN,-0.3003,0.398,-0.0455529,-1.425,1.9556,-0.181539,1.92626,305.41
T000376,alpha,BN,binder_void,-1.425,1.9556,-0.181539,-1.9457,2.6637,-0.26916,0.883597,397.278
T000376,alpha,binder_void,BN,-1.9457,2.6637,-0.26916,-2.126,2.9573,-0.286497,0.344939,50.4738
T000376,alpha,BN,binder_void,-2.126,2.9573,-0.286497,-2.5523,3.632,-0.316423,0.799379,312.052
T000376,alpha,binder_void,BN,-2.5523,3.632,-0.316423,-2.5664,3.651,-0.317071,0.0236551,2.49768
T000376,alpha,BN,BN,-2.5664,3.651,-0.317071,-3.1658,4.4269,-0.327909,0.988087,210.515
T000376,alpha,BN,BN,-3.1658,4.4269,-0.327909,-3.1658,4.4269,-0.327909,0,0
T000377,Li7,BN,binder_void,0,0,0,0.1357,0.19139,-0.09392,0.252754,166.028
T000377,Li7,binder_void,BN,0.1357,0.19139,-0.09392,0.4801,0.72058,-0.37983,0.693308,104.899
T000377,Li7,BN,binder_void,0.4801,0.72058,-0.37983,0.9091,1.39118,-0.7301,0.871439,432.527
T000377,Li7,binder_void,BN,0.9091,1.39118,-0.7301,1.0331,1.56354,-0.83527,0.237404,19.4827
T000377,Li7,BN,BN,1.0331,1.56354,-0.83527,1.4265,2.10882,-1.16755,0.781762,117.064
T000377,Li7,BN,BN,1.4265,2.10882,-1.16755,1.4265,2.10882,-1.16755,0,0
T000378,alpha,BN,binder_void,0,0,0,-0.1709,-0.24116,0.11834,0.318416,113.982
T000378,alpha,binder_void,BN,-0.1709,-0.24116,0.11834,-0.6739,-0.95594,0.4673,0.941151,136.873
T000378,alpha,BN,binder_void,-0.6739,-0.95594,0.4673,-1.1234,-1.591286,0.76772,0.834386,331.092
T000378,alpha,binder_void,BN,-1.1234,-1.591286,0.76772,-1.28223,-1.808412,0.87478,0.289563,39.1451
T000378,alpha,BN,binder_void,-1.28223,-1.808412,0.87478,-1.67404,-2.346442,1.13893,0.716277,338.941
T000378,alpha,binder_void,BN,-1.67404,-2.346442,1.13893,-1.74036,-2.437042,1.18789,0.122494,22.7157
T000378,alpha,BN,binder_void,-1.74036,-2.437042,1.18789,-1.90969,-2.670381,1.31366,0.314653,125.621
T000378,alpha,binder_void,BN,-1.90969,-2.670381,1.31366,-2.06906,-2.880952,1.4289,0.288176,47.1098
T000378,alpha,BN,binder_void,-2.06906,-2.880952,1.4289,-2.49026,-3.42782,1.72509,0.752737,187.896
T000378,alpha,binder_void,BN,-2.49026,-3.42782,1.72509,-2.64333,-3.60143,1.80889,0.246435,21.6733
T000378,alpha,BN,BN,-2.64333,-3.60143,1.80889,-3.08396,-4.14716,2.04164,0.758969,104.951
T000378,alpha,BN,BN,-3.08396,-4.14716,2.04164,-3.08396,-4.14716,2.04164,0,0
T000379,Li7,BN,binder_void,0,0,0,-0.2352,0.21974,-0.71798,0.787467,455.69
T000379,Li7,binder_void,BN,-0.2352,0.21974,-0.71798,-0.2418,0.2263,-0.74069,0.0245399,2.4026
T000379,Li7,BN,binder_void,-0.2418,0.2263,-0.74069,-0.4712,0.4536,-1.51719,0.844396,309.804
T000379,Li7,binder_void,BN,-0.4712,0.4536,-1.51719,-0.5458,0.48466,-1.7512,0.249398,15.5729
T000379,Li7,BN,BN,-0.5458,0.48466,-1.7512,-0.726,0.55333,-2.23873,0.605821,56.5302
T000379,Li7,BN,BN,-0.726,0.55333,-2.23873,-0.726,0.55333,-2.23873,0,0
T000380,alpha,BN,binder_void,0,0,0,0.0306,-0.02856,0.0933,0.102258,42.1704
T000380,alpha,binder_void,BN,0.0306,-0.02856,0.0933,0.0757,-0.07004,0.23484,0.154214,23.7148
T000380,alpha,BN,binder_void,0.0757,-0.07004,0.23484,0.2402,-0.24022,0.77623,0.590931,223.669
T000380,alpha,binder_void,BN,0.2402,-0.24022,0.77623,0.2698,-0.26996,0.86993,0.102653,13.239
T000380,alpha,BN,binder_void,0.2698,-0.26996,0.86993,0.3422,-0.3429,1.09941,0.251467,94.3054
T000380,alpha,binder_void,BN,0.3422,-0.3429,1.09941,0.7033,-0.7019,2.20631,1.21855,204.188
T000380,alpha,BN,binder_void,0.7033,-0.7019,2.20631,0.9722,-0.9597,3.0356,0.909425,399.542
T000380,alpha,binder_void,BN,0.9722,-0.9597,3.0356,1.1116,-1.06569,3.37649,0.383286,74.5377
T000380,alpha,BN,binder_void,1.1116,-1.06569,3.37649,1.4593,-1.343847,4.243281,0.97634,162.225
T000380,alpha,binder_void,BN,1.4593,-1.343847,4.243281,1.5909,-1.440306,4.572581,0.367698,53.0646
T000380,alpha,BN,binder_void,1.5909,-1.440306,4.572581,1.8419,-1.610339,5.135745,0.643099,164.429
T000380,alpha,binder_void,BN,1.8419,-1.610339,5.135745,1.9283,-1.629576,5.345763,0.242947,7.96563
T000380,alpha,BN,BN,1.9283,-1.629576,5.345763,1.9361,-1.632833,5.380292,0.0372208,0.883612
T000380,alpha,BN,BN,1.9361,-1.632833,5.380292,1.9349,-1.603981,5.397584,0.0355577,4.56232
T000380,alpha,BN,BN,1.9349,-1.603981,5.397584,1.9175,-1.582311,5.381314,0.0425585,1.2925
T000380,alpha,BN,BN,1.9175,-1.582311,5.381314,1.9167,-1.582305,5.380873,0.030995,0.20989
T000380,alpha,BN,BN,1.9167,-1.582305,5.380873,1.9167,-1.582305,5.380873,0,0
T000381,Li7,BN,binder_void,0,0,0,0.23497,0.54959,0.0537,0.600469,369.526
T000381,Li7,binder_void,BN,0.23497,0.54959,0.0537,0.49168,1.12974,0.1066,0.636973,98.3512
T000381,Li7,BN,binder_void,0.49168,1.12974,0.1066,0.53243,1.22123,0.1198,0.101056,49.45
T000381,Li7,binder_void,ZnS,0.53243,1.22123,0.1198,0.97655,2.22389,0.2535,1.1071,120.598
T000381,Li7,ZnS,ZnS,0.97655,2.22389,0.2535,1.62759,3.04188,0.9597,1.34656,190.894
T000381,Li7,ZnS,ZnS,1.62759,3.04188,0.9597,1.6472,3.04203,0.9957,0.38382,11.1812
T000381,Li7,ZnS,ZnS,1.6472,3.04203,0.9957,1.6472,3.04203,0.9957,0,0
T000382,alpha,BN,binder_void,0,0,0,-0.01914,-0.04477,-0.0044,0.0488829,18.3435
T000382,alpha,binder_void,BN,-0.01914,-0.04477,-0.0044,-1.17055,-2.744387,-0.2619,2.94663,445.124
T000382,alpha,BN,binder_void,-1.17055,-2.744387,-0.2619,-1.30141,-3.03787,-0.2954,0.323109,145.463
T000382,alpha,binder_void,BN,-1.30141,-3.03787,-0.2954,-1.42858,-3.3284,-0.3302,0.319057,53.6468
T000382,alpha,BN,binder_void,-1.42858,-3.3284,-0.3302,-1.795,-4.18557,-0.4363,0.938624,407.955
T000382,alpha,binder_void,BN,-1.795,-4.18557,-0.4363,-1.84154,-4.31485,-0.4492,0.138019,22.8228
T000382,alpha,BN,binder_void,-1.84154,-4.31485,-0.4492,-2.13786,-5.14533,-0.5371,0.887754,293.492
T000382,alpha,binder_void,BN,-2.13786,-5.14533,-0.5371,-2.15299,-5.18156,-0.5416,0.0395301,5.80175
T000382,alpha,BN,BN,-2.15299,-5.18156,-0.5416,-2.38907,-5.75033,-0.6195,0.646099,77.3518
T000382,alpha,BN,BN,-2.38907,-5.75033,-0.6195,-2.38907,-5.75033,-0.6195,0,0
T000383,Li7,BN,binder_void,0,0,0,-0.01858,0.01763,0.0394,0.0470446,30.6665
T000383,Li7,binder_void,BN,-0.01858,0.01763,0.0394,-0.12774,0.12036,0.2688,0.274038,51.5512
T000383,Li7,BN,binder_void,-0.12774,0.12036,0.2688,-0.48869,0.47142,1.0261,0.910451,519.048
T000383,Li7,binder_void,outside,-0.48869,0.47142,1.0261,-0.87339,0.9855,2.0162,1.18498,108.908
T000384,alpha,BN,binder_void,0,0,0,0.2463,-0.2337,-0.5231,0.623651,233.167
T000384,alpha,binder_void,ZnS,0.2463,-0.2337,-0.5231,0.44847,-0.41892,-0.9494,0.506863,72.6716
T000384,alpha,ZnS,binder_void,0.44847,-0.41892,-0.9494,1.52577,-1.386906,-3.19322,2.68244,826.522
T000384,alpha,binder_void,ZnS,1.52577,-1.386906,-3.19322,1.92342,-1.582757,-3.81712,0.765763,141.722
T000384,alpha,ZnS,ZnS,1.92342,-1.582757,-3.81712,2.81234,-1.9938347,-5.16679,1.87793,195.917
T000384,alpha,ZnS,ZnS,2.81234,-1.9938347,-5.16679,2.81234,-1.9938347,-5.16679,0,0
T000385,Li7,BN,binder_void,0,0,0,0.06395,0.32246,-0.73819,0.80874,504.867
T000385,Li7,binder_void,ZnS,0.06395,0.32246,-0.73819,0.08261,0.37803,-0.86434,0.139137,16.7082
T000385,Li7,ZnS,ZnS,0.08261,0.37803,-0.86434,0.31933,0.57525,-2.22723,1.44058,296.427
T000385,Li7,ZnS,ZnS,0.31933,0.57525,-2.22723,0.34718,0.58415,-2.33098,0.538363,21.998
T000385,Li7,ZnS,ZnS,0.34718,0.58415,-2.33098,0.34718,0.58415,-2.33098,0,0
T000386,alpha,BN,binder_void,0,0,0,-0.00475,-0.02398,0.05492,0.0601168,21.8833
T000386,alpha,binder_void,BN,-0.00475,-0.02398,0.05492,-0.04524,-0.23568,0.53702,0.528104,78.7987
T000386,alpha,BN,binder_void,-0.04524,-0.23568,0.53702,-0.1176,-0.63497,1.4448,0.994539,394.194
T000386,alpha,binder_void,ZnS,-0.1176,-0.63497,1.4448,-0.12256,-0.65887,1.4976,0.0581755,11.7269
T000386,alpha,ZnS,ZnS,-0.12256,-0.65887,1.4976,-0.47663,-2.33956,5.2071,4.14956,963.397
T000386,alpha,ZnS,ZnS,-0.47663,-2.33956,5.2071,-0.47663,-2.33956,5.2071,0,0
T000387,Li7,BN,binder_void,0,0,0,-0.15067,0.04963,0.02933,0.161341,94.66
T000387,Li7,binder_void,BN,-0.15067,0.04963,0.02933,-0.37266,0.12007,0.07226,0.236848,45.6245
T000387,Li7,BN,binder_void,-0.37266,0.12007,0.07226,-1.005,0.32252,0.19189,0.675271,376.154
T000387,Li7,binder_void,ZnS,-1.005,0.32252,0.19189,-1.47917,0.49184,0.20603,0.504141,62.3977
T000387,Li7,ZnS,ZnS,-1.47917,0.49184,0.20603,-2.71747,0.87956,-0.14072,1.40185,261.164
T000387,Li7,ZnS,ZnS,-2.71747,0.87956,-0.14072,-2.71747,0.87956,-0.14072,0,0
T000388,alpha,BN,binder_void,0,0,0,0.28126,-0.09263,-0.05475,0.301147,106.426
T000388,alpha,binder_void,BN,0.28126,-0.09263,-0.05475,0.65706,-0.21451,-0.12972,0.402129,51.0416
T000388,alpha,BN,binder_void,0.65706,-0.21451,-0.12972,1.28349,-0.41448,-0.25281,0.669075,266.429
T000388,alpha,binder_void,BN,1.28349,-0.41448,-0.25281,1.43854,-0.46331,-0.2816,0.165092,24.1944
T000388,alpha,BN,binder_void,1.43854,-0.46331,-0.2816,1.59091,-0.51042,-0.3085,0.161742,69.9357
T000388,alpha,binder_void,BN,1.59091,-0.51042,-0.3085,1.84504,-0.58931,-0.35139,0.269534,47.4019
T000388,alpha,BN,binder_void,1.84504,-0.58931,-0.35139,2.73294,-0.86275,-0.49269,0.940058,386.977
T000388,alpha,binder_void,BN,2.73294,-0.86275,-0.49269,3.71671,-1.15898,-0.62873,1.03673,170.133
T000388,alpha,BN,binder_void,3.71671,-1.15898,-0.62873,4.118764,-1.27681,-0.67241,0.421604,146.543
T000388,alpha,binder_void,ZnS,4.118764,-1.27681,-0.67241,4.61089,-1.43635,-0.7131,0.519462,74.1142
T000388,alpha,ZnS,ZnS,4.61089,-1.43635,-0.7131,5.501901,-2.29944,-0.77453,1.3241,58.4081
T000388,alpha,ZnS,ZnS,5.501901,-2.29944,-0.77453,5.89413,-2.94121,-0.93816,1.19703,68.3965
T000388,alpha,ZnS,ZnS,5.89413,-2.94121,-0.93816,5.89413,-2.94121,-0.93816,0,0
T000389,Li7,BN,binder_void,0,0,0,-0.4707,0.16461,0.241066,0.554124,376.484
T000389,Li7,binder_void,BN,-0.4707,0.16461,0.241066,-0.9001,0.2895,0.486816,0.510363,78.6572
T000389,Li7,BN,binder_void,-0.9001,0.2895,0.486816,-1.681,0.51135,0.919726,0.92205,493.894
T000389,Li7,binder_void,BN,-1.681,0.51135,0.919726,-2.2449,0.72863,1.295366,0.733646,45.4858
T000389,Li7,BN,BN,-2.2449,0.72863,1.295366,-2.3105,0.71304,1.359286,0.0974587,16.4652
T000389,Li7,BN,BN,-2.3105,0.71304,1.359286,-2.2636,0.76868,1.333646,0.106574,2.01288
T000389,Li7,BN,BN,-2.2636,0.76868,1.333646,-2.2636,0.76868,1.333646,0,0
T000390,alpha,BN,binder_void,0,0,0,0.3748,-0.13104,-0.191905,0.440982,156.532
T000390,alpha,binder_void,BN,0.3748,-0.13104,-0.191905,0.3923,-0.13705,-0.20091,0.0206115,3.86916
T000390,alpha,BN,binder_void,0.3923,-0.13705,-0.20091,1.2107,-0.41739,-0.620976,0.961764,337.114
T000390,alpha,binder_void,BN,1.2107,-0.41739,-0.620976,1.3555,-0.46577,-0.689257,0.167245,26.8565
T000390,alpha,BN,binder_void,1.3555,-0.46577,-0.689257,2.0211,-0.68738,-1.002651,0.768447,332.758
T000390,alpha,binder_void,ZnS,2.0211,-0.68738,-1.002651,2.3958,-0.8117,-1.178436,0.432164,77.6407
T000390,alpha,ZnS,binder_void,2.3958,-0.8117,-1.178436,4.4574,-1.50462,-2.143184,2.39685,630.815
T000390,alpha,binder_void,BN,4.4574,-1.50462,-2.143184,4.7198,-1.70142,-2.375964,0.402476,61.3681
T000390,alpha,BN,BN,4.7198,-1.70142,-2.375964,5.1158,-2.2222,-2.993074,0.914435,149.045
T000390,alpha,BN,BN,5.1158,-2.2222,-2.993074,5.1158,-2.2222,-2.993074,0,0
T000391,Li7,BN,binder_void,0,0,0,0.2547,0.11874,-0.377839,0.471076,287.874
T000391,Li7,binder_void,BN,0.2547,0.11874,-0.377839,0.6651,0.30717,-1.005507,0.773646,113.481
T000391,Li7,BN,binder_void,0.6651,0.30717,-1.005507,0.8775,0.40689,-1.324424,0.396417,201.923
T000391,Li7,binder_void,ZnS,0.8775,0.40689,-1.324424,1.3102,0.63783,-2.027344,0.859571,95.3623
T000391,Li7,ZnS,ZnS,1.3102,0.63783,-2.027344,1.6703,0.54899,-2.689004,0.805892,141.36
T000391,Li7,ZnS,ZnS,1.6703,0.54899,-2.689004,1.6703,0.54899,-2.689004,0,0
T000392,alpha,BN,binder_void,0,0,0,-0.2805,-0.13082,0.416246,0.518774,185.704
T000392,alpha,binder_void,BN,-0.2805,-0.13082,0.416246,-0.3159,-0.14772,0.469056,0.0657558,6.87879
T000392,alpha,BN,binder_void,-0.3159,-0.14772,0.469056,-0.7382,-0.3496,1.099046,0.784987,327.458
T000392,alpha,binder_void,BN,-0.7382,-0.3496,1.099046,-0.756,-0.35843,1.125506,0.0330682,5.4586
T000392,alpha,BN,binder_void,-0.756,-0.35843,1.125506,-1.2514,-0.60431,1.859756,0.919545,409.746
T000392,alpha,binder_void,BN,-1.2514,-0.60431,1.859756,-1.8363,-0.91838,2.703566,1.07404,161.712
T000392,alpha,BN,binder_void,-1.8363,-0.91838,2.703566,-1.9678,-0.99659,2.887196,0.239094,95.953
T000392,alpha,binder_void,ZnS,-1.9678,-0.99659,2.887196,-2.1782,-1.1431,3.203216,0.407118,71.0815
T000392,alpha,ZnS,ZnS,-2.1782,-1.1431,3.203216,-3.06949,-1.74501,4.542256,1.91918,206.008
T000392,alpha,ZnS,ZnS,-3.06949,-1.74501,4.542256,-3.06949,-1.74501,4.542256,0,0
T000393,Li7,BN,binder_void,0,0,0,-0.40551,0.5195,0.09501,0.666141,448.282
T000393,Li7,binder_void,BN,-0.40551,0.5195,0.09501,-0.69236,0.943409,0.17889,0.518839,74.2824
T000393,Li7,BN,binder_void,-0.69236,0.943409,0.17889,-1.03697,1.44554,0.28102,0.618531,285.056
T000393,Li7,binder_void,BN,-1.03697,1.44554,0.28102,-1.08984,1.514848,0.29421,0.0881995,10.9938
T000393,Li7,BN,binder_void,-1.08984,1.514848,0.29421,-1.57239,2.140207,0.4174,0.811682,177.049
T000393,Li7,binder_void,binder_void,-1.57239,2.140207,0.4174,-1.7283,2.295009,0.4197,0.242445,9.49384
T000393,Li7,binder_void,binder_void,-1.7283,2.295009,0.4197,-1.80194,2.448961,0.40113,0.285934,8.49249
T000393,Li7,binder_void,binder_void,-1.80194,2.448961,0.40113,-1.80194,2.448961,0.40113,0,0
T000394,alpha,BN,binder_void,0,0,0,0.17342,-0.22218,-0.04064,0.284771,91.8308
T000394,alpha,binder_void,BN,0.17342,-0.22218,-0.04064,0.38982,-0.49838,-0.09183,0.354593,50.2355
T000394,alpha,BN,binder_void,0.38982,-0.49838,-0.09183,0.96969,-1.23752,-0.2305,0.949742,327.946
T000394,alpha,binder_void,BN,0.96969,-1.23752,-0.2305,1.1051,-1.40695,-0.26245,0.219237,31.1101
T000394,alpha,BN,binder_void,1.1051,-1.40695,-0.26245,1.52446,-1.93288,-0.36102,0.679924,268.573
T000394,alpha,binder_void,ZnS,1.52446,-1.93288,-0.36102,1.61908,-2.05324,-0.38565,0.155067,24.1493
T000394,alpha,ZnS,binder_void,1.61908,-2.05324,-0.38565,4.01355,-5.09487,-1.00007,3.96763,915.812
T000394,alpha,binder_void,binder_void,4.01355,-5.09487,-1.00007,5.23075,-5.4438,-1.32096,1.34971,66.3426
T000394,alpha,binder_void,binder_void,5.23075,-5.4438,-1.32096,5.23075,-5.4438,-1.32096,0,0
T000395,Li7,BN,binder_void,0,0,0,-0.07837,-0.12954,0.27131,0.310779,199.301
T000395,Li7,binder_void,BN,-0.07837,-0.12954,0.27131,-0.17737,-0.27559,0.59308,0.367039,60.6313
T000395,Li7,BN,binder_void,-0.17737,-0.27559,0.59308,-0.43511,-0.6688,1.4236,0.956386,537.222
T000395,Li7,binder_void,BN,-0.43511,-0.6688,1.4236,-0.4891,-0.71949,1.55403,0.151765,8.37377
T000395,Li7,BN,BN,-0.4891,-0.71949,1.55403,-0.61222,-0.70441,1.80737,0.29769,30.9896
T000395,Li7,BN,BN,-0.61222,-0.70441,1.80737,-0.62984,-0.69829,1.81868,0.15037,3.48262
T000395,Li7,BN,BN,-0.62984,-0.69829,1.81868,-0.62984,-0.69829,1.81868,0,0
T000396,alpha,BN,binder_void,0,0,0,0.15392,0.25444,-0.53291,0.610321,239.685
T000396,alpha,binder_void,BN,0.15392,0.25444,-0.53291,0.18116,0.30181,-0.63045,0.111794,14.7632
T000396,alpha,BN,binder_void,0.18116,0.30181,-0.63045,0.37337,0.63556,-1.32223,0.7919,335.147
T000396,alpha,binder_void,BN,0.37337,0.63556,-1.32223,0.4215,0.721437,-1.49839,0.201807,36.42
T000396,alpha,BN,binder_void,0.4215,0.721437,-1.49839,0.56843,0.962429,-1.97497,0.554003,239.91
T000396,alpha,binder_void,ZnS,0.56843,0.962429,-1.97497,0.61042,1.033878,-2.11673,0.164216,28.8808
T000396,alpha,ZnS,binder_void,0.61042,1.033878,-2.11673,1.00539,1.6940143,-3.43696,1.5414,454.85
T000396,alpha,binder_void,BN,1.00539,1.6940143,-3.43696,0.58176,2.046102,-3.25009,0.58348,65.887
T000396,alpha,BN,BN,0.58176,2.046102,-3.25009,0.21176,2.357755,-3.10835,0.537226,54.4578
T000396,alpha,BN,BN,0.21176,2.357755,-3.10835,0.21176,2.357755,-3.10835,0,0
T000397,Li7,BN,binder_void,0,0,0,0.30137,0.5626,-0.09687,0.645954,374.16
T000397,Li7,binder_void,BN,0.30137,0.5626,-0.09687,0.57219,1.0427,-0.18491,0.558527,85.4205
T000397,Li7,BN,binder_void,0.57219,1.0427,-0.18491,0.81857,1.5022,-0.22378,0.523914,225.517
T000397,Li7,binder_void,BN,0.81857,1.5022,-0.22378,0.99325,1.8693,-0.2531,0.408825,41.5495
T000397,Li7,BN,binder_void,0.99325,1.8693,-0.2531,1.25393,2.444,-0.30909,0.654465,100.453
T000397,Li7,binder_void,binder_void,1.25393,2.444,-0.30909,1.28087,2.5628,-0.33597,0.129923,2.8794
T000397,Li7,binder_void,binder_void,1.28087,2.5628,-0.33597,1.32421,2.6881,-0.30196,0.146964,6.44648
T000397,Li7,binder_void,binder_void,1.32421,2.6881,-0.30196,1.4032,2.7084,-0.2277,0.140081,4.99242
T000397,Li7,binder_void,binder_void,1.4032,2.7084,-0.2277,1.4032,2.7084,-0.2277,0,0
T000398,alpha,BN,binder_void,0,0,0,-0.16508,-0.3082,0.05307,0.353617,134.503
T000398,alpha,binder_void,BN,-0.16508,-0.3082,0.05307,-0.17482,-0.3265,0.05626,0.0209809,2.61246
T000398,alpha,BN,binder_void,-0.17482,-0.3265,0.05626,-0.6126,-1.1489,0.20047,0.942891,362.355
T000398,alpha,binder_void,BN,-0.6126,-1.1489,0.20047,-0.64616,-1.2104,0.21167,0.0710075,9.73423
T000398,alpha,BN,binder_void,-0.64616,-1.2104,0.21167,-0.95805,-1.7823,0.31672,0.659926,309.225
T000398,alpha,binder_void,BN,-0.95805,-1.7823,0.31672,-1.16433,-2.15164,0.38257,0.428176,70.4644
T000398,alpha,BN,binder_void,-1.16433,-2.15164,0.38257,-1.41429,-2.60195,0.46362,0.521592,236.754
T000398,alpha,binder_void,BN,-1.41429,-2.60195,0.46362,-2.0298,-3.72071,0.65425,1.29231,218.389
T000398,alpha,BN,binder_void,-2.0298,-3.72071,0.65425,-2.05308,-3.77204,0.66316,0.0571125,13.3572
T000398,alpha,binder_void,BN,-2.05308,-3.77204,0.66316,-2.37615,-4.46903,0.7842,0.781543,72.5427
T000398,alpha,BN,BN,-2.37615,-4.46903,0.7842,-2.52983,-4.8544,0.81383,0.45728,40.0633
T000398,alpha,BN,BN,-2.52983,-4.8544,0.81383,-2.52983,-4.8544,0.81383,0,0
T000399,Li7,BN,binder_void,0,0,0,0.34436,-0.2278,-0.27422,0.495877,295.848
T000399,Li7,binder_void,BN,0.34436,-0.2278,-0.27422,0.47076,-0.3034,-0.37273,0.177191,27.5263
T000399,Li7,BN,binder_void,0.47076,-0.3034,-0.37273,0.70717,-0.4421,-0.5568,0.330427,173.444
T000399,Li7,binder_void,ZnS,0.70717,-0.4421,-0.5568,1.08091,-0.6459,-0.84197,0.512799,67.4862
T000399,Li7,ZnS,ZnS,1.08091,-0.6459,-0.84197,1.90762,-0.9751,-1.86864,1.41273,275.696
T000399,Li7,ZnS,ZnS,1.90762,-0.9751,-1.86864,1.90762,-0.9751,-1.86864,0,0
T000400,alpha,BN,binder_void,0,0,0,-0.31996,0.2116,0.25481,0.460571,168.953
T000400,alpha,binder_void,BN,-0.31996,0.2116,0.25481,-0.84266,0.5597,0.66654,0.750957,119.086
T000400,alpha,BN,binder_void,-0.84266,0.5597,0.66654,-1.52715,1.0117,1.2134,0.986038,416.961
T000400,alpha,binder_void,ZnS,-1.52715,1.0117,1.2134,-2.64247,1.7242,2.07789,1.58122,278.773
T000400,alpha,ZnS,ZnS,-2.64247,1.7242,2.07789,-4.5943,2.9664,3.54254,2.8357,486.228
T000400,alpha,ZnS,ZnS,-4.5943,2.9664,3.54254,-4.5943,2.9664,3.54254,0,0
T000401,Li7,BN,binder_void,0,0,0,0.0026,-0.0003,-0.01308,0.013346,10.1581
T000401,Li7,binder_void,BN,0.0026,-0.0003,-0.01308,0.08553,-0.0078,-0.42913,0.424351,66.0695
T000401,Li7,BN,binder_void,0.08553,-0.0078,-0.42913,0.2066,-0.0142,-1.05908,0.641988,375.578
T000401,Li7,binder_void,BN,0.2066,-0.0142,-1.05908,0.24049,-0.012,-1.29043,0.233894,29.4583
T000401,Li7,BN,binder_void,0.24049,-0.012,-1.29043,0.28811,-0.0075,-1.59797,0.31166,134.577
T000401,Li7,binder_void,BN,0.28811,-0.0075,-1.59797,0.43962,0.1324,-2.21438,0.651525,62.3576
T000401,Li7,BN,binder_void,0.43962,0.1324,-2.21438,0.49232,0.2102,-2.4692,0.273044,83.8041
T000401,Li7,binder_void,ZnS,0.49232,0.2102,-2.4692,0.54935,0.295,-2.73691,0.28867,17.9599
T000401,Li7,ZnS,ZnS,0.54935,0.295,-2.73691,0.51879,0.3393,-2.91278,0.195055,39.1437
T000401,Li7,ZnS,ZnS,0.51879,0.3393,-2.91278,0.47616,0.4703,-2.91762,0.194431,22.2804
T000401,Li7,ZnS,ZnS,0.47616,0.4703,-2.91762,0.47616,0.4703,-2.91762,0,0
T000402,alpha,BN,binder_void,0,0,0,-0.06953,0.0072,0.35027,0.357196,125.563
T000402,alpha,binder_void,BN,-0.06953,0.0072,0.35027,-0.10693,0.0106,0.54118,0.194569,24.3205
T000402,alpha,BN,binder_void,-0.10693,0.0106,0.54118,-0.14294,0.014,0.72569,0.188027,80.157
T000402,alpha,binder_void,BN,-0.14294,0.014,0.72569,-0.2145,0.0199,1.09026,0.371578,53.1796
T000402,alpha,BN,binder_void,-0.2145,0.0199,1.09026,-0.36115,0.0332,1.83046,0.75483,302.361
T000402,alpha,binder_void,ZnS,-0.36115,0.0332,1.83046,-0.38501,0.0344,1.95289,0.124734,22.7837
T000402,alpha,ZnS,ZnS,-0.38501,0.0344,1.95289,-1.105066,0.0761,5.6881,3.86982,861.635
T000402,alpha,ZnS,ZnS,-1.105066,0.0761,5.6881,-1.105066,0.0761,5.6881,0,0
T000403,Li7,BN,binder_void,0,0,0,0.00582,0.0022,-0.00268,0.00677826,5.28433
T000403,Li7,binder_void,BN,0.00582,0.0022,-0.00268,0.71244,0.27,-0.32985,0.823675,143.609
T000403,Li7,BN,binder_void,0.71244,0.27,-0.32985,0.93661,0.356,-0.43863,0.263689,156.942
T000403,Li7,binder_void,BN,0.93661,0.356,-0.43863,2.30091,0.8192,-1.07099,1.5754,218.911
T000403,Li7,BN,binder_void,2.30091,0.8192,-1.07099,2.49296,0.9116,-1.18011,0.239715,99.399
T000403,Li7,binder_void,BN,2.49296,0.9116,-1.18011,3.58199,1.3699,-1.75665,1.32228,107.138
T000403,Li7,BN,binder_void,3.58199,1.3699,-1.75665,4.01585,1.4813,-2.23799,0.683099,93.4604
T000403,Li7,binder_void,binder_void,4.01585,1.4813,-2.23799,4.15834,1.4229,-2.24991,0.165773,6.92013
T000403,Li7,binder_void,BN,4.15834,1.4229,-2.24991,4.22936,1.3879,-2.26455,0.092853,4.44319
T000403,Li7,BN,BN,4.22936,1.3879,-2.26455,4.23738,1.3652,-2.25854,0.0352512,3.56146
T000403,Li7,BN,BN,4.23738,1.3652,-2.25854,4.23901,1.3616,-2.2494,0.02841,0.330757
T000403,Li7,BN,BN,4.23901,1.3616,-2.2494,4.23901,1.3616,-2.2494,0,0
T000404,alpha,BN,binder_void,0,0,0,-0.60395,-0.2284,0.27868,0.70333,254.517
T000404,alpha,binder_void,BN,-0.60395,-0.2284,0.27868,-0.7121,-0.2685,0.32681,0.124969,15.9289
T000404,alpha,BN,binder_void,-0.7121,-0.2685,0.32681,-1.557792,-0.5816,0.70271,0.977205,396.735
T000404,alpha,binder_void,BN,-1.557792,-0.5816,0.70271,-1.624189,-0.6086,0.73729,0.0796019,13.7745
T000404,alpha,BN,binder_void,-1.624189,-0.6086,0.73729,-2.329609,-0.8963,1.10322,0.845478,392.399
T000404,alpha,binder_void,BN,-2.329609,-0.8963,1.10322,-3.05134,-1.1747,1.48632,0.863649,147.875
T000404,alpha,BN,binder_void,-3.05134,-1.1747,1.48632,-3.63468,-1.3988,1.78455,0.694555,133.636
T000404,alpha,binder_void,BN,-3.63468,-1.3988,1.78455,-3.8934,-1.4959,1.82468,0.279657,27.2341
T000404,alpha,BN,binder_void,-3.8934,-1.4959,1.82468,-4.17529,-1.6006,1.87577,0.307825,42.8189
T000404,alpha,binder_void,BN,-4.17529,-1.6006,1.87577,-4.76406,-1.9802,1.91913,0.72184,13.0944
T000404,alpha,BN,BN,-4.76406,-1.9802,1.91913,-4.93812,-2.1481,1.97003,0.261571,31.9867
T000404,alpha,BN,BN,-4.93812,-2.1481,1.97003,-4.93812,-2.1481,1.97003,0,0
T000405,Li7,BN,binder_void,0,0,0,-0.06736,-0.1242,-0.13337,0.19433,123.121
T000405,Li7,binder_void,BN,-0.06736,-0.1242,-0.13337,-0.12764,-0.23451,-0.25456,0.174612,31.0526
T000405,Li7,BN,binder_void,-0.12764,-0.23451,-0.25456,-0.2693,-0.49684,-0.55931,0.426579,234.413
T000405,Li7,binder_void,BN,-0.2693,-0.49684,-0.55931,-0.43455,-0.75813,-0.89012,0.452986,63.9556
T000405,Li7,BN,binder_void,-0.43455,-0.75813,-0.89012,-0.669118,-1.12908,-1.36798,0.650623,292.711
T000405,Li7,binder_void,BN,-0.669118,-1.12908,-1.36798,-1.149979,-1.69602,-1.95436,0.965597,49.3001
T000405,Li7,BN,binder_void,-1.149979,-1.69602,-1.95436,-1.352063,-1.84038,-2.15597,0.349305,44.691
T000405,Li7,binder_void,binder_void,-1.352063,-1.84038,-2.15597,-1.352063,-1.84038,-2.15597,0,0.756882
T000405,Li7,binder_void,binder_void,-1.352063,-1.84038,-2.15597,-1.352063,-1.84038,-2.15597,0,0
T000406,alpha,BN,binder_void,0,0,0,0.23832,0.43947,0.47194,0.687568,268.188
T000406,alpha,binder_void,ZnS,0.23832,0.43947,0.47194,0.34131,0.62487,0.67493,0.293581,44.7012
T000406,alpha,ZnS,binder_void,0.34131,0.62487,0.67493,0.87369,1.5938,1.74543,1.54241,517.479
T000406,alpha,binder_void,BN,0.87369,1.5938,1.74543,0.88508,1.61444,1.76579,0.031147,6.30136
T000406,alpha,BN,binder_void,0.88508,1.61444,1.76579,1.07635,1.96015,2.10661,0.521973,238.752
T000406,alpha,binder_void,BN,1.07635,1.96015,2.10661,1.13822,2.07878,2.21685,0.173366,32.3731
T000406,alpha,BN,binder_void,1.13822,2.07878,2.21685,1.46992,2.71396,2.80981,0.932077,303.561
T000406,alpha,binder_void,BN,1.46992,2.71396,2.80981,1.57484,2.98614,3.07617,0.398259,10.9649
T000406,alpha,BN,binder_void,1.57484,2.98614,3.07617,1.62969,3.25458,3.24794,0.334985,18.0822
T000406,alpha,binder_void,BN,1.62969,3.25458,3.24794,1.63209,3.33346,3.23987,0.0797579,6.10087
T000406,alpha,BN,BN,1.63209,3.33346,3.23987,1.64638,3.61841,3.20393,0.345683,23.4961
T000406,alpha,BN,BN,1.64638,3.61841,3.20393,1.64638,3.61841,3.20393,0,0
T000407,Li7,BN,binder_void,0,0,0,-0.16336,0.13268,0.32514,0.387437,252.044
T000407,Li7,binder_void,ZnS,-0.16336,0.13268,0.32514,-0.19848,0.1632,0.40202,0.0898642,14.3798
T000407,Li7,ZnS,ZnS,-0.19848,0.1632,0.40202,-0.96129,0.50188,1.68333,1.54587,466.491
T000407,Li7,ZnS,ZnS,-0.96129,0.50188,1.68333,-1.6777226,-0.1684,1.86569,1.16338,117.18
T000407,Li7,ZnS,ZnS,-1.6777226,-0.1684,1.86569,-1.6777226,-0.1684,1.86569,0,0
T000408,alpha,BN,binder_void,0,0,0,0.14547,-0.11816,-0.28953,0.344915,119.764
T000408,alpha,binder_void,BN,0.14547,-0.11816,-0.28953,0.26694,-0.21571,-0.53182,0.288055,37.9562
T000408,alpha,BN,binder_void,0.26694,-0.21571,-0.53182,0.46524,-0.3762,-0.92615,0.469693,182.694
T000408,alpha,binder_void,ZnS,0.46524,-0.3762,-0.92615,0.51223,-0.41483,-1.01689,0.109245,20.3126
T000408,alpha,ZnS,ZnS,0.51223,-0.41483,-1.01689,2.45128,-2.00251,-4.75338,4.55689,1109.27
T000408,alpha,ZnS,ZnS,2.45128,-2.00251,-4.75338,2.45128,-2.00251,-4.75338,0,0
T000409,Li7,BN,binder_void,0,0,0,0.50324,0.384,-0.29151,0.697387,443.555
T000409,Li7,binder_void,BN,0.50324,0.384,-0.29151,0.75684,0.5892,-0.42902,0.354185,49.991
T000409,Li7,BN,binder_void,0.75684,0.5892,-0.42902,0.94097,0.7376,-0.52577,0.255788,119.088
T000409,Li7,binder_void,BN,0.94097,0.7376,-0.52577,1.31128,0.99454,-0.69657,0.482798,50.4491
T000409,Li7,BN,BN,1.31128,0.99454,-0.69657,2.01026,1.44593,-1.0303,0.917847,176.917
T000409,Li7,BN,BN,2.01026,1.44593,-1.0303,2.01026,1.44593,-1.0303,0,0
T000410,alpha,BN,binder_void,0,0,0,-0.18793,-0.1434,0.10886,0.26027,92.4532
T000410,alpha,binder_void,BN,-0.18793,-0.1434,0.10886,-0.32286,-0.2474,0.18661,0.187232,23.4891
T000410,alpha,BN,binder_void,-0.32286,-0.2474,0.18661,-1.021689,-0.7838,0.58035,0.965134,389.43
T000410,alpha,binder_void,BN,-1.021689,-0.7838,0.58035,-1.300915,-0.9925,0.72768,0.378436,68.8793
T000410,alpha,BN,binder_void,-1.300915,-0.9925,0.72768,-1.997468,-1.509,1.09482,0.942054,448.241
T000410,alpha,binder_void,BN,-1.997468,-1.509,1.09482,-2.58113,-1.9139,1.38269,0.766688,128.038
T000410,alpha,BN,BN,-2.58113,-1.9139,1.38269,-3.24475,-2.4027,1.71174,0.889774,319.469
T000410,alpha,BN,BN,-3.24475,-2.4027,1.71174,-3.24475,-2.4027,1.71174,0,0
T000411,Li7,BN,binder_void,0,0,0,-0.09092,-0.0042,-0.327,0.339535,211.939
T000411,Li7,binder_void,BN,-0.09092,-0.0042,-0.327,-0.10081,-0.0041,-0.36064,0.0350619,6.6624
T000411,Li7,BN,binder_void,-0.10081,-0.0041,-0.36064,-0.27239,-0.004,-0.94377,0.608473,326.72
T000411,Li7,binder_void,BN,-0.27239,-0.004,-0.94377,-0.62316,0.0434,-2.163,1.27338,131.182
T000411,Li7,BN,binder_void,-0.62316,0.0434,-2.163,-0.656155,0.0589,-2.32147,0.163087,49.1674
T000411,Li7,binder_void,BN,-0.656155,0.0589,-2.32147,-0.696356,0.0707,-2.51942,0.202832,16.799
T000411,Li7,BN,binder_void,-0.696356,0.0707,-2.51942,-0.843777,0.0887,-3.17542,0.708734,78.0326
T000411,Li7,binder_void,BN,-0.843777,0.0887,-3.17542,-0.86933,0.0674,-3.22157,0.0579785,2.69313
T000411,Li7,BN,BN,-0.86933,0.0674,-3.22157,-0.890632,0.0376,-3.27851,0.0745202,13.0259
T000411,Li7,BN,BN,-0.890632,0.0376,-3.27851,-0.90518,0.0195,-3.28993,0.0850886,4.57942
T000411,Li7,BN,BN,-0.90518,0.0195,-3.28993,-0.90518,0.0195,-3.28993,0,0
T000412,alpha,BN,binder_void,0,0,0,0.14314,0.0065,0.51479,0.5344,201.138
T000412,alpha,binder_void,BN,0.14314,0.0065,0.51479,0.14593,0.0067,0.5246,0.0102046,1.95662
T000412,alpha,BN,binder_void,0.14593,0.0067,0.5246,0.37763,0.015,1.34026,0.848104,364.912
T000412,alpha,binder_void,BN,0.37763,0.015,1.34026,0.69142,0.0495,2.51547,1.21705,193.965
T000412,alpha,BN,binder_void,0.69142,0.0495,2.51547,0.72259,0.0511,2.63771,0.126167,53.0203
T000412,alpha,binder_void,BN,0.72259,0.0511,2.63771,0.93386,0.0647,3.49144,0.879754,159.262
T000412,alpha,BN,binder_void,0.93386,0.0647,3.49144,1.15105,0.079,4.32359,0.861005,382.358
T000412,alpha,binder_void,binder_void,1.15105,0.079,4.32359,1.43197,0.0691,5.2659,0.989739,113.388
T000412,alpha,binder_void,binder_void,1.43197,0.0691,5.2659,1.43197,0.0691,5.2659,0,0
T000413,Li7,BN,binder_void,0,0,0,0.3227,-0.11814,0.17932,0.38777,242.958
T000413,Li7,binder_void,BN,0.3227,-0.11814,0.17932,0.4489,-0.16146,0.24818,0.150132,22.1695
T000413,Li7,BN,binder_void,0.4489,-0.16146,0.24818,0.937,-0.31925,0.51416,0.578428,302.393
T000413,Li7,binder_void,BN,0.937,-0.31925,0.51416,1.0094,-0.34277,0.55426,0.0860599,9.07034
T000413,Li7,BN,binder_void,1.0094,-0.34277,0.55426,1.4617,-0.48921,0.81832,0.546433,190.878
T000413,Li7,binder_void,binder_void,1.4617,-0.48921,0.81832,2.5773,-0.88658,1.54734,1.47336,67.9324
T000413,Li7,binder_void,binder_void,2.5773,-0.88658,1.54734,2.5763,-0.8594,1.63731,0.448836,4.59845
T000413,Li7,binder_void,binder_void,2.5763,-0.8594,1.63731,2.5763,-0.8594,1.63731,0,0
T000414,alpha,BN,binder_void,0,0,0,-0.5025,0.18396,-0.27921,0.603649,225.283
T000414,alpha,binder_void,ZnS,-0.5025,0.18396,-0.27921,-1.1203,0.408,-0.62086,0.74073,115.771
T000414,alpha,ZnS,ZnS,-1.1203,0.408,-0.62086,-4.80316,1.76486,-2.67543,4.48006,1128.95
T000414,alpha,ZnS,ZnS,-4.80316,1.76486,-2.67543,-4.80316,1.76486,-2.67543,0,0
T000415,Li7,BN,binder_void,0,0,0,-0.1794,0.42917,-0.24263,0.524892,326.461
T000415,Li7,binder_void,binder_void,-0.1794,0.42917,-0.24263,-0.8643,1.96633,-1.08671,1.88519,232.542
T000415,Li7,binder_void,BN,-0.8643,1.96633,-1.08671,-0.9158,2.06141,-1.13642,0.119036,13.0995
T000415,Li7,BN,binder_void,-0.9158,2.06141,-1.13642,-1.0949,2.393,-1.31411,0.418039,158.514
T000415,Li7,binder_void,BN,-1.0949,2.393,-1.31411,-1.2808,2.60784,-1.44385,0.313632,25.271
T000415,Li7,BN,BN,-1.2808,2.60784,-1.44385,-1.6775,3.09369,-1.70237,0.73939,84.1125
T000415,Li7,BN,BN,-1.6775,3.09369,-1.70237,-1.6775,3.09369,-1.70237,0,0
T000416,alpha,BN,binder_void,0,0,0,0.1525,-0.36483,0.20626,0.446004,182.147
T000416,alpha,binder_void,BN,0.1525,-0.36483,0.20626,0.159,-0.38047,0.21503,0.0190671,0.815207
T000416,alpha,BN,binder_void,0.159,-0.38047,0.21503,0.4479,-1.07761,0.60564,0.849856,350.529
T000416,alpha,binder_void,BN,0.4479,-1.07761,0.60564,0.8309,-1.95312,1.0839,1.06875,186.544
T000416,alpha,BN,binder_void,0.8309,-1.95312,1.0839,1.0364,-2.41483,1.33764,0.565642,258.737
T000416,alpha,binder_void,BN,1.0364,-2.41483,1.33764,1.3928,-3.36,1.8538,1.13483,179.161
T000416,alpha,BN,binder_void,1.3928,-3.36,1.8538,1.6677,-4.1734,2.29871,0.970012,185.148
T000416,alpha,binder_void,ZnS,1.6677,-4.1734,2.29871,1.8633,-4.5253,2.49801,0.450244,57.4247
T000416,alpha,ZnS,ZnS,1.8633,-4.5253,2.49801,2.1996,-4.841,2.56995,0.4934,21.408
T000416,alpha,ZnS,binder_void,2.1996,-4.841,2.56995,2.289,-4.9106,2.50063,0.141549,6.01642
T000416,alpha,binder_void,BN,2.289,-4.9106,2.50063,2.4576,-5.1074,2.30946,0.326021,25.4281
T000416,alpha,BN,BN,2.4576,-5.1074,2.30946,2.5898,-5.2255,2.29182,0.196663,16.6418
T000416,alpha,BN,BN,2.5898,-5.2255,2.29182,2.5898,-5.2255,2.29182,0,0
T000417,Li7,BN,binder_void,0,0,0,0.37369,-0.5154,0.5445,0.838384,491.273
T000417,Li7,binder_void,BN,0.37369,-0.5154,0.5445,0.64134,-0.9366,0.9963,0.673872,76.5841
T000417,Li7,BN,binder_void,0.64134,-0.9366,0.9963,0.91478,-1.3196,1.3836,0.612603,243.35
T000417,Li7,binder_void,binder_void,0.91478,-1.3196,1.3836,1.1738,-1.6134,1.8048,0.642615,28.7932
T000417,Li7,binder_void,binder_void,1.1738,-1.6134,1.8048,1.1738,-1.6134,1.8048,0,0
T000418,alpha,BN,binder_void,0,0,0,-0.06673,0.092,-0.0972,0.149583,59.1169
T000418,alpha,binder_void,BN,-0.06673,0.092,-0.0972,-0.13313,0.1831,-0.1935,0.148239,24.7444
T000418,alpha,BN,binder_void,-0.13313,0.1831,-0.1935,-0.43213,0.5923,-0.6271,0.667029,262.289
T000418,alpha,binder_void,BN,-0.43213,0.5923,-0.6271,-0.5143,0.7034,-0.7461,0.182349,23.5251
T000418,alpha,BN,binder_void,-0.5143,0.7034,-0.7461,-0.79162,1.0739,-1.1415,0.608859,257.669
T000418,alpha,binder_void,BN,-0.79162,1.0739,-1.1415,-1.12924,1.52109,-1.618,0.73562,125.555
T000418,alpha,BN,binder_void,-1.12924,1.52109,-1.618,-1.21574,1.63999,-1.74473,0.194078,83.163
T000418,alpha,binder_void,BN,-1.21574,1.63999,-1.74473,-1.70574,2.30873,-2.46436,1.09812,201.637
T000418,alpha,BN,binder_void,-1.70574,2.30873,-2.46436,-2.04434,2.77119,-2.94696,0.750103,232.26
T000418,alpha,binder_void,BN,-2.04434,2.77119,-2.94696,-2.17264,2.94421,-3.1362,0.286883,39.8267
T000418,alpha,BN,binder_void,-2.17264,2.94421,-3.1362,-2.42394,3.27322,-3.52042,0.568138,63.701
T000418,alpha,binder_void,binder_void,-2.42394,3.27322,-3.52042,-3.01154,4.42627,-4.71535,1.80751,96.5124
T000418,alpha,binder_void,binder_void,-3.01154,4.42627,-4.71535,-3.01154,4.42627,-4.71535,0,0
T000419,Li7,BN,binder_void,0,0,0,-0.4024,-0.1144,0.2628,0.494273,297.38
T000419,Li7,binder_void,BN,-0.4024,-0.1144,0.2628,-0.75932,-0.2191,0.493,0.437574,66.899
T000419,Li7,BN,binder_void,-0.75932,-0.2191,0.493,-1.00914,-0.2902,0.6577,0.307749,161.583
T000419,Li7,binder_void,BN,-1.00914,-0.2902,0.6577,-1.29264,-0.381,0.8479,0.353514,46.6069
T000419,Li7,BN,binder_void,-1.29264,-0.381,0.8479,-1.77834,-0.5474,1.1734,0.611128,221.03
T000419,Li7,binder_void,BN,-1.77834,-0.5474,1.1734,-2.06964,-0.6528,1.2933,0.340125,15.2838
T000419,Li7,BN,BN,-2.06964,-0.6528,1.2933,-2.25474,-0.661,1.4388,0.248074,31.2164
T000419,Li7,BN,BN,-2.25474,-0.661,1.4388,-2.25474,-0.661,1.4388,0,0
T000420,alpha,BN,binder_void,0,0,0,0.20657,0.0586,-0.1349,0.253624,90.4614
T000420,alpha,binder_void,BN,0.20657,0.0586,-0.1349,0.38986,0.1105,-0.2547,0.225034,27.0987
T000420,alpha,BN,binder_void,0.38986,0.1105,-0.2547,0.72915,0.2062,-0.4763,0.416375,168.472
T000420,alpha,binder_void,BN,0.72915,0.2062,-0.4763,0.90485,0.2563,-0.5926,0.216603,36.859
T000420,alpha,BN,binder_void,0.90485,0.2563,-0.5926,1.68932,0.4775,-1.1109,0.966123,408.193
T000420,alpha,binder_void,BN,1.68932,0.4775,-1.1109,2.16378,0.6198,-1.4242,0.586136,102.073
T000420,alpha,BN,binder_void,2.16378,0.6198,-1.4242,2.57571,0.7395,-1.6992,0.509732,224.17
T000420,alpha,binder_void,BN,2.57571,0.7395,-1.6992,2.70513,0.77446,-1.78895,0.161345,22.9148
T000420,alpha,BN,binder_void,2.70513,0.77446,-1.78895,3.47429,0.98067,-2.3258,0.962208,215.653
T000420,alpha,binder_void,BN,3.47429,0.98067,-2.3258,4.08051,1.15881,-2.68376,0.727604,80.7557
T000420,alpha,BN,binder_void,4.08051,1.15881,-2.68376,4.32512,1.23159,-2.87138,0.319444,63.0551
T000420,alpha,binder_void,BN,4.32512,1.23159,-2.87138,4.45943,1.34172,-3.01753,0.230618,8.85889
T000420,alpha,BN,BN,4.45943,1.34172,-3.01753,4.50234,1.41337,-3.26414,0.276929,4.47866
T000420,alpha,BN,BN,4.50234,1.41337,-3.26414,4.36271,1.50728,-3.40964,0.291398,16.9571
T000420,alpha,BN,BN,4.36271,1.50728,-3.40964,4.36271,1.50728,-3.40964,0,0
T000421,Li7,BN,binder_void,0,0,0,-0.0799,0.25984,0.07718,0.282653,180.58
T000421,Li7,binder_void,ZnS,-0.0799,0.25984,0.07718,-0.2036,0.69627,0.19974,0.469973,76.8464
T000421,Li7,ZnS,ZnS,-0.2036,0.69627,0.19974,-0.6701,2.03187,0.78853,1.54867,575.96
T000421,Li7,ZnS,ZnS,-0.6701,2.03187,0.78853,-0.6808,2.04528,0.79779,0.295186,6.61334
T000421,Li7,ZnS,ZnS,-0.6808,2.04528,0.79779,-0.6808,2.04528,0.79779,0,0
T000422,alpha,BN,binder_void,0,0,0,0.1195,-0.38879,-0.11549,0.422847,169.905
T000422,alpha,binder_void,BN,0.1195,-0.38879,-0.11549,0.193,-0.63259,-0.18796,0.264747,43.8948
T000422,alpha,BN,binder_void,0.193,-0.63259,-0.18796,0.3827,-1.26426,-0.37546,0.68578,299.982
T000422,alpha,binder_void,BN,0.3827,-1.26426,-0.37546,0.4222,-1.38561,-0.40919,0.131995,21.1019
T000422,alpha,BN,binder_void,0.4222,-1.38561,-0.40919,0.6301,-2.02641,-0.58768,0.69707,327.499
T000422,alpha,binder_void,BN,0.6301,-2.02641,-0.58768,1.0942,-3.406,-1.02529,1.52054,262.584
T000422,alpha,BN,binder_void,1.0942,-3.406,-1.02529,1.3704,-4.30581,-1.30651,0.984837,325.754
T000422,alpha,binder_void,BN,1.3704,-4.30581,-1.30651,1.409,-4.4238,-1.37082,0.14295,5.45699
T000422,alpha,BN,BN,1.409,-4.4238,-1.37082,1.4795,-4.50357,-1.41264,0.120031,11.1845
T000422,alpha,BN,BN,1.4795,-4.50357,-1.41264,1.5027,-4.51713,-1.41775,0.110709,2.63805
T000422,alpha,BN,BN,1.5027,-4.51713,-1.41775,1.5027,-4.51713,-1.41775,0,0
T000423,Li7,BN,binder_void,0,0,0,0.1381,-0.21653,0.04072,0.260113,172.231
T000423,Li7,binder_void,BN,0.1381,-0.21653,0.04072,0.3483,-0.52833,0.09872,0.380552,59.4185
T000423,Li7,BN,binder_void,0.3483,-0.52833,0.09872,0.7707,-1.1375,0.20712,0.750215,405.43
T000423,Li7,binder_void,ZnS,0.7707,-1.1375,0.20712,1.033,-1.51977,0.31556,0.477105,43.6471
T000423,Li7,ZnS,ZnS,1.033,-1.51977,0.31556,1.3005,-2.35819,0.26767,0.935016,154.901
T000423,Li7,ZnS,ZnS,1.3005,-2.35819,0.26767,1.3027,-2.36692,0.261,0.240011,4.37209
T000423,Li7,ZnS,ZnS,1.3027,-2.36692,0.261,1.3027,-2.36692,0.261,0,0
T000424,alpha,BN,binder_void,0,0,0,-0.2441,0.38255,-0.07195,0.459482,186.47
T000424,alpha,binder_void,ZnS,-0.2441,0.38255,-0.07195,-0.5824,0.92062,-0.17058,0.643202,91.6353
T000424,alpha,ZnS,binder_void,-0.5824,0.92062,-0.17058,-2.00406,3.22134,-0.57748,2.74684,924.378
T000424,alpha,binder_void,BN,-2.00406,3.22134,-0.57748,-2.56456,4.30207,-0.63166,1.22045,168.469
T000424,alpha,BN,BN,-2.56456,4.30207,-0.63166,-2.84036,4.96067,-0.59118,0.736093,99.0483
T000424,alpha,BN,BN,-2.84036,4.96067,-0.59118,-2.84036,4.96067,-0.59118,0,0
T000425,Li7,BN,binder_void,0,0,0,-0.09604,-0.3923,0.63837,0.755996,448.402
T000425,Li7,binder_void,binder_void,-0.09604,-0.3923,0.63837,-0.31558,-1.3361,2.19516,1.83839,220.927
T000425,Li7,binder_void,BN,-0.31558,-1.3361,2.19516,-0.31979,-1.3493,2.21818,0.0268719,2.50255
T000425,Li7,BN,BN,-0.31979,-1.3493,2.21818,-0.43389,-1.6872,2.80851,0.700895,168.169
T000425,Li7,BN,BN,-0.43389,-1.6872,2.80851,-0.43389,-1.6872,2.80851,0,0
T000426,alpha,BN,binder_void,0,0,0,0.02756,0.1126,-0.18316,0.216753,80.86
T000426,alpha,binder_void,ZnS,0.02756,0.1126,-0.18316,0.08269,0.3426,-0.55769,0.442974,70.585
T000426,alpha,ZnS,binder_void,0.08269,0.3426,-0.55769,0.32317,1.3257,-2.15152,1.89226,711.049
T000426,alpha,binder_void,BN,0.32317,1.3257,-2.15152,0.33071,1.4106,-2.26214,0.13964,24.7948
T000426,alpha,BN,binder_void,0.33071,1.4106,-2.26214,0.35969,1.7812,-2.74428,0.609142,260.331
T000426,alpha,binder_void,BN,0.35969,1.7812,-2.74428,0.34578,1.9462,-2.91414,0.23724,36.7632
T000426,alpha,BN,binder_void,0.34578,1.9462,-2.91414,0.30574,2.4143,-3.39995,0.677312,177.184
T000426,alpha,binder_void,BN,0.30574,2.4143,-3.39995,0.33627,2.6367,-3.68067,0.360274,40.0756
T000426,alpha,BN,BN,0.33627,2.6367,-3.68067,0.39515,3.0086,-4.11856,0.605406,68.3578
T000426,alpha,BN,BN,0.39515,3.0086,-4.11856,0.39515,3.0086,-4.11856,0,0
T000427,Li7,BN,binder_void,0,0,0,-0.26818,-0.1186,-0.17364,0.340914,218.509
T000427,Li7,binder_void,BN,-0.26818,-0.1186,-0.17364,-0.54599,-0.2337,-0.35712,0.352321,57.122
T000427,Li7,BN,binder_void,-0.54599,-0.2337,-0.35712,-0.93747,-0.4004,-0.59749,0.489168,273.032
T000427,Li7,binder_void,BN,-0.93747,-0.4004,-0.59749,-1.52596,-0.7025,-0.93672,0.744635,80.838
T000427,Li7,BN,binder_void,-1.52596,-0.7025,-0.93672,-2.03687,-0.9562,-1.27432,0.669261,200.812
T000427,Li7,binder_void,binder_void,-2.03687,-0.9562,-1.27432,-2.16463,-0.9424,-1.28804,0.138708,5.44478
T000427,Li7,binder_void,binder_void,-2.16463,-0.9424,-1.28804,-2.24085,-0.918,-1.36486,0.136336,3.46646
T000427,Li7,binder_void,binder_void,-2.24085,-0.918,-1.36486,-2.26501,-0.8627,-1.3042,0.117022,0.776348
T000427,Li7,binder_void,binder_void,-2.26501,-0.8627,-1.3042,-2.26501,-0.8627,-1.3042,0,0
T000428,alpha,BN,binder_void,0,0,0,0.37805,0.1673,0.24478,0.480464,187.414
T000428,alpha,binder_void,ZnS,0.37805,0.1673,0.24478,0.96283,0.4353,0.62274,0.746137,105.262
T000428,alpha,ZnS,binder_void,0.96283,0.4353,0.62274,2.56322,1.1969,1.63815,2.04886,692.078
T000428,alpha,binder_void,BN,2.56322,1.1969,1.63815,2.78162,1.3261,1.74857,0.276816,45.0295
T000428,alpha,BN,binder_void,2.78162,1.3261,1.74857,3.54582,1.8043,2.14462,0.986122,402.55
T000428,alpha,binder_void,BN,3.54582,1.8043,2.14462,3.98982,2.1292,2.35993,0.610284,28.3307
T000428,alpha,BN,BN,3.98982,2.1292,2.35993,4.03192,2.169,2.38958,0.0685365,3.69241
T000428,alpha,BN,binder_void,4.03192,2.169,2.38958,4.01832,2.1784,2.39049,0.0176962,0.620797
T000428,alpha,binder_void,binder_void,4.01832,2.1784,2.39049,3.99202,2.2305,2.33864,0.082954,5.02219
T000428,alpha,binder_void,binder_void,3.99202,2.2305,2.33864,3.99202,2.2305,2.33864,0,0
T000429,Li7,BN,binder_void,0,0,0,-0.0553,0.0385,0.00482,0.0675266,44.9293
T000429,Li7,binder_void,BN,-0.0553,0.0385,0.00482,-0.1035,0.0719,0.0092,0.0588746,11.7081
T000429,Li7,BN,binder_void,-0.1035,0.0719,0.0092,-0.5717,0.3954,0.05288,0.571112,327.799
T000429,Li7,binder_void,ZnS,-0.5717,0.3954,0.05288,-0.6764,0.4678,0.0568,0.12731,20.836
T000429,Li7,ZnS,ZnS,-0.6764,0.4678,0.0568,-1.9256,1.1872,0.34766,1.49694,434.728
T000429,Li7,ZnS,ZnS,-1.9256,1.1872,0.34766,-1.9256,1.1872,0.34766,0,0
T000430,alpha,BN,binder_void,0,0,0,0.70053,-0.4875,-0.06108,0.855718,339.761
T000430,alpha,binder_void,ZnS,0.70053,-0.4875,-0.06108,0.72948,-0.5083,-0.0636,0.0357497,4.17275
T000430,alpha,ZnS,ZnS,0.72948,-0.5083,-0.0636,4.40988,-3.1596,-0.37931,4.60436,1126.07
T000430,alpha,ZnS,ZnS,4.40988,-3.1596,-0.37931,4.40988,-3.1596,-0.37931,0,0
T000431,Li7,BN,binder_void,0,0,0,-0.0638,0.0155,-0.05914,0.0883693,57.2201
T000431,Li7,binder_void,BN,-0.0638,0.0155,-0.05914,-0.5212,0.123,-0.48508,0.634316,106.677
T000431,Li7,BN,binder_void,-0.5212,0.123,-0.48508,-1.1187,0.2754,-1.04501,0.834018,448.54
T000431,Li7,binder_void,BN,-1.1187,0.2754,-1.04501,-1.8803,0.4899,-1.70129,1.03193,103.462
T000431,Li7,BN,BN,-1.8803,0.4899,-1.70129,-2.4531,0.8351,-2.18772,0.866017,124.101
T000431,Li7,BN,BN,-2.4531,0.8351,-2.18772,-2.4531,0.8351,-2.18772,0,0
T000432,alpha,BN,binder_void,0,0,0,0.47215,-0.1144,0.43759,0.653881,236.609
T000432,alpha,binder_void,BN,0.47215,-0.1144,0.43759,0.5142,-0.1248,0.47604,0.0579093,9.8293
T000432,alpha,BN,binder_void,0.5142,-0.1248,0.47604,1.22694,-0.2998,1.12748,0.981528,426.275
T000432,alpha,binder_void,BN,1.22694,-0.2998,1.12748,1.551,-0.3882,1.42263,0.44719,74.3813
T000432,alpha,BN,binder_void,1.551,-0.3882,1.42263,2.19631,-0.5685,2.01276,0.893301,398.029
T000432,alpha,binder_void,BN,2.19631,-0.5685,2.01276,2.87532,-0.8136,2.66853,0.976039,148.327
T000432,alpha,BN,BN,2.87532,-0.8136,2.66853,3.56285,-1.0834,3.32498,1.00133,176.55
T000432,alpha,BN,BN,3.56285,-1.0834,3.32498,3.56285,-1.0834,3.32498,0,0
T000433,Li7,BN,binder_void,0,0,0,0.009,-0.3254,0.25746,0.415165,255.755
T000433,Li7,binder_void,BN,0.009,-0.3254,0.25746,0.0176,-0.7057,0.5427,0.475627,73.1559
T000433,Li7,BN,binder_void,0.0176,-0.7057,0.5427,0.0222,-1.1222,0.86097,0.52481,269.531
T000433,Li7,binder_void,BN,0.0222,-1.1222,0.86097,0.0198,-1.4053,1.05255,0.342186,35.2997
T000433,Li7,BN,binder_void,0.0198,-1.4053,1.05255,-0.0185,-1.7077,1.30909,0.400472,134.764
T000433,Li7,binder_void,BN,-0.0185,-1.7077,1.30909,-0.0976,-2.58424,2.02324,1.18627,69.0622
T000433,Li7,BN,binder_void,-0.0976,-2.58424,2.02324,-0.0976,-2.58424,2.02324,0,0
T000433,Li7,binder_void,binder_void,-0.0976,-2.58424,2.02324,-0.1184,-2.60516,2.03513,0.0573886,1.95542
T000433,Li7,binder_void,binder_void,-0.1184,-2.60516,2.03513,-0.1152,-2.60881,2.0301,0.0651311,0.476505
T000433,Li7,binder_void,binder_void,-0.1152,-2.60881,2.0301,-0.1152,-2.60881,2.0301,0,0
T000434,alpha,BN,binder_void,0,0,0,-0.0112,0.4073,-0.322309,0.519578,186.646
T000434,alpha,binder_void,BN,-0.0112,0.4073,-0.322309,-0.0116,0.431,-0.340975,0.0301717,4.74978
T000434,alpha,BN,binder_void,-0.0116,0.431,-0.340975,-0.0205,0.9989,-0.788055,0.722925,293.715
T000434,alpha,binder_void,BN,-0.0205,0.9989,-0.788055,-0.022,1.1007,-0.867588,0.129204,21.0561
T000434,alpha,BN,binder_void,-0.022,1.1007,-0.867588,-0.034,1.8638,-1.463706,0.968739,471.552
T000434,alpha,binder_void,ZnS,-0.034,1.8638,-1.463706,-0.0365,1.9765,-1.556559,0.146015,21.0207
T000434,alpha,ZnS,ZnS,-0.0365,1.9765,-1.556559,-0.1188,4.0444,-3.27923,2.79263,471.261
T000434,alpha,ZnS,ZnS,-0.1188,4.0444,-3.27923,-0.1188,4.0444,-3.27923,0,0
T000435,Li7,BN,binder_void,0,0,0,0.2653,0.2618,-0.13091,0.395228,254.115
T000435,Li7,binder_void,BN,0.2653,0.2618,-0.13091,0.4271,0.4242,-0.209797,0.242468,41.5567
T000435,Li7,BN,binder_void,0.4271,0.4242,-0.209797,0.7336,0.7297,-0.362652,0.459339,251.441
T000435,Li7,binder_void,BN,0.7336,0.7297,-0.362652,1.2871,1.2945,-0.65006,0.843029,100.903
T000435,Li7,BN,binder_void,1.2871,1.2945,-0.65006,1.6432,1.6605,-0.892907,0.57068,148.957
T000435,Li7,binder_void,BN,1.6432,1.6605,-0.892907,1.7066,1.7461,-0.928772,0.113402,4.44969
T000435,Li7,BN,BN,1.7066,1.7461,-0.928772,1.9725,1.9201,-1.1613787,0.42242,43.9668
T000435,Li7,BN,BN,1.9725,1.9201,-1.1613787,1.9725,1.9201,-1.1613787,0,0
T000436,alpha,BN,binder_void,0,0,0,-0.3664,-0.3618,0.18083,0.545779,205.138
T000436,alpha,binder_void,BN,-0.3664,-0.3618,0.18083,-0.5523,-0.5424,0.27462,0.275646,39.9341
T000436,alpha,BN,binder_void,-0.5523,-0.5424,0.27462,-0.8429,-0.8241,0.41896,0.429722,171.577
T000436,alpha,binder_void,BN,-0.8429,-0.8241,0.41896,-1.1512,-1.1214,0.57111,0.454578,73.5482
T000436,alpha,BN,binder_void,-1.1512,-1.1214,0.57111,-1.7198,-1.6683,0.85725,0.839435,363.581
T000436,alpha,binder_void,BN,-1.7198,-1.6683,0.85725,-2.0109,-1.9431,1.00543,0.426891,70.5603
T000436,alpha,BN,binder_void,-2.0109,-1.9431,1.00543,-2.2066,-2.1296,1.10879,0.28948,134.753
T000436,alpha,binder_void,BN,-2.2066,-2.1296,1.10879,-2.2231,-2.145,1.11774,0.0243178,4.18047
T000436,alpha,BN,binder_void,-2.2231,-2.145,1.11774,-2.5122,-2.41401,1.27398,0.424934,179.259
T000436,alpha,binder_void,BN,-2.5122,-2.41401,1.27398,-2.9843,-2.81631,1.59687,0.700051,93.0073
T000436,alpha,BN,BN,-2.9843,-2.81631,1.59687,-3.5674,-3.26058,2.02564,0.865584,134.461
T000436,alpha,BN,BN,-3.5674,-3.26058,2.02564,-3.5674,-3.26058,2.02564,0,0
T000437,Li7,BN,binder_void,0,0,0,0.215595,0.2135,-0.01527,0.303854,188.31
T000437,Li7,binder_void,BN,0.215595,0.2135,-0.01527,0.24654,0.2428,-0.01853,0.0427662,7.66953
T000437,Li7,BN,binder_void,0.24654,0.2428,-0.01853,0.893725,0.852,-0.08248,0.89246,456.749
T000437,Li7,binder_void,BN,0.893725,0.852,-0.08248,0.993404,0.9568,-0.0718,0.145181,13.6268
T000437,Li7,BN,binder_void,0.993404,0.9568,-0.0718,1.232418,1.2149,-0.03857,0.355562,94.2174
T000437,Li7,binder_void,BN,1.232418,1.2149,-0.03857,1.360935,1.3322,0.00585,0.180378,11.1788
T000437,Li7,BN,binder_void,1.360935,1.3322,0.00585,1.465236,1.4666,0.07428,0.186769,46.33
T000437,Li7,binder_void,BN,1.465236,1.4666,0.07428,1.528216,1.5614,0.14101,0.136927,4.20852
T000437,Li7,BN,BN,1.528216,1.5614,0.14101,1.576466,1.5917,0.19669,0.0832337,11.4613
T000437,Li7,BN,BN,1.576466,1.5917,0.19669,1.617286,1.6364,0.15572,0.0901333,10.0284
T000437,Li7,BN,BN,1.617286,1.6364,0.15572,1.617286,1.6364,0.15572,0,0
T000438,alpha,BN,binder_void,0,0,0,-0.181949,-0.1801,0.01288,0.256375,101.468
T000438,alpha,binder_void,BN,-0.181949,-0.1801,0.01288,-0.282345,-0.2797,0.02013,0.141584,16.545
T000438,alpha,BN,binder_void,-0.282345,-0.2797,0.02013,-0.972474,-0.9649,0.06813,0.973886,404.046
T000438,alpha,binder_void,BN,-0.972474,-0.9649,0.06813,-1.255674,-1.2517,0.08506,0.403422,68.6187
T000438,alpha,BN,binder_void,-1.255674,-1.2517,0.08506,-1.897874,-1.8968,0.11994,0.911206,420.788
T000438,alpha,binder_void,BN,-1.897874,-1.8968,0.11994,-2.155664,-2.1502,0.12195,0.361583,65.7719
T000438,alpha,BN,binder_void,-2.155664,-2.1502,0.12195,-2.728884,-2.7271,0.1258,0.814464,272.182
T000438,alpha,binder_void,ZnS,-2.728884,-2.7271,0.1258,-3.102024,-3.0885,0.13854,0.521041,50.4043
T000438,alpha,ZnS,ZnS,-3.102024,-3.0885,0.13854,-3.439614,-3.3097,0.03703,0.436537,52.5262
T000438,alpha,ZnS,binder_void,-3.439614,-3.3097,0.03703,-3.514914,-3.2666,-0.08914,0.344258,3.32766
T000438,alpha,binder_void,ZnS,-3.514914,-3.2666,-0.08914,-3.514914,-3.2666,-0.08914,0,0
T000438,alpha,ZnS,ZnS,-3.514914,-3.2666,-0.08914,-3.470574,-3.3301,-0.10654,0.112125,4.65704
T000438,alpha,ZnS,ZnS,-3.470574,-3.3301,-0.10654,-3.452824,-3.2811,-0.08966,0.0957537,9.66393
T000438,alpha,ZnS,ZnS,-3.452824,-3.2811,-0.08966,-3.452824,-3.2811,-0.08966,0,0
T000439,Li7,BN,binder_void,0,0,0,-0.256026,-0.0125,-0.22063,0.338275,215.311
T000439,Li7,binder_void,BN,-0.256026,-0.0125,-0.22063,-1.171574,-0.0184,-0.96737,1.18196,199.764
T000439,Li7,BN,binder_void,-1.171574,-0.0184,-0.96737,-1.746414,0.0209,-1.45479,0.755794,441.735
T000439,Li7,binder_void,BN,-1.746414,0.0209,-1.45479,-1.930874,0.0585,-1.62209,0.25229,21.8593
T000439,Li7,BN,BN,-1.930874,0.0585,-1.62209,-2.443004,0.1675,-2.10661,0.733221,134.33
T000439,Li7,BN,BN,-2.443004,0.1675,-2.10661,-2.443004,0.1675,-2.10661,0,0
T000440,alpha,BN,binder_void,0,0,0,0.174316,0.0085,0.15021,0.230272,74.4482
T000440,alpha,binder_void,BN,0.174316,0.0085,0.15021,0.48741692,0.0248,0.42233,0.41515,56.5062
T000440,alpha,BN,binder_void,0.48741692,0.0248,0.42233,0.938989,0.0502,0.81621,0.599795,216.388
T000440,alpha,binder_void,BN,0.938989,0.0502,0.81621,1.180054,0.0662,1.02945,0.322249,45.589
T000440,alpha,BN,binder_void,1.180054,0.0662,1.02945,1.777166,0.1044,1.55562,0.796874,331.714
T000440,alpha,binder_void,BN,1.777166,0.1044,1.55562,2.162716,0.1284,1.89543,0.514512,87.6643
T000440,alpha,BN,binder_void,2.162716,0.1284,1.89543,2.743276,0.1536,2.41963,0.782802,336.813
T000440,alpha,binder_void,BN,2.743276,0.1536,2.41963,2.891446,0.1614,2.55573,0.201341,34.0882
T000440,alpha,BN,binder_void,2.891446,0.1614,2.55573,3.595606,0.2027,3.20438,0.959048,383.445
T000440,alpha,binder_void,BN,3.595606,0.2027,3.20438,3.612526,0.2024,3.22081,0.0235903,3.86239
T000440,alpha,BN,binder_void,3.612526,0.2024,3.22081,4.236586,0.1921,3.82938,0.877498,161.945
T000440,alpha,binder_void,BN,4.236586,0.1921,3.82938,4.857326,0.4573,4.6064,1.09111,33.818
T000440,alpha,BN,BN,4.857326,0.4573,4.6064,4.841786,0.4826,4.66565,0.0696579,9.23762
T000440,alpha,BN,BN,4.841786,0.4826,4.66565,4.839156,0.4828,4.66528,0.0469204,0.480993
T000440,alpha,BN,BN,4.839156,0.4828,4.66528,4.839156,0.4828,4.66528,0,0
T000441,Li7,BN,binder_void,0,0,0,0.379,0.56605,0.50242,0.847175,487.875
T000441,Li7,binder_void,BN,0.379,0.56605,0.50242,0.3908,0.58267,0.51761,0.0254075,2.39521
T000441,Li7,BN,binder_void,0.3908,0.58267,0.51761,0.8476,1.21912,1.09842,0.981337,291.69
T000441,Li7,binder_void,BN,0.8476,1.21912,1.09842,0.8909,1.30282,1.16863,0.118091,7.47674
T000441,Li7,BN,BN,0.8909,1.30282,1.16863,1.0588,1.65912,1.45178,0.57295,50.5624
T000441,Li7,BN,BN,1.0588,1.65912,1.45178,1.0588,1.65912,1.45178,0,0
T000442,alpha,BN,binder_void,0,0,0,-0.0587,-0.08776,-0.07789,0.131229,47.6571
T000442,alpha,binder_void,BN,-0.0587,-0.08776,-0.07789,-0.1294,-0.19634,-0.17351,0.161003,22.22
T000442,alpha,BN,binder_void,-0.1294,-0.19634,-0.17351,-0.5419,-0.83421,-0.7356,0.945129,388.653
T000442,alpha,binder_void,BN,-0.5419,-0.83421,-0.7356,-0.5536,-0.85294,-0.75185,0.0274275,6.96642
T000442,alpha,BN,binder_void,-0.5536,-0.85294,-0.75185,-0.9257,-1.44798,-1.2677,0.871202,381.706
T000442,alpha,binder_void,BN,-0.9257,-1.44798,-1.2677,-0.9749,-1.53741,-1.34191,0.126195,21.9729
T000442,alpha,BN,binder_void,-0.9749,-1.53741,-1.34191,-1.2531,-2.04123,-1.75997,0.71175,332.059
T000442,alpha,binder_void,ZnS,-1.2531,-2.04123,-1.75997,-1.3485,-2.20117,-1.9064,0.236964,34.5456
T000442,alpha,ZnS,ZnS,-1.3485,-2.20117,-1.9064,-2.1074,-3.43357,-3.056217,2.02937,234.22
T000442,alpha,ZnS,ZnS,-2.1074,-3.43357,-3.056217,-2.1074,-3.43357,-3.056217,0,0
T000443,Li7,BN,binder_void,0,0,0,-0.2128,0.57785,-0.0729,0.620478,374.491
T000443,Li7,binder_void,BN,-0.2128,0.57785,-0.0729,-0.3013,0.83072,-0.10973,0.270466,34.7022
T000443,Li7,BN,binder_void,-0.3013,0.83072,-0.10973,-0.5119,1.43412,-0.19921,0.646831,299.081
T000443,Li7,binder_void,BN,-0.5119,1.43412,-0.19921,-0.5825,1.71792,-0.24582,0.296949,25.0939
T000443,Li7,BN,binder_void,-0.5825,1.71792,-0.24582,-0.7735,2.34522,-0.32338,0.687472,100.542
T000443,Li7,binder_void,binder_void,-0.7735,2.34522,-0.32338,-0.8065,2.35412,-0.39834,0.0908146,2.5666
T000443,Li7,binder_void,binder_void,-0.8065,2.35412,-0.39834,-0.8304,2.42572,-0.43369,0.10257,3.52405
T000443,Li7,binder_void,binder_void,-0.8304,2.42572,-0.43369,-0.8304,2.42572,-0.43369,0,0
T000444,alpha,BN,binder_void,0,0,0,0.0615,-0.16692,0.02105,0.179126,61.2902
T000444,alpha,binder_void,BN,0.0615,-0.16692,0.02105,0.1144,-0.31098,0.0401,0.154633,23.9928
T000444,alpha,BN,binder_void,0.1144,-0.31098,0.0401,0.3733,-1.0141,0.13537,0.755403,313.445
T000444,alpha,binder_void,ZnS,0.3733,-1.0141,0.13537,0.5496,-1.47947,0.18945,0.500604,81.2281
T000444,alpha,ZnS,ZnS,0.5496,-1.47947,0.18945,1.8123,-4.76622,0.58667,3.57761,990.044
T000444,alpha,ZnS,ZnS,1.8123,-4.76622,0.58667,1.8123,-4.76622,0.58667,0,0
T000445,Li7,BN,binder_void,0,0,0,0.6871,-0.50448,0.11033,0.860295,485.759
T000445,Li7,binder_void,ZnS,0.6871,-0.50448,0.11033,0.9072,-0.64793,0.14542,0.265195,35.8188
T000445,Li7,ZnS,ZnS,0.9072,-0.64793,0.14542,2.1631,-1.14061,0.50931,1.44058,277.307
T000445,Li7,ZnS,ZnS,2.1631,-1.14061,0.50931,2.4075,-1.16099,0.57721,0.736015,41.1157
T000445,Li7,ZnS,ZnS,2.4075,-1.16099,0.57721,2.4075,-1.16099,0.57721,0,0
T000446,alpha,BN,binder_void,0,0,0,-0.037,0.02718,-0.00595,0.0463104,17.1196
T000446,alpha,binder_void,BN,-0.037,0.02718,-0.00595,-0.211,0.15449,-0.03384,0.217351,33.1583
T000446,alpha,BN,binder_void,-0.211,0.15449,-0.03384,-0.8857,0.64864,-0.14093,0.843235,330.411
T000446,alpha,binder_void,BN,-0.8857,0.64864,-0.14093,-1.4856,1.0785,-0.2478,0.745756,122.434
T000446,alpha,BN,binder_void,-1.4856,1.0785,-0.2478,-1.5654,1.13598,-0.26315,0.0995528,46.5224
T000446,alpha,binder_void,BN,-1.5654,1.13598,-0.26315,-1.7546,1.2725,-0.29966,0.236159,42.2295
T000446,alpha,BN,binder_void,-1.7546,1.2725,-0.29966,-2.43933,1.76985,-0.43034,0.856604,378.007
T000446,alpha,binder_void,BN,-2.43933,1.76985,-0.43034,-2.56034,1.85661,-0.45578,0.151066,17.4594
T000446,alpha,BN,binder_void,-2.56034,1.85661,-0.45578,-3.07629,2.22876,-0.5636,0.645717,254.868
T000446,alpha,binder_void,ZnS,-3.07629,2.22876,-0.5636,-3.37252,2.44658,-0.60105,0.369802,60.0412
T000446,alpha,ZnS,ZnS,-3.37252,2.44658,-0.60105,-4.55596,3.38302,-0.76204,1.75648,167.75
T000446,alpha,ZnS,ZnS,-4.55596,3.38302,-0.76204,-4.55596,3.38302,-0.76204,0,0
T000447,Li7,BN,binder_void,0,0,0,-0.0675,-0.00424,0.02579,0.0723748,45.3169
T000447,Li7,binder_void,BN,-0.0675,-0.00424,0.02579,-0.4025,-0.02208,0.1517,0.358334,64.0561
T000447,Li7,BN,binder_void,-0.4025,-0.02208,0.1517,-0.6174,-0.03787,0.23168,0.229905,144.094
T000447,Li7,binder_void,BN,-0.6174,-0.03787,0.23168,-0.667,-0.03969,0.25155,0.0534456,7.00106
T000447,Li7,BN,binder_void,-0.667,-0.03969,0.25155,-1.1079,-0.05603,0.43372,0.477835,274.106
T000447,Li7,binder_void,BN,-1.1079,-0.05603,0.43372,-2.42058,-0.28177,1.01161,1.45667,149.409
T000447,Li7,BN,BN,-2.42058,-0.28177,1.01161,-2.93075,-0.34685,1.24018,0.570725,156.017
T000447,Li7,BN,BN,-2.93075,-0.34685,1.24018,-2.93075,-0.34685,1.24018,0,0
T000448,alpha,BN,binder_void,0,0,0,0.5129,0.03225,-0.19606,0.550062,219.852
T000448,alpha,binder_void,BN,0.5129,0.03225,-0.19606,0.9619,0.06577,-0.36783,0.481944,83.8413
T000448,alpha,BN,binder_void,0.9619,0.06577,-0.36783,1.7968,0.12568,-0.68819,0.896438,387.77
T000448,alpha,binder_void,ZnS,1.7968,0.12568,-0.68819,2.5458,0.16916,-0.972,0.802263,147.78
T000448,alpha,ZnS,ZnS,2.5458,0.16916,-0.972,4.4619,0.12211,-1.85757,2.13512,630.757
T000448,alpha,ZnS,ZnS,4.4619,0.12211,-1.85757,4.4619,0.12211,-1.85757,0,0
T000449,Li7,BN,binder_void,0,0,0,0.2022,0.2532,0.31482,0.451986,270.107
T000449,Li7,binder_void,BN,0.2022,0.2532,0.31482,0.384,0.484,0.59262,0.404449,62.666
T000449,Li7,BN,binder_void,0.384,0.484,0.59262,0.5663,0.7241,0.87398,0.412715,207.016
T000449,Li7,binder_void,BN,0.5663,0.7241,0.87398,0.6806,0.8918,1.07187,0.283624,37.1316
T000449,Li7,BN,binder_void,0.6806,0.8918,1.07187,0.9565,1.297,1.56265,0.698177,170.615
T000449,Li7,binder_void,BN,0.9565,1.297,1.56265,1.1797,1.9423,2.15697,0.923096,59.3913
T000449,Li7,BN,BN,1.1797,1.9423,2.15697,1.1497,2.0727,2.34067,0.237582,33.0735
T000449,Li7,BN,BN,1.1497,2.0727,2.34067,1.1497,2.0727,2.34067,0,0
T000450,alpha,BN,binder_void,0,0,0,-0.1074,-0.1344,-0.16714,0.239878,90.5763
T000450,alpha,binder_void,BN,-0.1074,-0.1344,-0.16714,-0.2078,-0.2592,-0.32123,0.222241,34.3684
T000450,alpha,BN,binder_void,-0.2078,-0.2592,-0.32123,-0.6001,-0.7415,-0.9194,0.862879,340.659
T000450,alpha,binder_void,BN,-0.6001,-0.7415,-0.9194,-0.61666,-0.7611,-0.94537,0.0365377,4.84406
T000450,alpha,BN,binder_void,-0.61666,-0.7611,-0.94537,-0.87806,-1.0706,-1.354645,0.575939,268.494
T000450,alpha,binder_void,BN,-0.87806,-1.0706,-1.354645,-0.91958,-1.1219,-1.42171,0.0940989,16.7139
T000450,alpha,BN,binder_void,-0.91958,-1.1219,-1.42171,-1.21761,-1.4937,-1.907757,0.680921,319.921
T000450,alpha,binder_void,BN,-1.21761,-1.4937,-1.907757,-1.37673,-1.6917,-2.1637969,0.360721,52.2632
T000450,alpha,BN,binder_void,-1.37673,-1.6917,-2.1637969,-1.54812,-1.9171,-2.452497,0.40474,148.229
T000450,alpha,binder_void,BN,-1.54812,-1.9171,-2.452497,-1.72956,-2.1911,-2.789898,0.471453,59.1799
T000450,alpha,BN,BN,-1.72956,-2.1911,-2.789898,-1.98821,-2.7598,-3.36653,0.866577,134.751
T000450,alpha,BN,BN,-1.98821,-2.7598,-3.36653,-1.98821,-2.7598,-3.36653,0,0
T000451,Li7,BN,binder_void,0,0,0,0.0719,-0.0563,-0.1176,0.148964,95.88
T000451,Li7,binder_void,BN,0.0719,-0.0563,-0.1176,0.2706,-0.2085,-0.43983,0.408072,71.3651
T000451,Li7,BN,binder_void,0.2706,-0.2085,-0.43983,0.4878,-0.373,-0.78848,0.442772,257.529
T000451,Li7,binder_void,BN,0.4878,-0.373,-0.78848,0.662,-0.5018,-1.08101,0.364152,51.5997
T000451,Li7,BN,binder_void,0.662,-0.5018,-1.08101,1.0247,-0.7965,-1.664294,0.750242,262.703
T000451,Li7,binder_void,ZnS,1.0247,-0.7965,-1.664294,1.1124,-0.8607,-1.807659,0.180402,13.9983
T000451,Li7,ZnS,ZnS,1.1124,-0.8607,-1.807659,1.2286,-0.8768,-2.0356634,0.267697,81.566
T000451,Li7,ZnS,ZnS,1.2286,-0.8768,-2.0356634,1.2328,-0.8726,-2.0492837,0.265699,5.35808
T000451,Li7,ZnS,ZnS,1.2328,-0.8726,-2.0492837,1.2328,-0.8726,-2.0492837,0,0
T000452,alpha,BN,binder_void,0,0,0,-0.3515,0.2754,0.57451,0.72768,272.077
T000452,alpha,binder_void,ZnS,-0.3515,0.2754,0.57451,-1.24488,0.9523,2.00852,1.82034,318.625
T000452,alpha,ZnS,binder_void,-1.24488,0.9523,2.00852,-2.79554,2.16,4.41646,3.13965,744.386
T000452,alpha,binder_void,BN,-2.79554,2.16,4.41646,-3.02079,2.2246,4.60642,0.302026,33.6006
T000452,alpha,BN,BN,-3.02079,2.2246,4.60642,-3.57131,2.3495,5.06041,0.744937,101.312
T000452,alpha,BN,BN,-3.57131,2.3495,5.06041,-3.57131,2.3495,5.06041,0,0
T000453,Li7,BN,binder_void,0,0,0,-0.3997,0.3248,0.17935,0.545629,328.872
T000453,Li7,binder_void,BN,-0.3997,0.3248,0.17935,-0.7595,0.579,0.31814,0.462065,62.3282
T000453,Li7,BN,binder_void,-0.7595,0.579,0.31814,-1.3085,0.95624,0.5185,0.697187,308.907
T000453,Li7,binder_void,ZnS,-1.3085,0.95624,0.5185,-1.3859,1.01406,0.55045,0.101807,9.12915
T000453,Li7,ZnS,ZnS,-1.3859,1.01406,0.55045,-1.8335,1.17293,0.78389,0.553738,84.4596
T000453,Li7,ZnS,ZnS,-1.8335,1.17293,0.78389,-1.6328,1.24405,1.17883,0.700937,58.3574
T000453,Li7,ZnS,ZnS,-1.6328,1.24405,1.17883,-1.6328,1.24405,1.17883,0,0
T000454,alpha,BN,binder_void,0,0,0,0.2674,-0.2174,-0.12002,0.364926,136.11
T000454,alpha,binder_void,BN,0.2674,-0.2174,-0.12002,0.7739,-0.6311,-0.3485,0.692739,115.383
T000454,alpha,BN,binder_void,0.7739,-0.6311,-0.3485,1.4741,-1.2082,-0.65875,0.959181,402.212
T000454,alpha,binder_void,BN,1.4741,-1.2082,-0.65875,2.0598,-1.6825,-0.92495,0.799357,128.6
T000454,alpha,BN,binder_void,2.0598,-1.6825,-0.92495,2.6183,-2.1313,-1.17636,0.759668,354.298
T000454,alpha,binder_void,BN,2.6183,-2.1313,-1.17636,2.7192,-2.2134,-1.22398,0.138576,22.8499
T000454,alpha,BN,binder_void,2.7192,-2.2134,-1.22398,3.1764,-2.5911,-1.44214,0.632973,231.843
T000454,alpha,binder_void,BN,3.1764,-2.5911,-1.44214,3.2135,-2.6255,-1.46028,0.0537484,6.3766
T000454,alpha,BN,BN,3.2135,-2.6255,-1.46028,3.6256,-3.0037,-1.66864,0.623659,72.3282
T000454,alpha,BN,BN,3.6256,-3.0037,-1.66864,3.6256,-3.0037,-1.66864,0,0
T000455,Li7,BN,binder_void,0,0,0,0.4254,0.0057,0.13614,0.446882,259.99
T000455,Li7,binder_void,BN,0.4254,0.0057,0.13614,1.0498,-0.0059,0.34456,0.658666,98.4664
T000455,Li7,BN,binder_void,1.0498,-0.0059,0.34456,1.6713,-0.0418,0.59004,0.670448,310.101
T000455,Li7,binder_void,ZnS,1.6713,-0.0418,0.59004,1.9451,-0.0522,0.68739,0.291254,26.145
T000455,Li7,ZnS,ZnS,1.9451,-0.0522,0.68739,2.7315,0.0343,0.78932,0.903817,108.57
T000455,Li7,ZnS,ZnS,2.7315,0.0343,0.78932,2.8136,0.1576,0.62769,0.695624,36.7269
T000455,Li7,ZnS,ZnS,2.8136,0.1576,0.62769,2.8136,0.1576,0.62769,0,0
T000456,alpha,BN,binder_void,0,0,0,-0.4243,-0.0058,-0.13578,0.445522,176.454
T000456,alpha,binder_void,BN,-0.4243,-0.0058,-0.13578,-1.2889,-0.02,-0.4044,0.90554,129.34
T000456,alpha,BN,binder_void,-1.2889,-0.02,-0.4044,-1.6602,-0.0264,-0.51867,0.388563,168.832
T000456,alpha,binder_void,BN,-1.6602,-0.0264,-0.51867,-2.5811,-0.04,-0.81383,0.967223,162.573
T000456,alpha,BN,binder_void,-2.5811,-0.04,-0.81383,-2.83899,-0.0415,-0.8978,0.271249,113.99
T000456,alpha,binder_void,BN,-2.83899,-0.0415,-0.8978,-3.29982,-0.0389,-1.04876,0.484978,77.8452
T000456,alpha,BN,binder_void,-3.29982,-0.0389,-1.04876,-4.17707,-0.035,-1.3438,0.92616,387.936
T000456,alpha,binder_void,ZnS,-4.17707,-0.035,-1.3438,-4.37892,-0.0315,-1.41333,0.21357,25.2174
T000456,alpha,ZnS,ZnS,-4.37892,-0.0315,-1.41333,-6.09315,0.0056,-2.022713,2.00495,227.812
T000456,alpha,ZnS,ZnS,-6.09315,0.0056,-2.022713,-6.09315,0.0056,-2.022713,0,0
T000457,Li7,BN,binder_void,0,0,0,0.1019,-0.06575,-0.30705,0.330179,211.8
T000457,Li7,binder_void,ZnS,0.1019,-0.06575,-0.30705,0.4674,-0.23672,-1.17379,0.956383,147.068
T000457,Li7,ZnS,binder_void,0.4674,-0.23672,-1.17379,0.8775,-0.42881,-2.138,1.07704,577.336
T000457,Li7,binder_void,BN,0.8775,-0.42881,-2.138,1.1618,-0.5437,-2.68855,0.641834,38.3182
T000457,Li7,BN,BN,1.1618,-0.5437,-2.68855,1.465,-0.59174,-2.87949,0.408713,38.4778
T000457,Li7,BN,BN,1.465,-0.59174,-2.87949,1.465,-0.59174,-2.87949,0,0
T000458,alpha,BN,binder_void,0,0,0,-0.1617,0.10439,0.48745,0.524094,180.962
T000458,alpha,binder_void,BN,-0.1617,0.10439,0.48745,-0.1909,0.12369,0.57568,0.094922,8.71139
T000458,alpha,BN,binder_void,-0.1909,0.12369,0.57568,-0.3945,0.25925,1.19686,0.66767,240.504
T000458,alpha,binder_void,ZnS,-0.3945,0.25925,1.19686,-0.582,0.37622,1.75994,0.604921,84.5811
T000458,alpha,ZnS,binder_void,-0.582,0.37622,1.75994,-1.6149,1.04041,4.86752,3.35847,874.265
T000458,alpha,binder_void,BN,-1.6149,1.04041,4.86752,-1.6489,1.05284,4.95584,0.0954278,17.6117
T000458,alpha,BN,binder_void,-1.6489,1.05284,4.95584,-1.7346,1.08631,5.18069,0.243068,89.8274
T000458,alpha,binder_void,ZnS,-1.7346,1.08631,5.18069,-1.8799,1.1369,5.59929,0.446131,60.5925
T000458,alpha,ZnS,ZnS,-1.8799,1.1369,5.59929,-2.4311,1.41155,7.26829,1.97059,218.945
T000458,alpha,ZnS,ZnS,-2.4311,1.41155,7.26829,-2.4311,1.41155,7.26829,0,0
T000459,Li7,BN,binder_void,0,0,0,-0.0643,0.5184,0.09665,0.531497,326.496
T000459,Li7,binder_void,BN,-0.0643,0.5184,0.09665,-0.0967,0.76014,0.14009,0.247793,35.9158
T000459,Li7,BN,binder_void,-0.0967,0.76014,0.14009,-0.1821,1.33546,0.24897,0.592692,268.266
T000459,Li7,binder_void,BN,-0.1821,1.33546,0.24897,-0.1828,1.34539,0.2516,0.0102972,1.39765
T000459,Li7,BN,binder_void,-0.1828,1.34539,0.2516,-0.2342,2.06823,0.44465,0.758889,179.293
T000459,Li7,binder_void,ZnS,-0.2342,2.06823,0.44465,-0.2568,2.21891,0.46519,0.157801,7.16987
T000459,Li7,ZnS,ZnS,-0.2568,2.21891,0.46519,-0.3275,2.241,0.4615,0.0962894,16.7631
T000459,Li7,ZnS,ZnS,-0.3275,2.241,0.4615,-0.3373,2.21847,0.44873,0.101459,4.63224
T000459,Li7,ZnS,ZnS,-0.3373,2.21847,0.44873,-0.3376,2.24282,0.4321,0.0294935,0.0660224
T000459,Li7,ZnS,ZnS,-0.3376,2.24282,0.4321,-0.3376,2.24282,0.4321,0,0
T000460,alpha,BN,binder_void,0,0,0,0.0394,-0.31778,-0.05925,0.325672,132.893
T000460,alpha,binder_void,BN,0.0394,-0.31778,-0.05925,0.0424,-0.34291,-0.06401,0.025752,5.30515
T000460,alpha,BN,binder_void,0.0424,-0.34291,-0.06401,0.1218,-1.01571,-0.19041,0.689235,274.793
T000460,alpha,binder_void,BN,0.1218,-1.01571,-0.19041,0.1313,-1.09887,-0.20548,0.0850475,17.2583
T000460,alpha,BN,binder_void,0.1313,-1.09887,-0.20548,0.2405,-2.05569,-0.38008,0.97899,426.911
T000460,alpha,binder_void,BN,0.2405,-2.05569,-0.38008,0.245,-2.09683,-0.38694,0.0419504,8.7103
T000460,alpha,BN,binder_void,0.245,-2.09683,-0.38694,0.331,-2.89752,-0.51699,0.816259,354.34
T000460,alpha,binder_void,BN,0.331,-2.89752,-0.51699,0.3328,-2.91191,-0.51941,0.0146946,1.70759
T000460,alpha,BN,binder_void,0.3328,-2.91191,-0.51941,0.4161,-3.59009,-0.63399,0.694983,213.465
T000460,alpha,binder_void,ZnS,0.4161,-3.59009,-0.63399,0.436,-3.66492,-0.64115,0.0780868,6.09962
T000460,alpha,ZnS,ZnS,0.436,-3.66492,-0.64115,0.4321,-3.81478,-0.60001,0.169585,7.48215
T000460,alpha,ZnS,ZnS,0.4321,-3.81478,-0.60001,0.5612,-3.82434,-0.5426,0.159988,3.45138
T000460,alpha,ZnS,ZnS,0.5612,-3.82434,-0.5426,0.5982,-3.69809,-0.64114,0.19405,2.23313
T000460,alpha,ZnS,ZnS,0.5982,-3.69809,-0.64114,0.4749,-3.60759,-0.66105,0.185466,3.66788
T000460,alpha,ZnS,ZnS,0.4749,-3.60759,-0.66105,0.5317,-3.53481,-0.6533,0.171546,11.6829
T000460,alpha,ZnS,ZnS,0.5317,-3.53481,-0.6533,0.5317,-3.53481,-0.6533,0,0
T000461,Li7,BN,binder_void,0,0,0,-0.2232,0.39884,-0.00795,0.457303,282.285
T000461,Li7,binder_void,ZnS,-0.2232,0.39884,-0.00795,-0.226,0.40388,-0.00809,0.00579587,1.01735
T000461,Li7,ZnS,ZnS,-0.226,0.40388,-0.00809,-0.8925,1.74646,-0.27787,1.54052,500.899
T000461,Li7,ZnS,ZnS,-0.8925,1.74646,-0.27787,-0.7726,1.9888,-0.53861,0.857419,55.7984
T000461,Li7,ZnS,ZnS,-0.7726,1.9888,-0.53861,-0.7726,1.9888,-0.53861,0,0
T000462,alpha,BN,binder_void,0,0,0,0.2629,-0.46967,0.00937,0.538339,208.21
T000462,alpha,binder_void,BN,0.2629,-0.46967,0.00937,0.2678,-0.47842,0.00957,0.0100587,2.06602
T000462,alpha,BN,binder_void,0.2678,-0.47842,0.00957,0.7438,-1.31878,0.02864,0.966164,384.318
T000462,alpha,binder_void,BN,0.7438,-1.31878,0.02864,0.7508,-1.33028,0.02891,0.0134418,3.21648
T000462,alpha,BN,binder_void,0.7508,-1.33028,0.02891,1.2366,-2.13306,0.04802,0.938877,451.878
T000462,alpha,binder_void,BN,1.2366,-2.13306,0.04802,1.7274,-3.00432,0.08181,1.00108,156.936
T000462,alpha,BN,binder_void,1.7274,-3.00432,0.08181,1.8202,-3.1655,0.09224,0.186399,60.049
T000462,alpha,binder_void,BN,1.8202,-3.1655,0.09224,2.2097,-3.76893,0.12895,0.720147,93.1518
T000462,alpha,BN,binder_void,2.2097,-3.76893,0.12895,2.3257,-4.02386,0.17172,0.28484,53.8645
T000462,alpha,binder_void,BN,2.3257,-4.02386,0.17172,2.4009,-4.34399,0.1749,0.331232,28.3932
T000462,alpha,BN,BN,2.4009,-4.34399,0.1749,2.4806,-4.65836,0.20764,0.378365,27.9162
T000462,alpha,BN,BN,2.4806,-4.65836,0.20764,2.4806,-4.65836,0.20764,0,0
T000463,Li7,BN,binder_void,0,0,0,0.3057,0.37819,-0.11701,0.500403,299.742
T000463,Li7,binder_void,BN,0.3057,0.37819,-0.11701,0.4436,0.54527,-0.17184,0.223462,34.66
T000463,Li7,BN,binder_void,0.4436,0.54527,-0.17184,0.6772,0.83371,-0.26753,0.383687,182.868
T000463,Li7,binder_void,BN,0.6772,0.83371,-0.26753,1.0841,1.37342,-0.44112,0.698701,75.7168
T000463,Li7,BN,BN,1.0841,1.37342,-0.44112,1.6289,2.17903,-0.60325,0.999393,247.014
T000463,Li7,BN,BN,1.6289,2.17903,-0.60325,1.6289,2.17903,-0.60325,0,0
T000464,alpha,BN,binder_void,0,0,0,-0.3006,-0.37198,0.1151,0.491991,178.868
T000464,alpha,binder_void,BN,-0.3006,-0.37198,0.1151,-0.3127,-0.38655,0.11967,0.0194401,2.81061
T000464,alpha,BN,binder_void,-0.3127,-0.38655,0.11967,-0.8875,-1.08329,0.33853,0.929569,381.729
T000464,alpha,binder_void,ZnS,-0.8875,-1.08329,0.33853,-1.216,-1.48907,0.4637,0.536899,89.2242
T000464,alpha,ZnS,ZnS,-1.216,-1.48907,0.4637,-3.4684,-4.26885,1.3306,3.74891,817.369
T000464,alpha,ZnS,ZnS,-3.4684,-4.26885,1.3306,-3.4684,-4.26885,1.3306,0,0
T000465,Li7,BN,binder_void,0,0,0,-0.15831,-0.28741,-0.11295,0.347127,212.071
T000465,Li7,binder_void,BN,-0.15831,-0.28741,-0.11295,-0.27049,-0.49902,-0.19192,0.252219,40.0394
T000465,Li7,BN,binder_void,-0.27049,-0.49902,-0.19192,-0.68309,-1.28697,-0.46184,0.931349,438.699
T000465,Li7,binder_void,BN,-0.68309,-1.28697,-0.46184,-0.70795,-1.33905,-0.46229,0.0577358,5.74044
T000465,Li7,BN,BN,-0.70795,-1.33905,-0.46229,-1.0877,-2.14515,-0.47161,0.927793,143.45
T000465,Li7,BN,BN,-1.0877,-2.14515,-0.47161,-1.0877,-2.14515,-0.47161,0,0
T000466,alpha,BN,binder_void,0,0,0,0.28252,0.51293,0.20157,0.619365,240.38
T000466,alpha,binder_void,BN,0.28252,0.51293,0.20157,0.7872,1.66689,0.67214,1.34465,221.953
T000466,alpha,BN,binder_void,0.7872,1.66689,0.67214,1.00751,2.15986,0.87734,0.57773,262.246
T000466,alpha,binder_void,BN,1.00751,2.15986,0.87734,1.15117,2.47853,1.00888,0.373508,70.9112
T000466,alpha,BN,binder_void,1.15117,2.47853,1.00888,1.41322,3.06392,1.24415,0.683433,308.275
T000466,alpha,binder_void,BN,1.41322,3.06392,1.24415,1.54432,3.36411,1.37405,0.352489,60.4081
T000466,alpha,BN,binder_void,1.54432,3.36411,1.37405,1.74572,3.8419,1.5829,0.55985,208.318
T000466,alpha,binder_void,BN,1.74572,3.8419,1.5829,1.77602,3.90797,1.608816,0.0772091,10.7196
T000466,alpha,BN,BN,1.77602,3.90797,1.608816,2.02892,4.4793,1.83153,0.686502,86.7882
T000466,alpha,BN,BN,2.02892,4.4793,1.83153,2.02892,4.4793,1.83153,0,0
T000467,Li7,BN,binder_void,0,0,0,-0.12701,0.45824,-0.42919,0.640952,392.679
T000467,Li7,binder_void,ZnS,-0.12701,0.45824,-0.42919,-0.34368,1.07985,-1.04078,0.899361,122.534
T000467,Li7,ZnS,ZnS,-0.34368,1.07985,-1.04078,-0.86866,1.73192,-2.16581,1.4443,305.043
T000467,Li7,ZnS,ZnS,-0.86866,1.73192,-2.16581,-0.84081,1.79619,-2.22503,0.510035,19.744
T000467,Li7,ZnS,ZnS,-0.84081,1.79619,-2.22503,-0.84081,1.79619,-2.22503,0,0
T000468,alpha,BN,binder_void,0,0,0,0.06653,-0.24001,0.2248,0.335525,127.062
T000468,alpha,binder_void,ZnS,0.06653,-0.24001,0.2248,0.16565,-0.60011,0.56143,0.502828,72.729
T000468,alpha,ZnS,binder_void,0.16565,-0.60011,0.56143,0.60094,-2.18748,2.054597,2.22886,790.117
T000468,alpha,binder_void,BN,0.60094,-2.18748,2.054597,0.89403,-2.85043,2.5459905,0.876006,146.364
T000468,alpha,BN,binder_void,0.89403,-2.85043,2.5459905,1.05811,-3.21018,2.804809,0.47306,169.951
T000468,alpha,binder_void,BN,1.05811,-3.21018,2.804809,1.12777,-3.35888,2.918681,0.199966,25.8531
T000468,alpha,BN,binder_void,1.12777,-3.35888,2.918681,1.28065,-3.67348,3.152247,0.422872,94.0899
T000468,alpha,binder_void,BN,1.28065,-3.67348,3.152247,1.48882,-3.94938,3.54587,0.534584,18.5455
T000468,alpha,BN,BN,1.48882,-3.94938,3.54587,1.68292,-4.03508,3.76308,0.359257,25.2882
T000468,alpha,BN,BN,1.68292,-4.03508,3.76308,1.68292,-4.03508,3.76308,0,0
T000469,Li7,BN,binder_void,0,0,0,0.08493,0.0261,-0.114028,0.144577,86.7032
T000469,Li7,binder_void,BN,0.08493,0.0261,-0.114028,0.49819,0.1523,-0.668423,0.703074,122.312
T000469,Li7,BN,binder_void,0.49819,0.1523,-0.668423,1.01687,0.3291,-1.365435,0.888073,467.725
T000469,Li7,binder_void,ZnS,1.01687,0.3291,-1.365435,1.38115,0.5448,-1.946673,0.722566,60.1348
T000469,Li7,ZnS,ZnS,1.38115,0.5448,-1.946673,1.49805,0.6799,-2.307033,0.423439,51.6656
T000469,Li7,ZnS,ZnS,1.49805,0.6799,-2.307033,1.587379,0.9895,-2.457723,0.412528,56.644
T000469,Li7,ZnS,ZnS,1.587379,0.9895,-2.457723,1.587379,0.9895,-2.457723,0,0
T000470,alpha,BN,binder_void,0,0,0,-0.45286,-0.1392,0.608017,0.770896,311.818
T000470,alpha,binder_void,ZnS,-0.45286,-0.1392,0.608017,-1.00919,-0.2977,1.346017,0.937761,153.806
T000470,alpha,ZnS,binder_void,-1.00919,-0.2977,1.346017,-1.72511,-0.5057,2.299137,1.21282,437.826
T000470,alpha,binder_void,BN,-1.72511,-0.5057,2.299137,-1.919,-0.5572,2.546577,0.318558,58.9746
T000470,alpha,BN,binder_void,-1.919,-0.5572,2.546577,-2.29642,-0.6529,3.018707,0.612384,286.58
T000470,alpha,binder_void,BN,-2.29642,-0.6529,3.018707,-2.68281,-0.797,3.486207,0.624008,90.9593
T000470,alpha,BN,binder_void,-2.68281,-0.797,3.486207,-2.77231,-0.8266,3.581787,0.134489,46.8195
T000470,alpha,binder_void,binder_void,-2.77231,-0.8266,3.581787,-3.5524,-1.0958,4.496867,1.25351,83.2172
T000470,alpha,binder_void,binder_void,-3.5524,-1.0958,4.496867,-3.5524,-1.0958,4.496867,0,0
T000471,Li7,BN,binder_void,0,0,0,-0.03693,-0.1772,-0.263689,0.319947,201.892
T000471,Li7,binder_void,BN,-0.03693,-0.1772,-0.263689,-0.04414,-0.215,-0.3213188,0.0692726,12.752
T000471,Li7,BN,binder_void,-0.04414,-0.215,-0.3213188,-0.1107,-0.5669,-0.852418,0.641299,332.034
T000471,Li7,binder_void,ZnS,-0.1107,-0.5669,-0.852418,-0.11779,-0.7703,-1.100742,0.321281,38.6469
T000471,Li7,ZnS,ZnS,-0.11779,-0.7703,-1.100742,-0.01461,-1.227,-2.351713,1.39671,254.675
T000471,Li7,ZnS,ZnS,-0.01461,-1.227,-2.351713,-0.01461,-1.227,-2.351713,0,0
T000472,alpha,BN,binder_void,0,0,0,0.04021,0.1931,0.287194,0.348385,122.831
T000472,alpha,binder_void,BN,0.04021,0.1931,0.287194,0.0958,0.465,0.687677,0.487296,66.5385
T000472,alpha,BN,binder_void,0.0958,0.465,0.687677,0.18637,0.9115,1.342957,0.798188,324.767
T000472,alpha,binder_void,BN,0.18637,0.9115,1.342957,0.39463,1.9028,2.791507,1.76795,279.373
T000472,alpha,BN,binder_void,0.39463,1.9028,2.791507,0.47222,2.2854,3.365937,0.694827,305.264
T000472,alpha,binder_void,ZnS,0.47222,2.2854,3.365937,0.58693,2.8415,4.157827,0.975008,171.348
T000472,alpha,ZnS,ZnS,0.58693,2.8415,4.157827,0.80737,3.7513,5.561727,1.89425,199.878
T000472,alpha,ZnS,ZnS,0.80737,3.7513,5.561727,0.80737,3.7513,5.561727,0,0
T000473,Li7,BN,binder_void,0,0,0,-0.25544,-0.10602,0.10164302,0.294728,181.675
T000473,Li7,binder_void,BN,-0.25544,-0.10602,0.10164302,-0.26082,-0.10839,0.1037162,0.00623595,0.545501
T000473,Li7,BN,binder_void,-0.26082,-0.10839,0.1037162,-1.09894,-0.47775,0.4261873,0.972653,493.649
T000473,Li7,binder_void,BN,-1.09894,-0.47775,0.4261873,-1.70301,-0.66288,0.5874093,0.654856,54.6856
T000473,Li7,BN,BN,-1.70301,-0.66288,0.5874093,-2.40688,-0.98116,0.7799393,0.845912,109.445
T000473,Li7,BN,BN,-2.40688,-0.98116,0.7799393,-2.40688,-0.98116,0.7799393,0,0
T000474,alpha,BN,binder_void,0,0,0,0.57094,0.23698,-0.2271907,0.658659,250.983
T000474,alpha,binder_void,BN,0.57094,0.23698,-0.2271907,0.67994,0.28234,-0.2705547,0.12577,18.5144
T000474,alpha,BN,binder_void,0.67994,0.28234,-0.2705547,1.32616,0.55069,-0.5259007,0.744971,287.942
T000474,alpha,binder_void,BN,1.32616,0.55069,-0.5259007,1.55003,0.64821,-0.6192397,0.261431,38.3312
T000474,alpha,BN,binder_void,1.55003,0.64821,-0.6192397,2.09235,0.88647,-0.8483717,0.635264,313.503
T000474,alpha,binder_void,ZnS,2.09235,0.88647,-0.8483717,3.34997,1.46637,-1.4599907,1.51461,281.509
T000474,alpha,ZnS,ZnS,3.34997,1.46637,-1.4599907,5.033155,2.23646,-2.3103907,2.19255,279.216
T000474,alpha,ZnS,ZnS,5.033155,2.23646,-2.3103907,5.033155,2.23646,-2.3103907,0,0
T000475,Li7,BN,binder_void,0,0,0,0.22583,0.3063,0.3992523,0.55185,321.709
T000475,Li7,binder_void,BN,0.22583,0.3063,0.3992523,0.32855,0.45804,0.5905613,0.264951,41.5345
T000475,Li7,BN,binder_void,0.32855,0.45804,0.5905613,0.50654,0.72764,0.9333733,0.471644,225.541
T000475,Li7,binder_void,BN,0.50654,0.72764,0.9333733,0.54412,0.78687,1.0087093,0.102965,10.5881
T000475,Li7,BN,binder_void,0.54412,0.78687,1.0087093,0.78075,1.18016,1.5089293,0.684055,220.376
T000475,Li7,binder_void,binder_void,0.78075,1.18016,1.5089293,0.88397,1.28282,1.7530893,0.304613,14.8096
T000475,Li7,binder_void,binder_void,0.88397,1.28282,1.7530893,0.95117,1.37024,1.7967493,0.310628,9.78049
T000475,Li7,binder_void,binder_void,0.95117,1.37024,1.7967493,0.95117,1.37024,1.7967493,0,0
T000476,alpha,BN,binder_void,0,0,0,-0.14406,-0.19538,-0.2546737,0.351847,137.945
T000476,alpha,binder_void,BN,-0.14406,-0.19538,-0.2546737,-0.22245,-0.29956,-0.3921607,0.189478,30.4135
T000476,alpha,BN,binder_void,-0.22245,-0.29956,-0.3921607,-0.4815,-0.64633,-0.8468717,0.627862,251.067
T000476,alpha,binder_void,ZnS,-0.4815,-0.64633,-0.8468717,-0.83997,-1.13631,-1.4731907,0.872332,147.746
T000476,alpha,ZnS,ZnS,-0.83997,-1.13631,-1.4731907,-1.76127,-2.49027,-3.1983107,2.39382,902.829
T000476,alpha,ZnS,ZnS,-1.76127,-2.49027,-3.1983107,-1.76127,-2.49027,-3.1983107,0,0
T000477,Li7,BN,binder_void,0,0,0,-0.0982,-0.05585,-0.06732,0.131588,91.093
T000477,Li7,binder_void,BN,-0.0982,-0.05585,-0.06732,-0.2151,-0.12286,-0.14747,0.156783,30.8374
T000477,Li7,BN,binder_void,-0.2151,-0.12286,-0.14747,-0.7056,-0.39784,-0.48539,0.656612,350.875
T000477,Li7,binder_void,ZnS,-0.7056,-0.39784,-0.48539,-0.8868,-0.5009,-0.59499,0.235524,35.6862
T000477,Li7,ZnS,ZnS,-0.8868,-0.5009,-0.59499,-1.7279,-1.40737,-1.26713,1.44812,247.026
T000477,Li7,ZnS,ZnS,-1.7279,-1.40737,-1.26713,-1.8641,-1.97176,-1.10505,1.05292,84.4823
T000477,Li7,ZnS,ZnS,-1.8641,-1.97176,-1.10505,-1.8641,-1.97176,-1.10505,0,0
T000478,alpha,BN,binder_void,0,0,0,0.4492,0.25524,0.30759,0.60129,215.252
T000478,alpha,binder_void,ZnS,0.4492,0.25524,0.30759,0.8047,0.45272,0.54789,0.472359,70.1376
T000478,alpha,ZnS,binder_void,0.8047,0.45272,0.54789,2.9403,1.63823,1.98904,2.8492,862.643
T000478,alpha,binder_void,BN,2.9403,1.63823,1.98904,3.4812,1.89698,2.39052,0.722035,98.0537
T000478,alpha,BN,binder_void,3.4812,1.89698,2.39052,3.9899,2.13051,2.76643,0.676739,132.922
T000478,alpha,binder_void,binder_void,3.9899,2.13051,2.76643,5.0002,2.61346,3.26898,1.24463,90.9913
T000478,alpha,binder_void,binder_void,5.0002,2.61346,3.26898,5.0002,2.61346,3.26898,0,0
T000479,Li7,BN,binder_void,0,0,0,-0.138,0.16477,0.22153,0.308749,195.836
T000479,Li7,binder_void,BN,-0.138,0.16477,0.22153,-0.3963,0.4598,0.63803,0.572213,93.7068
T000479,Li7,BN,binder_void,-0.3963,0.4598,0.63803,-0.6422,0.74687,1.03418,0.548183,290.109
T000479,Li7,binder_void,BN,-0.6422,0.74687,1.03418,-0.6851,0.81425,1.12568,0.121504,13.7151
T000479,Li7,BN,BN,-0.6851,0.81425,1.12568,-0.9502,1.25743,1.73229,0.803977,246.634
T000479,Li7,BN,BN,-0.9502,1.25743,1.73229,-0.9502,1.25743,1.73229,0,0
T000480,alpha,BN,binder_void,0,0,0,0.1146,-0.13681,-0.18394,0.256298,93.7591
T000480,alpha,binder_void,BN,0.1146,-0.13681,-0.18394,0.4163,-0.48999,-0.67091,0.672965,98.2737
T000480,alpha,BN,binder_void,0.4163,-0.48999,-0.67091,0.8499,-0.99519,-1.36554,0.962367,382.042
T000480,alpha,binder_void,BN,0.8499,-0.99519,-1.36554,1.3642,-1.59373,-2.17301,1.12919,204.117
T000480,alpha,BN,binder_void,1.3642,-1.59373,-2.17301,1.4987,-1.74681,-2.38061,0.290929,128.41
T000480,alpha,binder_void,BN,1.4987,-1.74681,-2.38061,1.6394,-1.90596,-2.59748,0.30363,52.4278
T000480,alpha,BN,binder_void,1.6394,-1.90596,-2.59748,1.8805,-2.17473,-2.95937,0.511448,221.121
T000480,alpha,binder_void,BN,1.8805,-2.17473,-2.95937,2.0498,-2.36948,-3.23055,0.374461,56.7558
T000480,alpha,BN,binder_void,2.0498,-2.36948,-3.23055,2.3396,-2.71088,-3.69689,0.648659,94.882
T000480,alpha,binder_void,ZnS,2.3396,-2.71088,-3.69689,2.4264,-2.9504,-4.06547,0.448847,53.5009
T000480,alpha,ZnS,ZnS,2.4264,-2.9504,-4.06547,2.4719,-3.04127,-4.69823,0.677721,87.8936
T000480,alpha,ZnS,ZnS,2.4719,-3.04127,-4.69823,2.4719,-3.04127,-4.69823,0,0
T000481,Li7,BN,binder_void,0,0,0,0.36833,0.1738,-0.1954,0.451906,275.969
T000481,Li7,binder_void,BN,0.36833,0.1738,-0.1954,0.45458,0.2149,-0.24457,0.107448,17.2932
T000481,Li7,BN,binder_void,0.45458,0.2149,-0.24457,0.83519,0.403,-0.46557,0.479108,250.872
T000481,Li7,binder_void,BN,0.83519,0.403,-0.46557,1.78103,0.85738,-1.04795,1.20344,128.306
T000481,Li7,BN,binder_void,1.78103,0.85738,-1.04795,1.83945,0.88565,-1.07199,0.0692849,22.6895
T000481,Li7,binder_void,binder_void,1.83945,0.88565,-1.07199,3.19648,1.72523,-1.50075,1.6725,132.443
T000481,Li7,binder_void,binder_void,3.19648,1.72523,-1.50075,3.4171,1.90029,-1.52849,0.394477,17.3171
T000481,Li7,binder_void,binder_void,3.4171,1.90029,-1.52849,3.4171,1.90029,-1.52849,0,0
T000482,alpha,BN,binder_void,0,0,0,-0.03298,-0.0155,0.01749,0.0404446,14.4952
T000482,alpha,binder_void,BN,-0.03298,-0.0155,0.01749,-0.65363,-0.3095,0.34645,0.761501,112.522
T000482,alpha,BN,binder_void,-0.65363,-0.3095,0.34645,-1.12226,-0.5355,0.59151,0.575158,233.462
T000482,alpha,binder_void,BN,-1.12226,-0.5355,0.59151,-1.92909,-0.925,1.01782,0.992256,165.135
T000482,alpha,BN,binder_void,-1.92909,-0.925,1.01782,-2.64532,-1.2685,1.39317,0.878822,369.395
T000482,alpha,binder_void,BN,-2.64532,-1.2685,1.39317,-3.57764,-1.7133,1.83339,1.12321,191.351
T000482,alpha,BN,binder_void,-3.57764,-1.7133,1.83339,-4.4081,-2.0931,2.21532,0.991869,323.61
T000482,alpha,binder_void,binder_void,-4.4081,-2.0931,2.21532,-5.2599,-2.5945,2.44893,1.04251,60.0284
T000482,alpha,binder_void,binder_void,-5.2599,-2.5945,2.44893,-5.2599,-2.5945,2.44893,0,0
T000483,Li7,BN,binder_void,0,0,0,-0.02145,-0.011,-0.00565,0.0247635,15.2208
T000483,Li7,binder_void,BN,-0.02145,-0.011,-0.00565,-0.68264,-0.353,-0.17959,0.764661,132.779
T000483,Li7,BN,binder_void,-0.68264,-0.353,-0.17959,-1.21068,-0.6252,-0.31579,0.61,358.418
T000483,Li7,binder_void,BN,-1.21068,-0.6252,-0.31579,-1.49504,-0.7651,-0.39005,0.325672,34.7293
T000483,Li7,BN,binder_void,-1.49504,-0.7651,-0.39005,-2.35986,-1.1968,-0.6151,1.00132,276.876
T000483,Li7,binder_void,binder_void,-2.35986,-1.1968,-0.6151,-2.5004,-1.2455,-0.8748,0.311351,8.91777
T000483,Li7,binder_void,BN,-2.5004,-1.2455,-0.8748,-2.55695,-1.207,-0.9624,0.12082,6.223
T000483,Li7,BN,BN,-2.55695,-1.207,-0.9624,-2.5748,-1.2053,-0.98911,0.0383242,6.28909
T000483,Li7,BN,BN,-2.5748,-1.2053,-0.98911,-2.57699,-1.1931,-0.99317,0.0364872,0.547563
T000483,Li7,BN,BN,-2.57699,-1.1931,-0.99317,-2.57699,-1.1931,-0.99317,0,0
T000484,alpha,BN,binder_void,0,0,0,0.63892,0.3283,0.16831,0.737853,290.539
T000484,alpha,binder_void,ZnS,0.63892,0.3283,0.16831,0.82728,0.41913,0.21493,0.21425,26.7146
T000484,alpha,ZnS,ZnS,0.82728,0.41913,0.21493,4.8912,2.38192,1.2179,4.68006,1152.75
T000484,alpha,ZnS,ZnS,4.8912,2.38192,1.2179,4.8912,2.38192,1.2179,0,0
T000485,Li7,BN,binder_void,0,0,0,0.00174,-0.02641,-0.03303,0.0423302,29.695
T000485,Li7,binder_void,BN,0.00174,-0.02641,-0.03303,0.00671,-0.09701,-0.12229,0.11391,21.1256
T000485,Li7,BN,binder_void,0.00671,-0.09701,-0.12229,0.05471,-0.70546,-0.89449,0.985464,606.894
T000485,Li7,binder_void,BN,0.05471,-0.70546,-0.89449,0.05487,-0.72179,-0.91282,0.0245536,2.76847
T000485,Li7,BN,BN,0.05487,-0.72179,-0.91282,0.06435,-1.33681,-1.60166,0.946479,179.517
T000485,Li7,BN,BN,0.06435,-1.33681,-1.60166,0.06435,-1.33681,-1.60166,0,0
T000486,alpha,BN,binder_void,0,0,0,-0.03482,0.52834,0.66091,0.846956,340.286
T000486,alpha,binder_void,ZnS,-0.03482,0.52834,0.66091,-0.0404,0.62568,0.78219,0.155605,26.7762
T000486,alpha,ZnS,ZnS,-0.0404,0.62568,0.78219,-0.16746,2.78231,3.46709,3.4709,1102.94
T000486,alpha,ZnS,ZnS,-0.16746,2.78231,3.46709,-0.16746,2.78231,3.46709,0,0
T000487,Li7,BN,binder_void,0,0,0,-0.02912,-0.03389,-0.00014,0.0446855,30.8849
T000487,Li7,binder_void,BN,-0.02912,-0.03389,-0.00014,-0.24823,-0.28541,0.00037,0.333605,60.3956
T000487,Li7,BN,binder_void,-0.24823,-0.28541,0.00037,-0.52684,-0.59913,-0.00323,0.419797,254.593
T000487,Li7,binder_void,BN,-0.52684,-0.59913,-0.00323,-0.80047,-0.89343,-0.01716,0.402215,61.1403
T000487,Li7,BN,binder_void,-0.80047,-0.89343,-0.01716,-1.40814,-1.53966,-0.05686,0.891002,345.2
T000487,Li7,binder_void,BN,-1.40814,-1.53966,-0.05686,-2.02369,-2.34843,-0.22175,1.05636,70.9907
T000487,Li7,BN,binder_void,-2.02369,-2.34843,-0.22175,-2.02369,-2.34843,-0.22175,0,0
T000487,Li7,binder_void,binder_void,-2.02369,-2.34843,-0.22175,-2.14661,-2.35913,-0.33685,0.175877,3.63383
T000487,Li7,binder_void,binder_void,-2.14661,-2.35913,-0.33685,-2.2877,-2.36484,-0.46718,0.205992,10.1893
T000487,Li7,binder_void,binder_void,-2.2877,-2.36484,-0.46718,-2.37953,-2.43064,-0.45818,0.229338,3.48553
T000487,Li7,binder_void,binder_void,-2.37953,-2.43064,-0.45818,-2.37953,-2.43064,-0.45818,0,0
T000488,alpha,BN,binder_void,0,0,0,0.52282,0.60845,0.0026,0.80231,312.248
T000488,alpha,binder_void,BN,0.52282,0.60845,0.0026,1.19073,1.37305,0.00942,1.01534,167.102
T000488,alpha,BN,binder_void,1.19073,1.37305,0.00942,1.57209,1.80975,0.01333,0.579887,251.974
T000488,alpha,binder_void,BN,1.57209,1.80975,0.01333,1.99915,2.29676,0.01402,0.647808,116.801
T000488,alpha,BN,binder_void,1.99915,2.29676,0.01402,2.07399,2.38376,0.01398,0.114771,52.8587
T000488,alpha,binder_void,ZnS,2.07399,2.38376,0.01398,2.24228,2.58154,0.01277,0.259705,47.8327
T000488,alpha,ZnS,ZnS,2.24228,2.58154,0.01277,4.2974564,4.46853,0.55809,2.93515,521.183
T000488,alpha,ZnS,ZnS,4.2974564,4.46853,0.55809,4.2974564,4.46853,0.55809,0,0
T000489,Li7,BN,binder_void,0,0,0,0.0715,0.0428,0.03133,0.0890731,64.0436
T000489,Li7,binder_void,BN,0.0715,0.0428,0.03133,1.5137,0.89875,0.67079,1.7957,321.895
T000489,Li7,BN,binder_void,1.5137,0.89875,0.67079,2.0926,1.2415,0.94217,0.726298,404.037
T000489,Li7,binder_void,ZnS,2.0926,1.2415,0.94217,2.3574,1.38538,1.07222,0.328671,34.8295
T000489,Li7,ZnS,ZnS,2.3574,1.38538,1.07222,2.8738,1.99471,1.61847,1.01604,183.793
T000489,Li7,ZnS,ZnS,2.8738,1.99471,1.61847,2.8742,2.00036,1.62827,0.240813,4.40139
T000489,Li7,ZnS,ZnS,2.8742,2.00036,1.62827,2.8742,2.00036,1.62827,0,0
T000490,alpha,BN,binder_void,0,0,0,-0.64987,-0.388785,-0.28449,0.809026,275.552
T000490,alpha,binder_void,BN,-0.64987,-0.388785,-0.28449,-0.66166,-0.395868,-0.28977,0.0147281,2.46395
T000490,alpha,BN,binder_void,-0.66166,-0.395868,-0.28977,-1.2882,-0.773582,-0.569318,0.783261,295.627
T000490,alpha,binder_void,BN,-1.2882,-0.773582,-0.569318,-1.34216,-0.805404,-0.589835,0.0659233,8.842
T000490,alpha,BN,binder_void,-1.34216,-0.805404,-0.589835,-2.06305,-1.225188,-0.866632,0.879089,360.277
T000490,alpha,binder_void,BN,-2.06305,-1.225188,-0.866632,-2.48417,-1.458914,-1.023124,0.506457,87.0075
T000490,alpha,BN,binder_void,-2.48417,-1.458914,-1.023124,-3.20693,-1.862439,-1.2846199,0.868487,426.909
T000490,alpha,binder_void,BN,-3.20693,-1.862439,-1.2846199,-3.2876,-1.908349,-1.3100809,0.0962534,16.4376
T000490,alpha,BN,binder_void,-3.2876,-1.908349,-1.3100809,-3.80888,-2.20295,-1.471482,0.621263,175.454
T000490,alpha,binder_void,ZnS,-3.80888,-2.20295,-1.471482,-3.92914,-2.27062,-1.506877,0.142549,16.9804
T000490,alpha,ZnS,ZnS,-3.92914,-2.27062,-1.506877,-4.65452,-2.76725,-2.165865,1.17794,90.4328
T000490,alpha,ZnS,ZnS,-4.65452,-2.76725,-2.165865,-4.61039,-2.6654,-2.318296,0.703243,20.0162
T000490,alpha,ZnS,ZnS,-4.61039,-2.6654,-2.318296,-4.61039,-2.6654,-2.318296,0,0
T000491,Li7,BN,binder_void,0,0,0,0.0567,0.08341,-0.06939,0.122463,77.1549
T000491,Li7,binder_void,BN,0.0567,0.08341,-0.06939,0.4395,0.64925,-0.544052,0.8321,148.889
T000491,Li7,BN,binder_void,0.4395,0.64925,-0.544052,0.8911,1.32218,-1.086613,0.977176,490.955
T000491,Li7,binder_void,BN,0.8911,1.32218,-1.086613,1.01,1.56965,-1.225734,0.308829,26.4558
T000491,Li7,BN,BN,1.01,1.56965,-1.225734,1.24,2.22523,-1.475416,0.79313,96.5457
T000491,Li7,BN,BN,1.24,2.22523,-1.475416,1.24,2.22523,-1.475416,0,0
T000492,alpha,BN,binder_void,0,0,0,-0.27273,-0.400842,0.33346,0.588474,214.128
T000492,alpha,binder_void,BN,-0.27273,-0.400842,0.33346,-0.60534,-0.892343,0.74063,0.719744,114.429
T000492,alpha,BN,binder_void,-0.60534,-0.892343,0.74063,-1.03149,-1.526797,1.26255,0.925691,386.5
T000492,alpha,binder_void,BN,-1.03149,-1.526797,1.26255,-1.3183,-1.924671,1.6159,0.604562,100.816
T000492,alpha,BN,binder_void,-1.3183,-1.924671,1.6159,-1.78808,-2.577,2.20651,0.998214,406.437
T000492,alpha,binder_void,BN,-1.78808,-2.577,2.20651,-2.07901,-3.02295,2.63353,0.683153,87.3159
T000492,alpha,BN,BN,-2.07901,-3.02295,2.63353,-2.43276,-3.55244,3.15074,0.82908,160.374
T000492,alpha,BN,BN,-2.43276,-3.55244,3.15074,-2.43276,-3.55244,3.15074,0,0
T000493,Li7,BN,binder_void,0,0,0,0.23304,-0.49161,0.39081,0.670296,417.746
T000493,Li7,binder_void,BN,0.23304,-0.49161,0.39081,0.30948,-0.65124,0.51333,0.215308,29.4795
T000493,Li7,BN,binder_void,0.30948,-0.65124,0.51333,0.44758,-0.97819,0.74497,0.424505,201.575
T000493,Li7,binder_void,BN,0.44758,-0.97819,0.74497,0.55681,-1.2473,0.92475,0.342124,30.3911
T000493,Li7,BN,binder_void,0.55681,-1.2473,0.92475,0.59937,-1.36328,1.00063,0.145379,44.9344
T000493,Li7,binder_void,BN,0.59937,-1.36328,1.00063,0.96462,-2.25804,1.56148,1.13544,85.2253
T000493,Li7,BN,BN,0.96462,-2.25804,1.56148,0.95045,-2.40121,1.73979,0.241331,26.7485
T000493,Li7,BN,BN,0.95045,-2.40121,1.73979,0.93614,-2.38751,1.75619,0.159139,3.90065
T000493,Li7,BN,BN,0.93614,-2.38751,1.75619,0.93614,-2.38751,1.75619,0,0
T000494,alpha,BN,binder_void,0,0,0,-0.03479,0.0734,-0.05835,0.100017,40.3494
T000494,alpha,binder_void,ZnS,-0.03479,0.0734,-0.05835,-0.04828,0.10202,-0.08106,0.0389479,5.97637
T000494,alpha,ZnS,binder_void,-0.04828,0.10202,-0.08106,-1.21781,2.57331,-2.03571,3.37428,1038.77
T000494,alpha,binder_void,BN,-1.21781,2.57331,-2.03571,-1.43998,3.51561,-2.66227,1.154,141.247
T000494,alpha,BN,binder_void,-1.43998,3.51561,-2.66227,-1.61634,4.319499,-3.1509516,0.962185,210.109
T000494,alpha,binder_void,BN,-1.61634,4.319499,-3.1509516,-1.64203,4.356237,-3.1908075,0.0601784,5.18443
T000494,alpha,BN,BN,-1.64203,4.356237,-3.1908075,-1.79458,4.555625,-3.404485,0.381548,28.3659
T000494,alpha,BN,BN,-1.79458,4.555625,-3.404485,-1.79458,4.555625,-3.404485,0,0
T000495,Li7,BN,binder_void,0,0,0,0.38571,0.13763,0.11784,0.426312,264.004
T000495,Li7,binder_void,BN,0.38571,0.13763,0.11784,0.41379,0.15327,0.13071,0.0346173,4.13962
T000495,Li7,BN,binder_void,0.41379,0.15327,0.13071,1.05574,0.51028,0.42169,0.791409,374.77
T000495,Li7,binder_void,ZnS,1.05574,0.51028,0.42169,1.19456,0.58568,0.4851,0.170356,19.0715
T000495,Li7,ZnS,ZnS,1.19456,0.58568,0.4851,2.16392,0.92549,0.71533,1.20609,172.191
T000495,Li7,ZnS,binder_void,2.16392,0.92549,0.71533,2.17014,0.92465,0.71421,0.0079313,0.729301
T000495,Li7,binder_void,binder_void,2.17014,0.92465,0.71421,2.25005,0.95589,0.70129,0.102315,2.92276
T000495,Li7,binder_void,binder_void,2.25005,0.95589,0.70129,2.28434,0.99801,0.71026,0.0886218,2.29987
T000495,Li7,binder_void,binder_void,2.28434,0.99801,0.71026,2.28434,0.99801,0.71026,0,0
T000496,alpha,BN,binder_void,0,0,0,-0.14229,-0.05078,-0.04348,0.157218,55.8994
T000496,alpha,binder_void,ZnS,-0.14229,-0.05078,-0.04348,-0.15912,-0.05675,-0.0487,0.0186006,1.07153
T000496,alpha,ZnS,binder_void,-0.15912,-0.05675,-0.0487,-2.521961,-0.89447,-0.78044,2.61914,971.394
T000496,alpha,binder_void,BN,-2.521961,-0.89447,-0.78044,-2.980653,-1.00749,-0.98771,0.515993,88.6731
T000496,alpha,BN,binder_void,-2.980653,-1.00749,-0.98771,-3.791033,-1.21512,-1.34078,0.90998,263.008
T000496,alpha,binder_void,BN,-3.791033,-1.21512,-1.34078,-4.32145,-1.34972,-1.62813,0.62173,82.8723
T000496,alpha,BN,BN,-4.32145,-1.34972,-1.62813,-4.35508,-1.35134,-1.64145,0.0378949,0.633226
T000496,alpha,BN,BN,-4.35508,-1.35134,-1.64145,-4.38383,-1.35635,-1.61557,0.0413204,1.00323
T000496,alpha,BN,BN,-4.38383,-1.35635,-1.61557,-4.38448,-1.33468,-1.58451,0.0408064,2.95296
T000496,alpha,BN,BN,-4.38448,-1.33468,-1.58451,-4.41312,-1.31395,-1.58874,0.0439739,1.21868
T000496,alpha,BN,BN,-4.41312,-1.31395,-1.58874,-4.41047,-1.32367,-1.61722,0.0403288,1.27388
T000496,alpha,BN,BN,-4.41047,-1.32367,-1.61722,-4.41047,-1.32367,-1.61722,0,0
T000497,Li7,BN,binder_void,0,0,0,-0.1564,-0.05547,-0.195111,0.256201,164.822
T000497,Li7,binder_void,BN,-0.1564,-0.05547,-0.195111,-0.3031,-0.10477,-0.373421,0.23613,38.194
T000497,Li7,BN,binder_void,-0.3031,-0.10477,-0.373421,-0.5215,-0.18225,-0.646501,0.35833,203.547
T000497,Li7,binder_void,BN,-0.5215,-0.18225,-0.646501,-0.6772,-0.24006,-0.848761,0.261763,33.5604
T000497,Li7,BN,binder_void,-0.6772,-0.24006,-0.848761,-1.0004,-0.37538,-1.237711,0.524558,222.132
T000497,Li7,binder_void,ZnS,-1.0004,-0.37538,-1.237711,-1.5934,-0.73566,-1.984901,1.02595,91.6094
T000497,Li7,ZnS,ZnS,-1.5934,-0.73566,-1.984901,-1.7631,-0.82278,-2.179821,0.303658,79.5571
T000497,Li7,ZnS,ZnS,-1.7631,-0.82278,-2.179821,-1.8,-0.80312,-2.231181,0.253763,9.63653
T000497,Li7,ZnS,ZnS,-1.8,-0.80312,-2.231181,-1.8,-0.80312,-2.231181,0,0
T000498,alpha,BN,binder_void,0,0,0,0.2919,0.10354,0.364174,0.478129,177.84
T000498,alpha,binder_void,BN,0.2919,0.10354,0.364174,0.5656,0.19774,0.70523,0.447305,68.16
T000498,alpha,BN,binder_void,0.5656,0.19774,0.70523,0.738,0.25637,0.9210548,0.282399,119.295
T000498,alpha,binder_void,BN,0.738,0.25637,0.9210548,0.9985,0.34145,1.242272,0.422294,69.0774
T000498,alpha,BN,binder_void,0.9985,0.34145,1.242272,1.4283,0.48098,1.764047,0.690347,313.226
T000498,alpha,binder_void,BN,1.4283,0.48098,1.764047,2.8228,0.93682,3.522889,2.2914,393.217
T000498,alpha,BN,BN,2.8228,0.93682,3.522889,3.318,1.08326,4.125249,0.795079,329.184
T000498,alpha,BN,BN,3.318,1.08326,4.125249,3.318,1.08326,4.125249,0,0
T000499,Li7,BN,binder_void,0,0,0,0.1002,-0.1636,0.142378,0.238987,154.467
T000499,Li7,binder_void,BN,0.1002,-0.1636,0.142378,0.3002,-0.49257,0.434112,0.48311,79.83
T000499,Li7,BN,binder_void,0.3002,-0.49257,0.434112,0.496,-0.84204,0.750503,0.510931,271.191
T000499,Li7,binder_void,ZnS,0.496,-0.84204,0.750503,0.6785,-1.17991,1.0274296,0.47379,55.6713
T000499,Li7,ZnS,ZnS,0.6785,-1.17991,1.0274296,1.5153,-1.827007,1.885032,1.41498,278.84
T000499,Li7,ZnS,ZnS,1.5153,-1.827007,1.885032,1.5153,-1.827007,1.885032,0,0
T000500,alpha,BN,binder_void,0,0,0,-0.2151,0.35093,-0.305401,0.512563,197.829
T000500,alpha,binder_void,BN,-0.2151,0.35093,-0.305401,-0.4033,0.64961,-0.570911,0.441747,72.0219
T000500,alpha,BN,binder_void,-0.4033,0.64961,-0.570911,-0.625,1.00337,-0.890161,0.525604,212.979
T000500,alpha,binder_void,BN,-0.625,1.00337,-0.890161,-0.9981,1.60394,-1.437371,0.894143,146.585
T000500,alpha,BN,binder_void,-0.9981,1.60394,-1.437371,-1.3793,2.20427,-1.990991,0.901545,376.779
T000500,alpha,binder_void,BN,-1.3793,2.20427,-1.990991,-1.7079,2.68582,-2.476461,0.758881,141.29
T000500,alpha,BN,binder_void,-1.7079,2.68582,-2.476461,-2.071,3.21891,-3.045731,0.862386,298.087
T000500,alpha,binder_void,BN,-2.071,3.21891,-3.045731,-2.1599,3.3661,-3.245351,0.271105,21.0703
T000500,alpha,BN,BN,-2.1599,3.3661,-3.245351,-2.1732,3.37977,-3.247541,0.0208252,3.35872
T000500,alpha,BN,BN,-2.1732,3.37977,-3.247541,-2.1732,3.37977,-3.247541,0,0
T000501,Li7,BN,binder_void,0,0,0,-0.1122,0.3421,-0.27166,0.451196,283.622
T000501,Li7,binder_void,BN,-0.1122,0.3421,-0.27166,-0.2445,0.7222,-0.5677,0.499831,74.9762
T000501,Li7,BN,binder_void,-0.2445,0.7222,-0.5677,-0.4492,1.3029,-1.00239,0.755309,298.584
T000501,Li7,binder_void,BN,-0.4492,1.3029,-1.00239,-0.5992,1.834,-1.42302,0.696484,57.76
T000501,Li7,BN,binder_void,-0.5992,1.834,-1.42302,-0.8325,2.286,-1.80844,0.655413,110.767
T000501,Li7,binder_void,binder_void,-0.8325,2.286,-1.80844,-0.9204,2.4231,-1.81741,0.170625,7.27554
T000501,Li7,binder_void,binder_void,-0.9204,2.4231,-1.81741,-0.9432,2.5442,-1.76539,0.161203,8.79598
T000501,Li7,binder_void,binder_void,-0.9432,2.5442,-1.76539,-0.9432,2.5442,-1.76539,0,0
T000502,alpha,BN,binder_void,0,0,0,0.0374,-0.1144,0.09082,0.150782,53.6125
T000502,alpha,binder_void,ZnS,0.0374,-0.1144,0.09082,0.0614,-0.1867,0.14865,0.095648,17.3524
T000502,alpha,ZnS,binder_void,0.0614,-0.1867,0.14865,0.7849,-2.3733,1.89697,2.90133,1013.15
T000502,alpha,binder_void,BN,0.7849,-2.3733,1.89697,0.8714,-2.9201,2.35693,0.720079,114.249
T000502,alpha,BN,binder_void,0.8714,-2.9201,2.35693,0.9715,-3.559,2.93344,0.869384,220.006
T000502,alpha,binder_void,BN,0.9715,-3.559,2.93344,0.9952,-3.637,3.01314,0.114324,11.2182
T000502,alpha,BN,BN,0.9952,-3.637,3.01314,1.0836,-3.9329,3.29519,0.459353,40.4102
T000502,alpha,BN,BN,1.0836,-3.9329,3.29519,1.0836,-3.9329,3.29519,0,0
T000503,Li7,BN,binder_void,0,0,0,0.2615,0.7852,-0.14986,0.841848,483.12
T000503,Li7,binder_void,BN,0.2615,0.7852,-0.14986,0.2803,0.8438,-0.16172,0.0626151,7.36528
T000503,Li7,BN,binder_void,0.2803,0.8438,-0.16172,0.5127,1.7097,-0.3853,0.929268,256.471
T000503,Li7,binder_void,BN,0.5127,1.7097,-0.3853,0.5697,2.0582,-0.35685,0.356618,23.227
T000503,Li7,BN,BN,0.5697,2.0582,-0.35685,0.8058,2.5909,-0.24217,0.657303,69.8169
T000503,Li7,BN,BN,0.8058,2.5909,-0.24217,0.8058,2.5909,-0.24217,0,0
T000504,alpha,BN,binder_void,0,0,0,-0.0252,-0.0755,0.01441,0.0808483,31.9728
T000504,alpha,binder_void,ZnS,-0.0252,-0.0755,0.01441,-0.0533,-0.1602,0.03067,0.0907366,14.3267
T000504,alpha,ZnS,ZnS,-0.0533,-0.1602,0.03067,-1.3989,-4.2192,0.81242,4.37262,1423.7
T000504,alpha,ZnS,ZnS,-1.3989,-4.2192,0.81242,-1.3989,-4.2192,0.81242,0,0
T000505,Li7,BN,binder_void,0,0,0,0.15081,0.07594,-0.44138,0.472788,305.665
T000505,Li7,binder_void,BN,0.15081,0.07594,-0.44138,0.24375,0.12703,-0.72432,0.302216,46.3855
T000505,Li7,BN,binder_void,0.24375,0.12703,-0.72432,0.38996,0.20256,-1.1698,0.475489,223.555
T000505,Li7,binder_void,BN,0.38996,0.20256,-1.1698,0.45104,0.23601,-1.40693,0.247292,31.4478
T000505,Li7,BN,binder_void,0.45104,0.23601,-1.40693,0.60172,0.29385,-2.12019,0.737921,147.272
T000505,Li7,binder_void,BN,0.60172,0.29385,-2.12019,0.64905,0.42056,-3.0336,0.945213,59.3375
T000505,Li7,BN,BN,0.64905,0.42056,-3.0336,0.67463,0.42041,-3.22439,0.203599,24.6379
T000505,Li7,BN,BN,0.67463,0.42041,-3.22439,0.67751,0.41509,-3.2286,0.105045,1.69952
T000505,Li7,BN,BN,0.67751,0.41509,-3.2286,0.67751,0.41509,-3.2286,0,0
T000506,alpha,BN,binder_void,0,0,0,-0.12976,-0.06534,0.37978,0.406636,144.639
T000506,alpha,binder_void,ZnS,-0.12976,-0.06534,0.37978,-0.19937,-0.10125,0.58419,0.218913,33.1338
T000506,alpha,ZnS,binder_void,-0.19937,-0.10125,0.58419,-0.81863,-0.41759,2.41751,1.96556,651.765
T000506,alpha,binder_void,ZnS,-0.81863,-0.41759,2.41751,-1.09379,-0.61476,3.270966,0.918319,160.475
T000506,alpha,ZnS,ZnS,-1.09379,-0.61476,3.270966,-1.83224,-1.16834,5.82885,2.81778,479.987
T000506,alpha,ZnS,ZnS,-1.83224,-1.16834,5.82885,-1.83224,-1.16834,5.82885,0,0
T000507,Li7,BN,binder_void,0,0,0,0.06737,-0.22487,-0.18068,0.29631,185.337
T000507,Li7,binder_void,BN,0.06737,-0.22487,-0.18068,0.28444,-0.89923,-0.7247,0.893608,145.697
T000507,Li7,BN,binder_void,0.28444,-0.89923,-0.7247,0.50706,-1.57042,-1.29074,0.908105,402.639
T000507,Li7,binder_void,BN,0.50706,-1.57042,-1.29074,0.53802,-1.64509,-1.34473,0.0973412,6.60561
T000507,Li7,BN,BN,0.53802,-1.64509,-1.34473,0.8068,-2.20716,-1.76739,0.806381,99.7214
T000507,Li7,BN,BN,0.8068,-2.20716,-1.76739,0.8068,-2.20716,-1.76739,0,0
T000508,alpha,BN,binder_void,0,0,0,-0.14752,0.49242,0.39566,0.648732,244.282
T000508,alpha,binder_void,BN,-0.14752,0.49242,0.39566,-0.16082,0.53806,0.43535,0.0619325,11.2117
T000508,alpha,BN,binder_void,-0.16082,0.53806,0.43535,-0.31068,1.04049,0.87395,0.683661,265.594
T000508,alpha,binder_void,ZnS,-0.31068,1.04049,0.87395,-0.3419,1.1534,0.97306,0.153451,29.687
T000508,alpha,ZnS,ZnS,-0.3419,1.1534,0.97306,-1.14957,4.08423,3.5177094,4.02777,919.225
T000508,alpha,ZnS,ZnS,-1.14957,4.08423,3.5177094,-1.14957,4.08423,3.5177094,0,0
T000509,Li7,BN,binder_void,0,0,0,-0.00018,-0.14824,0.10862,0.183805,114.09
T000509,Li7,binder_void,BN,-0.00018,-0.14824,0.10862,0.00016,-0.23811,0.17461,0.111506,22.4306
T000509,Li7,BN,binder_void,0.00016,-0.23811,0.17461,0.00915,-0.97183,0.71079,0.910015,498.918
T000509,Li7,binder_void,ZnS,0.00915,-0.97183,0.71079,-0.02994,-1.337822,0.94548,0.437329,43.7662
T000509,Li7,ZnS,ZnS,-0.02994,-1.337822,0.94548,-0.09515,-1.987845,1.33486,0.856579,160.795
T000509,Li7,ZnS,ZnS,-0.09515,-1.987845,1.33486,-0.09515,-1.987845,1.33486,0,0
T000510,alpha,BN,binder_void,0,0,0,0.00021,0.16683,-0.12222,0.206819,76.575
T000510,alpha,binder_void,BN,0.00021,0.16683,-0.12222,-0.0006,0.3741,-0.27506,0.257529,38.4902
T000510,alpha,BN,binder_void,-0.0006,0.3741,-0.27506,0.00043,1.16838,-0.85923,0.986128,402.013
T000510,alpha,binder_void,BN,0.00043,1.16838,-0.85923,0.00036,1.17347,-0.86277,0.00620437,1.61141
T000510,alpha,BN,binder_void,0.00036,1.17347,-0.86277,-0.01196,1.97521,-1.41775,0.975482,446.585
T000510,alpha,binder_void,BN,-0.01196,1.97521,-1.41775,-0.0227,2.37825,-1.70681,0.496175,82.439
T000510,alpha,BN,binder_void,-0.0227,2.37825,-1.70681,-0.03311,3.01891,-2.16839,0.790675,325.53
T000510,alpha,binder_void,BN,-0.03311,3.01891,-2.16839,-0.03351,3.16528,-2.2846,0.187156,13.8539
T000510,alpha,BN,BN,-0.03351,3.16528,-2.2846,-0.02392,3.66691,-2.69167,0.670122,82.9022
T000510,alpha,BN,BN,-0.02392,3.66691,-2.69167,-0.02392,3.66691,-2.69167,0,0
T000511,Li7,BN,binder_void,0,0,0,-0.03777,0.01102,-0.02805,0.0483226,31.6162
T000511,Li7,binder_void,BN,-0.03777,0.01102,-0.02805,-0.11834,0.03623,-0.0875,0.103263,18.4904
T000511,Li7,BN,binder_void,-0.11834,0.03623,-0.0875,-0.79162,0.24529,-0.58511,0.863777,520.35
T000511,Li7,binder_void,BN,-0.79162,0.24529,-0.58511,-0.83204,0.25433,-0.62097,0.0547887,6.30901
T000511,Li7,BN,BN,-0.83204,0.25433,-0.62097,-1.38054,0.37644,-1.1083,0.749195,263.465
T000511,Li7,BN,BN,-1.38054,0.37644,-1.1083,-1.38054,0.37644,-1.1083,0,0
T000512,alpha,BN,binder_void,0,0,0,0.61483,-0.1794,0.4566,0.786652,293.181
T000512,alpha,binder_void,ZnS,0.61483,-0.1794,0.4566,0.64674,-0.18885,0.48063,0.0410389,3.78051
T000512,alpha,ZnS,ZnS,0.64674,-0.18885,0.48063,4.2825,-1.26452,3.226421,4.73785,1173.04
T000512,alpha,ZnS,ZnS,4.2825,-1.26452,3.226421,4.2825,-1.26452,3.226421,0,0
T000513,Li7,BN,binder_void,0,0,0,0.2583,0.2968,0.21194,0.447131,266.132
T000513,Li7,binder_void,BN,0.2583,0.2968,0.21194,0.45089,0.5133,0.36579,0.328141,55.3764
T000513,Li7,BN,binder_void,0.45089,0.5133,0.36579,1.0443,1.1644,0.83499,1.00092,456.556
T000513,Li7,binder_void,BN,1.0443,1.1644,0.83499,1.10734,1.2629,0.90809,0.138642,9.36345
T000513,Li7,BN,BN,1.10734,1.2629,0.90809,1.36206,1.629,1.13094,0.584226,52.5722
T000513,Li7,BN,BN,1.36206,1.629,1.13094,1.36206,1.629,1.13094,0,0
T000514,alpha,BN,binder_void,0,0,0,-0.2792,-0.3209,-0.2291,0.483162,179.927
T000514,alpha,binder_void,BN,-0.2792,-0.3209,-0.2291,-0.5594,-0.6396,-0.4513,0.478982,69.9441
T000514,alpha,BN,binder_void,-0.5594,-0.6396,-0.4513,-1.0099,-1.1611,-0.81232,0.778092,337.248
T000514,alpha,binder_void,BN,-1.0099,-1.1611,-0.81232,-1.0904,-1.2513,-0.87763,0.137454,23.505
T000514,alpha,BN,binder_void,-1.0904,-1.2513,-0.87763,-1.5608,-1.7775,-1.25887,0.802438,348.716
T000514,alpha,binder_void,BN,-1.5608,-1.7775,-1.25887,-1.8381,-2.0763,-1.48159,0.464578,78.2405
T000514,alpha,BN,binder_void,-1.8381,-2.0763,-1.48159,-2.1606,-2.4201,-1.74092,0.538428,221.595
T000514,alpha,binder_void,BN,-2.1606,-2.4201,-1.74092,-2.1689,-2.4281,-1.7464,0.012809,2.43476
T000514,alpha,BN,binder_void,-2.1689,-2.4281,-1.7464,-2.5935,-2.8406,-2.02617,0.657494,165.243
T000514,alpha,binder_void,BN,-2.5935,-2.8406,-2.02617,-2.8234,-3.0201,-2.16174,0.325356,30.1277
T000514,alpha,BN,BN,-2.8234,-3.0201,-2.16174,-2.8975,-3.0525,-2.2357,0.11537,13.0184
T000514,alpha,BN,BN,-2.8975,-3.0525,-2.2357,-2.8975,-3.0525,-2.2357,0,0
T000515,Li7,BN,binder_void,0,0,0,-0.028,0.0494,0.35377,0.358412,223.294
T000515,Li7,binder_void,BN,-0.028,0.0494,0.35377,-0.0568,0.08,0.62131,0.27086,39.3786
T000515,Li7,BN,binder_void,-0.0568,0.08,0.62131,-0.0607,0.0888,0.70066,0.0799477,50.4088
T000515,Li7,binder_void,BN,-0.0607,0.0888,0.70066,-0.1184,0.2333,1.99316,1.30314,178.527
T000515,Li7,BN,binder_void,-0.1184,0.2333,1.99316,-0.1483,0.3109,2.68304,0.697486,267.024
T000515,Li7,binder_void,BN,-0.1483,0.3109,2.68304,-0.1566,0.274,2.87347,0.195019,11.9825
T000515,Li7,BN,BN,-0.1566,0.274,2.87347,-0.0823,0.1713,3.46067,0.671164,69.385
T000515,Li7,BN,BN,-0.0823,0.1713,3.46067,-0.0823,0.1713,3.46067,0,0
T000516,alpha,BN,binder_void,0,0,0,0.0471,-0.0831,-0.59505,0.602718,225.083
T000516,alpha,binder_void,ZnS,0.0471,-0.0831,-0.59505,0.0578,-0.1025,-0.73821,0.14486,23.5498
T000516,alpha,ZnS,binder_void,0.0578,-0.1025,-0.73821,0.36927,-0.674,-5.008366,4.35606,1102.99
T000516,alpha,binder_void,ZnS,0.36927,-0.674,-5.008366,0.48646,-0.7327,-5.35293,0.369361,27.0826
T000516,alpha,ZnS,ZnS,0.48646,-0.7327,-5.35293,0.62072,-0.7709,-6.01066,0.749223,91.2932
T000516,alpha,ZnS,ZnS,0.62072,-0.7709,-6.01066,0.62072,-0.7709,-6.01066,0,0
T000517,Li7,BN,binder_void,0,0,0,0.173,0.127903,0.15726,0.266546,165.823
T000517,Li7,binder_void,BN,0.173,0.127903,0.15726,0.378,0.281087,0.34483,0.317323,55.6731
T000517,Li7,BN,binder_void,0.378,0.281087,0.34483,1.017,0.757797,0.93303,0.992686,427.973
T000517,Li7,binder_void,BN,1.017,0.757797,0.93303,1.0233,0.761579,0.93827,0.00901787,1.07714
T000517,Li7,BN,BN,1.0233,0.761579,0.93827,1.7007,1.17152,1.50339,0.998216,189.454
T000517,Li7,BN,BN,1.7007,1.17152,1.50339,1.7007,1.17152,1.50339,0,0
T000518,alpha,BN,binder_void,0,0,0,-0.3686,-0.272576,-0.33515,0.56795,221.554
T000518,alpha,binder_void,BN,-0.3686,-0.272576,-0.33515,-1.2002,-0.883332,-1.10692,1.28863,200.632
T000518,alpha,BN,binder_void,-1.2002,-0.883332,-1.10692,-1.6683,-1.2313,-1.54951,0.732312,319.693
T000518,alpha,binder_void,BN,-1.6683,-1.2313,-1.54951,-3.9513,-2.90416,-3.73215,3.57686,594.638
T000518,alpha,BN,BN,-3.9513,-2.90416,-3.73215,-4.4665,-3.25831,-4.30165,0.86222,133.481
T000518,alpha,BN,BN,-4.4665,-3.25831,-4.30165,-4.4665,-3.25831,-4.30165,0,0
T000519,Li7,BN,binder_void,0,0,0,-0.0961,0.212635,0.22335,0.323102,207.057
T000519,Li7,binder_void,BN,-0.0961,0.212635,0.22335,-0.1535,0.34903,0.36738,0.206537,31.9411
T000519,Li7,BN,binder_void,-0.1535,0.34903,0.36738,-0.36,0.810411,0.85878,0.705903,343.682
T000519,Li7,binder_void,BN,-0.36,0.810411,0.85878,-0.4213,0.95966,1.02642,0.232796,28.6907
T000519,Li7,BN,binder_void,-0.4213,0.95966,1.02642,-0.659,1.54798,1.70846,0.944939,182.8
T000519,Li7,binder_void,binder_void,-0.659,1.54798,1.70846,-1.1239,2.07394,2.61292,1.30652,52.1081
T000519,Li7,binder_void,binder_void,-1.1239,2.07394,2.61292,-1.1239,2.07394,2.61292,0,0
T000520,alpha,BN,binder_void,0,0,0,0.1394,-0.308427,-0.32397,0.468554,176.032
T000520,alpha,binder_void,BN,0.1394,-0.308427,-0.32397,0.1952,-0.431553,-0.45048,0.185122,25.9423
T000520,alpha,BN,binder_void,0.1952,-0.431553,-0.45048,0.3687,-0.813253,-0.84173,0.57356,237.855
T000520,alpha,binder_void,BN,0.3687,-0.813253,-0.84173,0.5783,-1.26949,-1.29995,0.679762,113.501
T000520,alpha,BN,binder_void,0.5783,-1.26949,-1.29995,0.7503,-1.64068,-1.67562,0.555517,247.697
T000520,alpha,binder_void,BN,0.7503,-1.64068,-1.67562,0.8433,-1.85543,-1.88985,0.317304,49.2342
T000520,alpha,BN,binder_void,0.8433,-1.85543,-1.88985,1.1028,-2.47313,-2.50981,0.913454,426.134
T000520,alpha,binder_void,BN,1.1028,-2.47313,-2.50981,1.1917,-2.66371,-2.70001,0.283711,36.2106
T000520,alpha,BN,binder_void,1.1917,-2.66371,-2.70001,1.3271,-2.93601,-2.97637,0.412615,101.729
T000520,alpha,binder_void,BN,1.3271,-2.93601,-2.97637,1.4158,-3.18308,-3.16433,0.325178,29.2327
T000520,alpha,BN,BN,1.4158,-3.18308,-3.16433,1.4979,-3.42736,-3.34284,0.367681,26.4315
T000520,alpha,BN,BN,1.4979,-3.42736,-3.34284,1.4979,-3.42736,-3.34284,0,0
T000521,Li7,BN,binder_void,0,0,0,0.16469,-0.1221,0.38201,0.433711,278.501
T000521,Li7,binder_void,ZnS,0.16469,-0.1221,0.38201,0.20404,-0.1528,0.47586,0.106307,17.2641
T000521,Li7,ZnS,ZnS,0.20404,-0.1528,0.47586,0.80604,-0.82039,1.69941,1.53649,544.235
T000521,Li7,ZnS,ZnS,0.80604,-0.82039,1.69941,0.80604,-0.82039,1.69941,0,0
T000522,alpha,BN,binder_void,0,0,0,-0.15873,0.1177,-0.36819,0.417886,149.484
T000522,alpha,binder_void,BN,-0.15873,0.1177,-0.36819,-0.24433,0.1797,-0.56065,0.219576,29.0744
T000522,alpha,BN,binder_void,-0.24433,0.1797,-0.56065,-0.51196,0.3725,-1.166,0.689463,276.361
T000522,alpha,binder_void,BN,-0.51196,0.3725,-1.166,-0.53948,0.3939,-1.22642,0.0697588,11.4185
T000522,alpha,BN,binder_void,-0.53948,0.3939,-1.22642,-0.73314,0.5442,-1.65193,0.49113,213.788
T000522,alpha,binder_void,ZnS,-0.73314,0.5442,-1.65193,-0.77578,0.578,-1.74822,0.110595,16.3937
T000522,alpha,ZnS,binder_void,-0.77578,0.578,-1.74822,-1.91427,1.4679,-4.3069,2.97462,655.363
T000522,alpha,binder_void,ZnS,-1.91427,1.4679,-4.3069,-2.51943,1.7801,-4.9618,0.950157,71.6655
T000522,alpha,ZnS,ZnS,-2.51943,1.7801,-4.9618,-2.55542,1.8919,-5.1016,0.190155,7.94735
T000522,alpha,ZnS,ZnS,-2.55542,1.8919,-5.1016,-2.57039,1.9913,-5.2541,0.193288,30.5171
T000522,alpha,ZnS,ZnS,-2.57039,1.9913,-5.2541,-2.69726,2.0268,-5.2663,0.174183,2.21689
T000522,alpha,ZnS,ZnS,-2.69726,2.0268,-5.2663,-2.79841,2.0827,-5.3963,0.235898,3.26971
T000522,alpha,ZnS,ZnS,-2.79841,2.0827,-5.3963,-2.81013,2.0861,-5.3994,0.273542,2.50169
T000522,alpha,ZnS,ZnS,-2.81013,2.0861,-5.3994,-2.81013,2.0861,-5.3994,0,0
T000523,Li7,BN,binder_void,0,0,0,0.29251,0.0244,-0.40683,0.501894,298.127
T000523,Li7,binder_void,BN,0.29251,0.0244,-0.40683,0.30481,0.0264,-0.42091,0.018808,3.89735
T000523,Li7,BN,binder_void,0.30481,0.0264,-0.42091,0.84032,0.1171,-1.03179,0.819034,396.983
T000523,Li7,binder_void,BN,0.84032,0.1171,-1.03179,1.28028,0.2636,-1.50885,0.669225,52.5852
T000523,Li7,BN,BN,1.28028,0.2636,-1.50885,1.66907,0.4555,-2.0579,0.75831,88.4068
T000523,Li7,BN,BN,1.66907,0.4555,-2.0579,1.66907,0.4555,-2.0579,0,0
T000524,alpha,BN,binder_void,0,0,0,-0.21056,-0.0175,0.29286,0.361139,139.003
T000524,alpha,binder_void,ZnS,-0.21056,-0.0175,0.29286,-0.26854,-0.0216,0.37493,0.100565,10.3755
T000524,alpha,ZnS,binder_void,-0.26854,-0.0216,0.37493,-2.07021,-0.1408,2.90268,3.11939,1094.34
T000524,alpha,binder_void,BN,-2.07021,-0.1408,2.90268,-2.46064,-0.1267,3.4087,0.639925,95.1437
T000524,alpha,BN,binder_void,-2.46064,-0.1267,3.4087,-2.68521,-0.1175,3.70525,0.374036,103.86
T000524,alpha,binder_void,BN,-2.68521,-0.1175,3.70525,-2.97621,-0.1367,4.08239,0.499978,21.0694
T000524,alpha,BN,BN,-2.97621,-0.1367,4.08239,-2.99704,-0.1451,4.09534,0.0269989,1.43238
T000524,alpha,BN,BN,-2.99704,-0.1451,4.09534,-3.02947,-0.1525,4.10175,0.0368097,1.01546
T000524,alpha,BN,BN,-3.02947,-0.1525,4.10175,-3.03573,-0.1284,4.08229,0.0353721,2.24222
T000524,alpha,BN,BN,-3.03573,-0.1284,4.08229,-3.01904,-0.1052,4.08909,0.0385342,1.21023
T000524,alpha,BN,BN,-3.01904,-0.1052,4.08909,-3.01693,-0.1016,4.09832,0.0315182,0.305214
T000524,alpha,BN,BN,-3.01693,-0.1016,4.09832,-3.01693,-0.1016,4.09832,0,0
T000525,Li7,BN,binder_void,0,0,0,0.06819,0.1507,0.05101,0.173105,111.424
T000525,Li7,binder_void,BN,0.06819,0.1507,0.05101,0.35435,0.8082,0.27519,0.751525,120.858
T000525,Li7,BN,binder_void,0.35435,0.8082,0.27519,0.72895,1.6506,0.59106,0.976474,459.495
T000525,Li7,binder_void,BN,0.72895,1.6506,0.59106,0.99803,2.0387,0.85722,0.544432,50.9268
T000525,Li7,BN,BN,0.99803,2.0387,0.85722,1.41659,2.5189,1.23726,0.796278,97.2964
T000525,Li7,BN,BN,1.41659,2.5189,1.23726,1.41659,2.5189,1.23726,0,0
T000526,alpha,BN,binder_void,0,0,0,-0.27149,-0.5999,-0.20308,0.689171,273.163
T000526,alpha,binder_void,ZnS,-0.27149,-0.5999,-0.20308,-0.30721,-0.6808,-0.22987,0.0923618,14.8312
T000526,alpha,ZnS,binder_void,-0.30721,-0.6808,-0.22987,-1.46768,-3.3215,-1.1101,3.03102,1066.79
T000526,alpha,binder_void,BN,-1.46768,-3.3215,-1.1101,-1.63438,-4.3245,-1.4849,1.09138,108.382
T000526,alpha,BN,BN,-1.63438,-4.3245,-1.4849,-1.64958,-4.3538,-1.4952,0.0362317,0.921783
T000526,alpha,BN,BN,-1.64958,-4.3538,-1.4952,-1.65548,-4.37528,-1.52453,0.0392246,1.44314
T000526,alpha,BN,BN,-1.65548,-4.37528,-1.52453,-1.65238,-4.41118,-1.53747,0.0424848,4.4702
T000526,alpha,BN,BN,-1.65238,-4.41118,-1.53747,-1.65238,-4.41118,-1.53747,0,0
T000527,Li7,BN,binder_void,0,0,0,-0.13578,-0.3586,0.36057,0.526619,326.941
T000527,Li7,binder_void,ZnS,-0.13578,-0.3586,0.36057,-0.27761,-0.7854,0.76437,0.604669,91.0785
T000527,Li7,ZnS,ZnS,-0.27761,-0.7854,0.76437,-0.59101,-1.7861,1.71971,1.47679,421.98
T000527,Li7,ZnS,ZnS,-0.59101,-1.7861,1.71971,-0.59101,-1.7861,1.71971,0,0
T000528,alpha,BN,binder_void,0,0,0,0.05846,0.1544,-0.15522,0.2266,81.7349
T000528,alpha,binder_void,BN,0.05846,0.1544,-0.15522,0.1801,0.4755,-0.47703,0.47064,74.9915
T000528,alpha,BN,binder_void,0.1801,0.4755,-0.47703,0.25338,0.6737,-0.67591,0.290172,112.711
T000528,alpha,binder_void,BN,0.25338,0.6737,-0.67591,0.38015,1.0135,-1.01575,0.497004,77.2857
T000528,alpha,BN,binder_void,0.38015,1.0135,-1.01575,0.57116,1.5157,-1.52636,0.741355,323.206
T000528,alpha,binder_void,BN,0.57116,1.5157,-1.52636,0.64159,1.7011,-1.71526,0.273898,53.1197
T000528,alpha,BN,binder_void,0.64159,1.7011,-1.71526,0.72327,1.9139,-1.93381,0.315848,140.921
T000528,alpha,binder_void,ZnS,0.72327,1.9139,-1.93381,0.8129,2.1578,-2.18547,0.361753,63.7449
T000528,alpha,ZnS,ZnS,0.8129,2.1578,-2.18547,1.51206,4.0767,-4.2514,2.99453,542.284
T000528,alpha,ZnS,ZnS,1.51206,4.0767,-4.2514,1.51206,4.0767,-4.2514,0,0
T000529,Li7,BN,binder_void,0,0,0,0.26399,0.022,-0.03771,0.267644,174.225
T000529,Li7,binder_void,BN,0.26399,0.022,-0.03771,0.54295,0.04169,-0.07981,0.282832,46.8725
T000529,Li7,BN,binder_void,0.54295,0.04169,-0.07981,1.07473,0.08523,-0.15738,0.539658,294.01
T000529,Li7,binder_void,BN,1.07473,0.08523,-0.15738,1.48602,0.12582,-0.23158,0.420205,48.7769
T000529,Li7,BN,binder_void,1.48602,0.12582,-0.23158,2.12395,0.16378,-0.35099,0.653653,188.927
T000529,Li7,binder_void,BN,2.12395,0.16378,-0.35099,2.5761,0.24323,-0.45789,0.476204,31.0662
T000529,Li7,BN,BN,2.5761,0.24323,-0.45789,3.02203,0.40575,-0.62912,0.572089,56.1221
T000529,Li7,BN,BN,3.02203,0.40575,-0.62912,3.02203,0.40575,-0.62912,0,0
T000530,alpha,BN,binder_void,0,0,0,-0.2354,-0.01962,0.03363,0.238605,84.1804
T000530,alpha,binder_void,BN,-0.2354,-0.01962,0.03363,-0.3689,-0.03126,0.05192,0.135252,21.3275
T000530,alpha,BN,binder_void,-0.3689,-0.03126,0.05192,-1.24485,-0.10264,0.17625,0.887724,367.919
T000530,alpha,binder_void,ZnS,-1.24485,-0.10264,0.17625,-1.56179,-0.11942,0.21986,0.320381,60.5036
T000530,alpha,ZnS,binder_void,-1.56179,-0.11942,0.21986,-2.95062,-0.19598,0.41137,1.40839,533.674
T000530,alpha,binder_void,ZnS,-2.95062,-0.19598,0.41137,-5.658403,-0.1036,1.06421,2.79223,297.911
T000530,alpha,ZnS,ZnS,-5.658403,-0.1036,1.06421,-6.442486,-0.38833,1.31437,0.96585,104.485
T000530,alpha,ZnS,ZnS,-6.442486,-0.38833,1.31437,-6.442486,-0.38833,1.31437,0,0
T000531,Li7,BN,binder_void,0,0,0,0.4931,0.51266,0.24386,0.752516,428.903
T000531,Li7,binder_void,BN,0.4931,0.51266,0.24386,0.86826,0.92142,0.46042,0.595998,79.6844
T000531,Li7,BN,BN,0.86826,0.92142,0.46042,1.40173,1.53541,0.78706,0.881599,332.18
T000531,Li7,BN,BN,1.40173,1.53541,0.78706,1.40173,1.53541,0.78706,0,0
T000532,alpha,BN,binder_void,0,0,0,-0.05568,-0.05789,-0.02753,0.0849054,28.7786
T000532,alpha,binder_void,BN,-0.05568,-0.05789,-0.02753,-0.34604,-0.36252,-0.17018,0.444371,61.6561
T000532,alpha,BN,binder_void,-0.34604,-0.36252,-0.17018,-0.58433,-0.61135,-0.28733,0.363924,140.361
T000532,alpha,binder_void,BN,-0.58433,-0.61135,-0.28733,-0.82465,-0.8587,-0.40426,0.36416,50.1917
T000532,alpha,BN,binder_void,-0.82465,-0.8587,-0.40426,-1.29766,-1.34736,-0.63741,0.71906,284.644
T000532,alpha,binder_void,BN,-1.29766,-1.34736,-0.63741,-1.34129,-1.38671,-0.65576,0.0615487,10.814
T000532,alpha,BN,binder_void,-1.34129,-1.38671,-0.65576,-1.80414,-1.8061,-0.85026,0.654333,315.857
T000532,alpha,binder_void,BN,-1.80414,-1.8061,-0.85026,-2.04771,-2.0242,-0.95471,0.343257,64.6828
T000532,alpha,BN,binder_void,-2.04771,-2.0242,-0.95471,-2.53269,-2.45871,-1.16835,0.685797,228.943
T000532,alpha,binder_void,BN,-2.53269,-2.45871,-1.16835,-2.72321,-2.63595,-1.26043,0.276106,40.5382
T000532,alpha,BN,binder_void,-2.72321,-2.63595,-1.26043,-3.25396,-3.11275,-1.50451,0.756806,176.148
T000532,alpha,binder_void,ZnS,-3.25396,-3.11275,-1.50451,-3.77914,-3.63332,-1.75046,0.790259,27.8075
T000532,alpha,ZnS,ZnS,-3.77914,-3.63332,-1.75046,-3.89984,-3.77387,-1.82491,0.211869,27.3918
T000532,alpha,ZnS,binder_void,-3.89984,-3.77387,-1.82491,-3.84022,-3.79796,-1.84043,0.100053,6.32624
T000532,alpha,binder_void,binder_void,-3.84022,-3.79796,-1.84043,-3.79321,-3.7189,-1.83115,0.0977333,1.1021
T000532,alpha,binder_void,binder_void,-3.79321,-3.7189,-1.83115,-3.77621,-3.6644,-1.84522,0.0617871,1.19515
T000532,alpha,binder_void,binder_void,-3.77621,-3.6644,-1.84522,-3.78738,-3.59449,-1.8849,0.0905499,0.956649
T000532,alpha,binder_void,binder_void,-3.78738,-3.59449,-1.8849,-3.83622,-3.5411,-1.89773,0.0858485,0.999038
T000532,alpha,binder_void,ZnS,-3.83622,-3.5411,-1.89773,-3.8473,-3.54339,-1.8932,0.0140901,0.20611
T000532,alpha,ZnS,ZnS,-3.8473,-3.54339,-1.8932,-3.84871,-3.54413,-1.88458,0.0441944,0.821197
T000532,alpha,ZnS,ZnS,-3.84871,-3.54413,-1.88458,-3.84754,-3.54524,-1.88033,0.0366741,0.579252
T000532,alpha,ZnS,ZnS,-3.84754,-3.54524,-1.88033,-3.84754,-3.54524,-1.88033,0,0
T000533,Li7,BN,binder_void,0,0,0,-0.05534,-0.003935,-0.007736,0.056017,36.0221
T000533,Li7,binder_void,BN,-0.05534,-0.003935,-0.007736,-0.42905,-0.029513,-0.062055,0.378552,63.0743
T000533,Li7,BN,binder_void,-0.42905,-0.029513,-0.062055,-1.15594,-0.074473,-0.165298,0.736241,378.121
T000533,Li7,binder_void,BN,-1.15594,-0.074473,-0.165298,-1.29528,-0.083003,-0.196124,0.142991,17.9898
T000533,Li7,BN,binder_void,-1.29528,-0.083003,-0.196124,-2.00147,-0.132483,-0.349608,0.727299,245.182
T000533,Li7,binder_void,ZnS,-2.00147,-0.132483,-0.349608,-2.09227,-0.146663,-0.371839,0.0946904,7.20263
T000533,Li7,ZnS,ZnS,-2.09227,-0.146663,-0.371839,-2.34691,-0.297793,-0.464565,0.325343,92.4082
T000533,Li7,ZnS,ZnS,-2.34691,-0.297793,-0.464565,-2.34691,-0.297793,-0.464565,0,0
T000534,alpha,BN,binder_void,0,0,0,0.54231,0.038564,0.075814,0.548981,206.895
T000534,alpha,binder_void,BN,0.54231,0.038564,0.075814,2.56699,0.176322,0.342183,2.04704,333.445
T000534,alpha,BN,binder_void,2.56699,0.176322,0.342183,2.93299,0.202344,0.3902,0.370052,162.892
T000534,alpha,binder_void,BN,2.93299,0.202344,0.3902,3.09269,0.210612,0.412679,0.161569,28.5858
T000534,alpha,BN,binder_void,3.09269,0.210612,0.412679,3.88829,0.254583,0.523113,0.804766,371.135
T000534,alpha,binder_void,BN,3.88829,0.254583,0.523113,4.08789,0.252633,0.55125,0.201561,38.1861
T000534,alpha,BN,binder_void,4.08789,0.252633,0.55125,4.86709,0.242431,0.66029,0.788539,264.612
T000534,alpha,binder_void,ZnS,4.86709,0.242431,0.66029,5.53919,0.285801,0.778351,0.692668,56.7414
T000534,alpha,ZnS,ZnS,5.53919,0.285801,0.778351,5.57469,0.249653,0.798331,0.0990862,1.31531
T000534,alpha,ZnS,binder_void,5.57469,0.249653,0.798331,5.56109,0.252368,0.797484,0.0168717,0.241675
T000534,alpha,binder_void,binder_void,5.56109,0.252368,0.797484,5.49689,0.260938,0.843762,0.083325,1.37538
T000534,alpha,binder_void,binder_void,5.49689,0.260938,0.843762,5.44819,0.277866,0.892336,0.0755464,0.690287
T000534,alpha,binder_void,BN,5.44819,0.277866,0.892336,5.42219,0.29576,0.948719,0.07956,1.67021
T000534,alpha,BN,BN,5.42219,0.29576,0.948719,5.41959,0.30281,0.963759,0.0220547,0.959866
T000534,alpha,BN,BN,5.41959,0.30281,0.963759,5.42729,0.312749,0.970653,0.0179708,0.605472
T000534,alpha,BN,BN,5.42729,0.312749,0.970653,5.44189,0.311192,0.974769,0.0214706,0.650266
T000534,alpha,BN,BN,5.44189,0.311192,0.974769,5.44189,0.311192,0.974769,0,0
T000535,Li7,BN,binder_void,0,0,0,-0.09098,0.629463,-0.220434,0.673561,398.134
T000535,Li7,binder_void,ZnS,-0.09098,0.629463,-0.220434,-0.20462,1.619685,-0.605931,1.06988,144.836
T000535,Li7,ZnS,ZnS,-0.20462,1.619685,-0.605931,-0.2692,2.993217,-0.711161,1.42732,230.349
T000535,Li7,ZnS,ZnS,-0.2692,2.993217,-0.711161,-0.18482,3.374587,-0.462467,0.937294,66.6804
T000535,Li7,ZnS,ZnS,-0.18482,3.374587,-0.462467,-0.18482,3.374587,-0.462467,0,0
T000536,alpha,BN,binder_void,0,0,0,0.00617,-0.042713,0.01496,0.0456808,14.9679
T000536,alpha,binder_void,BN,0.00617,-0.042713,0.01496,0.26551,-1.816663,0.632263,1.89628,272.237
T000536,alpha,BN,binder_void,0.26551,-1.816663,0.632263,0.41078,-2.737803,0.949911,0.985346,413.503
T000536,alpha,binder_void,BN,0.41078,-2.737803,0.949911,0.54309,-3.519833,1.209392,0.834624,139.199
T000536,alpha,BN,binder_void,0.54309,-3.519833,1.209392,0.60378,-4.174843,1.438309,0.696852,316.505
T000536,alpha,binder_void,ZnS,0.60378,-4.174843,1.438309,0.71237,-5.251413,1.795919,1.14075,136.822
T000536,alpha,ZnS,binder_void,0.71237,-5.251413,1.795919,0.96568,-6.331943,2.163249,1.25271,113.588
T000536,alpha,binder_void,ZnS,0.96568,-6.331943,2.163249,1.0013,-6.615053,2.279309,0.309695,32.7415
T000536,alpha,ZnS,ZnS,1.0013,-6.615053,2.279309,1.00983,-6.771243,2.280809,0.167885,14.7161
T000536,alpha,ZnS,ZnS,1.00983,-6.771243,2.280809,1.05814,-6.871623,2.276319,0.164508,15.7208
T000536,alpha,ZnS,ZnS,1.05814,-6.871623,2.276319,1.05814,-6.871623,2.276319,0,0
T000537,Li7,BN,binder_void,0,0,0,0.06951,-0.74124,0.45886,0.875328,528.812
T000537,Li7,binder_void,ZnS,0.06951,-0.74124,0.45886,0.10042,-1.14926,0.67399,0.462696,53.6804
T000537,Li7,ZnS,binder_void,0.10042,-1.14926,0.67399,0.13498,-2.174,1.20195,1.25175,226.357
T000537,Li7,binder_void,BN,0.13498,-2.174,1.20195,0.07107,-2.44721,1.4509,0.39854,19.2807
T000537,Li7,BN,BN,0.07107,-2.44721,1.4509,0.06795,-2.47259,1.49826,0.0611621,7.73279
T000537,Li7,BN,binder_void,0.06795,-2.47259,1.49826,0.0685,-2.47277,1.50028,0.00216617,0.269876
T000537,Li7,binder_void,binder_void,0.0685,-2.47277,1.50028,0.10034,-2.44872,1.54141,0.0740981,2.35957
T000537,Li7,binder_void,binder_void,0.10034,-2.44872,1.54141,0.08079,-2.47968,1.49901,0.0836469,1.52045
T000537,Li7,binder_void,binder_void,0.08079,-2.47968,1.49901,0.08079,-2.47968,1.49901,0,0
T000538,alpha,BN,binder_void,0,0,0,-0.0004,0.00426,-0.00263,0.00502886,1.00796
T000538,alpha,binder_void,BN,-0.0004,0.00426,-0.00263,-0.02016,0.214987,-0.13299,0.248578,38.9685
T000538,alpha,BN,binder_void,-0.02016,0.214987,-0.13299,-0.09085,0.977395,-0.59861,0.89626,364.84
T000538,alpha,binder_void,BN,-0.09085,0.977395,-0.59861,-0.10378,1.1411418,-0.69628,0.191106,23.379
T000538,alpha,BN,binder_void,-0.10378,1.1411418,-0.69628,-0.15288,1.732334,-1.04829,0.68993,311.508
T000538,alpha,binder_void,BN,-0.15288,1.732334,-1.04829,-0.16666,1.896733,-1.14953,0.193571,31.2655
T000538,alpha,BN,binder_void,-0.16666,1.896733,-1.14953,-0.21109,2.3164,-1.41687,0.499704,213.89
T000538,alpha,binder_void,BN,-0.21109,2.3164,-1.41687,-0.23261,2.52158,-1.543088,0.241872,45.3256
T000538,alpha,BN,binder_void,-0.23261,2.52158,-1.543088,-0.31939,3.30634,-2.021398,0.924424,356.348
T000538,alpha,binder_void,BN,-0.31939,3.30634,-2.021398,-0.33341,3.47893,-2.112091,0.195849,20.2119
T000538,alpha,BN,BN,-0.33341,3.47893,-2.112091,-0.39537,3.96912,-2.357297,0.581205,63.2551
T000538,alpha,BN,BN,-0.39537,3.96912,-2.357297,-0.39537,3.96912,-2.357297,0,0
T000539,Li7,BN,binder_void,0,0,0,-0.31744,-0.50843,-0.26174,0.654338,441.376
T000539,Li7,binder_void,BN,-0.31744,-0.50843,-0.26174,-1.04118,-1.66381,-0.95934,1.53306,214.751
T000539,Li7,BN,binder_void,-1.04118,-1.66381,-0.95934,-1.33626,-2.1056,-1.25436,0.609517,244.49
T000539,Li7,binder_void,BN,-1.33626,-2.1056,-1.25436,-1.7273,-2.56067,-1.606591,0.70249,46.4588
T000539,Li7,BN,BN,-1.7273,-2.56067,-1.606591,-2.05776,-2.9394,-1.898184,0.654218,65.9248
T000539,Li7,BN,BN,-2.05776,-2.9394,-1.898184,-2.05776,-2.9394,-1.898184,0,0
T000540,alpha,BN,binder_void,0,0,0,0.00327,0.00522,0.0027,0.00672415,2.74012
T000540,alpha,binder_void,BN,0.00327,0.00522,0.0027,0.18976,0.303825,0.15588,0.383944,45.6164
T000540,alpha,BN,binder_void,0.18976,0.303825,0.15588,0.41019,0.656911,0.33865,0.454624,158.379
T000540,alpha,binder_void,BN,0.41019,0.656911,0.33865,0.64022,1.016001,0.53043,0.467597,58.1081
T000540,alpha,BN,binder_void,0.64022,1.016001,0.53043,0.94077,1.487024,0.78328,0.613339,207.617
T000540,alpha,binder_void,ZnS,0.94077,1.487024,0.78328,0.96073,1.518942,0.80017,0.0412628,7.84749
T000540,alpha,ZnS,binder_void,0.96073,1.518942,0.80017,1.93794,3.09348,1.63426,2.03735,778.487
T000540,alpha,binder_void,BN,1.93794,3.09348,1.63426,2.1743,3.42172,1.85504,0.460879,79.1453
T000540,alpha,BN,binder_void,2.1743,3.42172,1.85504,2.64136,4.07435,2.28883,0.913554,331.622
T000540,alpha,binder_void,ZnS,2.64136,4.07435,2.28883,2.88532,4.39661,2.48584,0.450977,37.9786
T000540,alpha,ZnS,ZnS,2.88532,4.39661,2.48584,3.19814,4.5851,2.79513,0.507456,68.0938
T000540,alpha,ZnS,ZnS,3.19814,4.5851,2.79513,3.19817,4.58454,2.79661,0.105857,0.364966
T000540,alpha,ZnS,ZnS,3.19817,4.58454,2.79661,3.19817,4.58454,2.79661,0,0
T000541,Li7,BN,binder_void,0,0,0,-0.0109,-0.0135,0.038657,0.0423922,27.1709
T000541,Li7,binder_void,ZnS,-0.0109,-0.0135,0.038657,-0.0135,-0.0167,0.047575,0.00978183,2.5316
T000541,Li7,ZnS,ZnS,-0.0135,-0.0167,0.047575,-0.5791,-0.6029,1.427423,1.61186,768.767
T000541,Li7,ZnS,ZnS,-0.5791,-0.6029,1.427423,-0.6877,-0.74854,1.610482,0.739721,41.5308
T000541,Li7,ZnS,ZnS,-0.6877,-0.74854,1.610482,-0.6877,-0.74854,1.610482,0,0
T000542,alpha,BN,binder_void,0,0,0,0.2132,0.2643,-0.754638,0.827622,319.061
T000542,alpha,binder_void,ZnS,0.2132,0.2643,-0.754638,0.2332,0.2882,-0.823268,0.075359,13.9658
T000542,alpha,ZnS,binder_void,0.2332,0.2882,-0.823268,1.2638,1.5163,-4.351358,3.90705,881.219
T000542,alpha,binder_void,BN,1.2638,1.5163,-4.351358,1.2857,1.5381,-4.457698,0.110759,16.0609
T000542,alpha,BN,binder_void,1.2857,1.5381,-4.457698,1.3786,1.623,-4.887968,0.449152,140.022
T000542,alpha,binder_void,ZnS,1.3786,1.623,-4.887968,1.4208,1.6603,-5.074448,0.195085,19.8218
T000542,alpha,ZnS,ZnS,1.4208,1.6603,-5.074448,1.6744,1.8066,-5.471598,0.516548,56.7125
T000542,alpha,ZnS,ZnS,1.6744,1.8066,-5.471598,1.5805,1.9693,-5.858578,0.549837,4.35765
T000542,alpha,ZnS,ZnS,1.5805,1.9693,-5.858578,1.4508,2.2935,-5.927218,0.529428,18.7786
T000542,alpha,ZnS,ZnS,1.4508,2.2935,-5.927218,1.4508,2.2935,-5.927218,0,0
T000543,Li7,BN,binder_void,0,0,0,0.0024,0.0479,0.03232,0.0578235,39.2296
T000543,Li7,binder_void,ZnS,0.0024,0.0479,0.03232,0.0028,0.0577,0.038977,0.0119073,1.56775
T000543,Li7,ZnS,ZnS,0.0028,0.0577,0.038977,0.1373,1.4677,0.7818,1.60902,681.92
T000543,Li7,ZnS,ZnS,0.1373,1.4677,0.7818,0.2617,2.1378,1.028007,0.920374,117.283
T000543,Li7,ZnS,ZnS,0.2617,2.1378,1.028007,0.2617,2.1378,1.028007,0,0
T000544,alpha,BN,binder_void,0,0,0,-0.025,-0.5024,-0.339124,0.606743,234.889
T000544,alpha,binder_void,BN,-0.025,-0.5024,-0.339124,-0.0307,-0.6289,-0.424075,0.152451,25.4001
T000544,alpha,BN,binder_void,-0.0307,-0.6289,-0.424075,-0.0575,-1.20289,-0.810068,0.692322,261.155
T000544,alpha,binder_void,BN,-0.0575,-1.20289,-0.810068,-0.0723,-1.52021,-1.020538,0.381076,71.9194
T000544,alpha,BN,binder_void,-0.0723,-1.52021,-1.020538,-0.0994,-1.9455,-1.293788,0.506329,227.777
T000544,alpha,binder_void,BN,-0.0994,-1.9455,-1.293788,-0.1285,-2.29648,-1.516298,0.416621,74.922
T000544,alpha,BN,binder_void,-0.1285,-2.29648,-1.516298,-0.2029,-3.123,-2.034078,0.979002,371.181
T000544,alpha,binder_void,BN,-0.2029,-3.123,-2.034078,-0.2473,-3.65359,-2.392148,0.642451,94.7896
T000544,alpha,BN,binder_void,-0.2473,-3.65359,-2.392148,-0.2766,-4.17662,-2.732278,0.63483,81.7672
T000544,alpha,binder_void,ZnS,-0.2766,-4.17662,-2.732278,-0.2761,-4.21264,-2.754178,0.0423059,2.94391
T000544,alpha,ZnS,ZnS,-0.2761,-4.21264,-2.754178,-0.3389,-4.30215,-2.834908,0.149395,23.5524
T000544,alpha,ZnS,ZnS,-0.3389,-4.30215,-2.834908,-0.3389,-4.30215,-2.834908,0,0
T000545,Li7,BN,binder_void,0,0,0,0.499696,0.31421,0.61776,0.855179,490.028
T000545,Li7,binder_void,BN,0.499696,0.31421,0.61776,0.641902,0.40285,0.79667,0.245215,32.8808
T000545,Li7,BN,binder_void,0.641902,0.40285,0.79667,0.827212,0.51641,1.03033,0.319678,131.338
T000545,Li7,binder_void,ZnS,0.827212,0.51641,1.03033,0.914207,0.57338,1.14255,0.153107,14.4048
T000545,Li7,ZnS,ZnS,0.914207,0.57338,1.14255,1.377543,0.94976,1.80748,1.02199,146.394
T000545,Li7,ZnS,ZnS,1.377543,0.94976,1.80748,1.325502,1.01129,1.90888,0.573406,24.955
T000545,Li7,ZnS,ZnS,1.325502,1.01129,1.90888,1.325502,1.01129,1.90888,0,0
T000546,alpha,BN,binder_void,0,0,0,-0.066869,-0.04205,-0.08267,0.114341,45.1904
T000546,alpha,binder_void,BN,-0.066869,-0.04205,-0.08267,-0.156189,-0.09661,-0.19174,0.151171,26.6534
T000546,alpha,BN,binder_void,-0.156189,-0.09661,-0.19174,-0.536301,-0.32664,-0.653723,0.641024,241.854
T000546,alpha,binder_void,BN,-0.536301,-0.32664,-0.653723,-1.461311,-0.88754,-1.79712,1.57423,263.6
T000546,alpha,BN,binder_void,-1.461311,-0.88754,-1.79712,-1.868821,-1.14157,-2.301893,0.696877,286.361
T000546,alpha,binder_void,ZnS,-1.868821,-1.14157,-2.301893,-1.966501,-1.20355,-2.42329,0.167696,33.0849
T000546,alpha,ZnS,ZnS,-1.966501,-1.20355,-2.42329,-3.705211,-2.31311,-4.59505,3.08097,573.257
T000546,alpha,ZnS,ZnS,-3.705211,-2.31311,-4.59505,-3.705211,-2.31311,-4.59505,0,0
T000547,Li7,BN,binder_void,0,0,0,0.7562823,0.14996,0.02616,0.772045,456.576
T000547,Li7,binder_void,ZnS,0.7562823,0.14996,0.02616,1.057314,0.18173,0.03087,0.302855,40.5055
T000547,Li7,ZnS,ZnS,1.057314,0.18173,0.03087,2.387909,0.58535,0.29778,1.45438,346.995
T000547,Li7,ZnS,ZnS,2.387909,0.58535,0.29778,2.387909,0.58535,0.29778,0,0
T000548,alpha,BN,binder_void,0,0,0,-0.124148,-0.02462,-0.00429,0.12664,46.0118
T000548,alpha,binder_void,BN,-0.124148,-0.02462,-0.00429,-0.200882,-0.03794,-0.00519,0.0778877,11.8261
T000548,alpha,BN,binder_void,-0.200882,-0.03794,-0.00519,-1.140251,-0.19987,-0.01798,0.953452,366.501
T000548,alpha,binder_void,BN,-1.140251,-0.19987,-0.01798,-1.302261,-0.22788,-0.01881,0.164412,28.1897
T000548,alpha,BN,binder_void,-1.302261,-0.22788,-0.01881,-1.974691,-0.34081,-0.01991,0.681979,311.615
T000548,alpha,binder_void,ZnS,-1.974691,-0.34081,-0.01991,-2.522251,-0.42236,-0.02327,0.553664,93.5878
T000548,alpha,ZnS,ZnS,-2.522251,-0.42236,-0.02327,-5.592721,-0.89521,-0.07525,3.18887,612.269
T000548,alpha,ZnS,ZnS,-5.592721,-0.89521,-0.07525,-5.592721,-0.89521,-0.07525,0,0
T000549,Li7,BN,binder_void,0,0,0,-0.0134,-0.14192,0.390567,0.415928,269.669
T000549,Li7,binder_void,BN,-0.0134,-0.14192,0.390567,-0.02082,-0.226,0.622243,0.246609,36.2363
T000549,Li7,BN,binder_void,-0.02082,-0.226,0.622243,-0.05341,-0.55312,1.512036,0.950933,489.469
T000549,Li7,binder_void,BN,-0.05341,-0.55312,1.512036,-0.04992,-0.57051,1.543969,0.0366251,3.45861
T000549,Li7,BN,BN,-0.04992,-0.57051,1.543969,0.1159,-0.82726,1.811928,0.433424,51.9646
T000549,Li7,BN,BN,0.1159,-0.82726,1.811928,0.1159,-0.82726,1.811928,0,0
T000550,alpha,BN,binder_void,0,0,0,0.00109,0.01151,-0.03167,0.0337167,9.68318
T000550,alpha,binder_void,ZnS,0.00109,0.01151,-0.03167,0.02735,0.30176,-0.83151,0.851312,122.115
T000550,alpha,ZnS,binder_void,0.02735,0.30176,-0.83151,0.08933,1.17043,-3.19185,2.52365,933.395
T000550,alpha,binder_void,BN,0.08933,1.17043,-3.19185,0.10038,1.41298,-4.04167,0.88424,160.772
T000550,alpha,BN,BN,0.10038,1.41298,-4.04167,0.12297,1.66188,-4.9794,0.975669,244.035
T000550,alpha,BN,BN,0.12297,1.66188,-4.9794,0.12297,1.66188,-4.9794,0,0
T000551,Li7,BN,binder_void,0,0,0,0.47441,0.2113,-0.19827,0.556187,325.211
T000551,Li7,binder_void,BN,0.47441,0.2113,-0.19827,0.52035,0.23047,-0.21619,0.0529117,6.42804
T000551,Li7,BN,binder_void,0.52035,0.23047,-0.21619,1.30152,0.5571,-0.51982,0.901783,440.619
T000551,Li7,binder_void,BN,1.30152,0.5571,-0.51982,1.75712,0.80586,-0.72472,0.569553,34.7286
T000551,Li7,BN,BN,1.75712,0.80586,-0.72472,1.92866,0.85095,-0.83843,0.219423,25.6846
T000551,Li7,BN,BN,1.92866,0.85095,-0.83843,1.93737,0.85504,-0.90234,0.218139,7.32919
T000551,Li7,BN,BN,1.93737,0.85504,-0.90234,1.93737,0.85504,-0.90234,0,0
T000552,alpha,BN,binder_void,0,0,0,-0.02152,-0.00958,0.00899,0.0252176,9.08476
T000552,alpha,binder_void,BN,-0.02152,-0.00958,0.00899,-0.3999,-0.17806,0.16671,0.44321,65.0273
T000552,alpha,BN,binder_void,-0.3999,-0.17806,0.16671,-0.781425,-0.34823,0.3268,0.447412,175.115
T000552,alpha,binder_void,BN,-0.781425,-0.34823,0.3268,-1.5940764,-0.71136,0.667216,0.953031,143.397
T000552,alpha,BN,binder_void,-1.5940764,-0.71136,0.667216,-2.413471,-1.07879,1.01023,0.961525,429.851
T000552,alpha,binder_void,BN,-2.413471,-1.07879,1.01023,-2.62068,-1.16889,1.093724,0.240896,40.8256
T000552,alpha,BN,binder_void,-2.62068,-1.16889,1.093724,-2.91076,-1.29656,1.211337,0.338135,145.633
T000552,alpha,binder_void,BN,-2.91076,-1.29656,1.211337,-3.51916,-1.55431,1.466306,0.708429,120.499
T000552,alpha,BN,binder_void,-3.51916,-1.55431,1.466306,-3.87847,-1.69895,1.603609,0.411318,181.457
T000552,alpha,binder_void,BN,-3.87847,-1.69895,1.603609,-3.93977,-1.7212,1.624833,0.0685895,6.55488
T000552,alpha,BN,binder_void,-3.93977,-1.7212,1.624833,-4.20866,-1.81139,1.712906,0.29785,86.2917
T000552,alpha,binder_void,BN,-4.20866,-1.81139,1.712906,-4.5909,-1.93466,1.869202,0.434031,39.0824
T000552,alpha,BN,binder_void,-4.5909,-1.93466,1.869202,-4.78832,-2.00368,1.985047,0.258439,14.7354
T000552,alpha,binder_void,BN,-4.78832,-2.00368,1.985047,-4.78832,-2.00368,1.985047,0,0
T000552,alpha,BN,BN,-4.78832,-2.00368,1.985047,-4.77999,-2.09815,1.992677,0.106119,3.05728
T000552,alpha,BN,BN,-4.77999,-2.09815,1.992677,-4.79284,-2.17611,1.998372,0.0929222,9.38924
T000552,alpha,BN,BN,-4.79284,-2.17611,1.998372,-4.79284,-2.17611,1.998372,0,0
T000553,Li7,BN,binder_void,0,0,0,-0.0127,0.2995,-0.014618,0.300284,191.945
T000553,Li7,binder_void,binder_void,-0.0127,0.2995,-0.014618,-0.1343,2.2095,-0.2565081,1.93052,275.368
T000553,Li7,binder_void,ZnS,-0.1343,2.2095,-0.2565081,-0.2475,3.8413,-0.462296,1.65296,201.509
T000553,Li7,ZnS,ZnS,-0.2475,3.8413,-0.462296,-0.1224,4.9153,-0.542238,1.16277,177.649
T000553,Li7,ZnS,ZnS,-0.1224,4.9153,-0.542238,-0.1224,4.9153,-0.542238,0,0
T000554,alpha,BN,binder_void,0,0,0,0.0256,-0.602,0.029371,0.603238,230.523
T000554,alpha,binder_void,BN,0.0256,-0.602,0.029371,0.0291,-0.7248,0.035239,0.122988,19.8376
T000554,alpha,BN,binder_void,0.0291,-0.7248,0.035239,0.0483,-1.4695,0.06996,0.745937,321.671
T000554,alpha,binder_void,BN,0.0483,-1.4695,0.06996,0.0463,-1.8617,0.089464,0.392622,69.2601
T000554,alpha,BN,binder_void,0.0463,-1.8617,0.089464,0.047,-2.1,0.102054,0.23865,110.019
T000554,alpha,binder_void,ZnS,0.047,-2.1,0.102054,0.0649,-3.1233,0.157454,1.02517,189.508
T000554,alpha,ZnS,ZnS,0.0649,-3.1233,0.157454,0.1326,-5.98114,0.369225,2.95771,529.181
T000554,alpha,ZnS,ZnS,0.1326,-5.98114,0.369225,0.1326,-5.98114,0.369225,0,0
T000555,Li7,BN,binder_void,0,0,0,-0.0037,0.2492,-0.111681,0.273213,180.64
T000555,Li7,binder_void,BN,-0.0037,0.2492,-0.111681,-0.0143,0.6844,-0.30451131,0.476191,76.1186
T000555,Li7,BN,binder_void,-0.0143,0.6844,-0.30451131,-0.019,1.2142,-0.55329,0.58598,299.401
T000555,Li7,binder_void,BN,-0.019,1.2142,-0.55329,-0.0449,1.8294,-0.795023,0.662521,70.4599
T000555,Li7,BN,binder_void,-0.0449,1.8294,-0.795023,-0.0583,2.3005,-0.999722,0.517284,146.504
T000555,Li7,binder_void,ZnS,-0.0583,2.3005,-0.999722,-0.04,2.4086,-1.044775,0.119005,8.01504
T000555,Li7,ZnS,ZnS,-0.04,2.4086,-1.044775,-0.0396,2.5928,-1.053425,0.195997,54.2962
T000555,Li7,ZnS,ZnS,-0.0396,2.5928,-1.053425,-0.0535,2.6032,-1.070433,0.183613,4.56487
T000555,Li7,ZnS,ZnS,-0.0535,2.6032,-1.070433,-0.0535,2.6032,-1.070433,0,0
T000556,alpha,BN,binder_void,0,0,0,0.0091,-0.605,0.271052,0.662998,238.911
T000556,alpha,binder_void,BN,0.0091,-0.605,0.271052,0.0143,-0.7459,0.336725,0.15558,21.0161
T000556,alpha,BN,binder_void,0.0143,-0.7459,0.336725,0.0419,-1.5308,0.705074,0.867615,376.121
T000556,alpha,binder_void,BN,0.0419,-1.5308,0.705074,0.0521,-1.8489,0.853634,0.351218,68.5359
T000556,alpha,BN,binder_void,0.0521,-1.8489,0.853634,0.0704,-2.4014,1.109344,0.609274,239.677
T000556,alpha,binder_void,BN,0.0704,-2.4014,1.109344,0.0738,-2.8364,1.310744,0.479488,82.9083
T000556,alpha,BN,binder_void,0.0738,-2.8364,1.310744,0.077,-3.1407,1.448654,0.3342,140.412
T000556,alpha,binder_void,BN,0.077,-3.1407,1.448654,0.0755,-3.4296,1.582774,0.318577,47.7136
T000556,alpha,BN,binder_void,0.0755,-3.4296,1.582774,0.0702,-3.92101,1.807924,0.541775,197.626
T000556,alpha,binder_void,binder_void,0.0702,-3.92101,1.807924,-0.0365,-4.8184,2.158924,0.996112,57.0786
T000556,alpha,binder_void,binder_void,-0.0365,-4.8184,2.158924,-0.0365,-4.8184,2.158924,0,0
T000557,Li7,BN,binder_void,0,0,0,0.1385,0.0405,0.07577,0.163022,103.401
T000557,Li7,binder_void,BN,0.1385,0.0405,0.07577,0.644,0.19,0.34599,0.592535,98.0233
T000557,Li7,BN,binder_void,0.644,0.19,0.34599,1.1586,0.3357,0.62497,0.603783,330.044
T000557,Li7,binder_void,ZnS,1.1586,0.3357,0.62497,1.1978,0.3457,0.64433,0.0448162,5.69663
T000557,Li7,ZnS,ZnS,1.1978,0.3457,0.64433,2.2454,1.0047,1.26424,1.43105,302.835
T000557,Li7,ZnS,ZnS,2.2454,1.0047,1.26424,2.2454,1.0047,1.26424,0,0
T000558,alpha,BN,binder_void,0,0,0,-0.2962,-0.0867,-0.16203,0.34859,126.308
T000558,alpha,binder_void,BN,-0.2962,-0.0867,-0.16203,-0.6354,-0.1877,-0.34751,0.399556,58.1072
T000558,alpha,BN,binder_void,-0.6354,-0.1877,-0.34751,-1.4545,-0.4408,-0.832104,0.984953,402.384
T000558,alpha,binder_void,BN,-1.4545,-0.4408,-0.832104,-1.4755,-0.4478,-0.844304,0.0253476,4.4718
T000558,alpha,BN,binder_void,-1.4755,-0.4478,-0.844304,-2.1722,-0.6825,-1.248306,0.839071,373.632
T000558,alpha,binder_void,BN,-2.1722,-0.6825,-1.248306,-2.5051,-0.807,-1.435811,0.401922,74.4156
T000558,alpha,BN,binder_void,-2.5051,-0.807,-1.435811,-2.7419,-0.8923,-1.5718571,0.286209,103.952
T000558,alpha,binder_void,BN,-2.7419,-0.8923,-1.5718571,-3.6866,-1.2194,-2.082921,1.12385,181.121
T000558,alpha,BN,BN,-3.6866,-1.2194,-2.082921,-4.4064,-1.5519,-2.482233,0.903115,145.608
T000558,alpha,BN,BN,-4.4064,-1.5519,-2.482233,-4.4064,-1.5519,-2.482233,0,0
T000559,Li7,BN,binder_void,0,0,0,-0.0353,0.0237,-0.10108,0.109658,69.3214
T000559,Li7,binder_void,BN,-0.0353,0.0237,-0.10108,-0.2274,0.1463,-0.65119,0.5956,101.349
T000559,Li7,BN,binder_void,-0.2274,0.1463,-0.65119,-0.3421,0.2206,-0.962682,0.340314,207.97
T000559,Li7,binder_void,BN,-0.3421,0.2206,-0.962682,-0.4294,0.2736,-1.154868,0.217668,30.4476
T000559,Li7,BN,binder_void,-0.4294,0.2736,-1.154868,-0.7489,0.4802,-1.869769,0.812272,324.429
T000559,Li7,binder_void,BN,-0.7489,0.4802,-1.869769,-1.0345,0.6777,-2.409847,0.648411,45.1059
T000559,Li7,BN,BN,-1.0345,0.6777,-2.409847,-1.1316,0.8113,-2.93897,0.631263,61.3776
T000559,Li7,BN,BN,-1.1316,0.8113,-2.93897,-1.1316,0.8113,-2.93897,0,0
T000560,alpha,BN,binder_void,0,0,0,0.1666,-0.112,0.47773,0.518216,197.252
T000560,alpha,binder_void,BN,0.1666,-0.112,0.47773,0.1998,-0.1355,0.57321,0.103804,15.2499
T000560,alpha,BN,binder_void,0.1998,-0.1355,0.57321,0.4949,-0.349,1.42053,0.922437,388.933
T000560,alpha,binder_void,BN,0.4949,-0.349,1.42053,1.3066,-0.9759,3.7736,2.56778,443.994
T000560,alpha,BN,binder_void,1.3066,-0.9759,3.7736,1.5372,-1.1295,4.52914,0.805759,282.164
T000560,alpha,binder_void,BN,1.5372,-1.1295,4.52914,1.5524,-1.146,4.59146,0.0662637,8.59925
T000560,alpha,BN,BN,1.5524,-1.146,4.59146,1.6969,-1.315,5.23356,0.687339,133.808
T000560,alpha,BN,BN,1.6969,-1.315,5.23356,1.6969,-1.315,5.23356,0,0
T000561,Li7,BN,binder_void,0,0,0,-0.007,-0.01527,-0.088667,0.0902495,60.0725
T000561,Li7,binder_void,BN,-0.007,-0.01527,-0.088667,-0.0432,-0.08867,-0.530002,0.448925,74.4796
T000561,Li7,BN,binder_void,-0.0432,-0.08867,-0.530002,-0.0617,-0.11841,-0.705342,0.178843,103.612
T000561,Li7,binder_void,BN,-0.0617,-0.11841,-0.705342,-0.1586,-0.26516,-1.661032,0.972294,137.373
T000561,Li7,BN,binder_void,-0.1586,-0.26516,-1.661032,-0.2391,-0.34606,-2.287812,0.638292,276.876
T000561,Li7,binder_void,binder_void,-0.2391,-0.34606,-2.287812,-0.4189,-0.5366,-3.964632,1.71438,109.559
T000561,Li7,binder_void,BN,-0.4189,-0.5366,-3.964632,-0.4168,-0.5428,-3.996682,0.0327392,2.59525
T000561,Li7,BN,BN,-0.4168,-0.5428,-3.996682,-0.3665,-0.66922,-4.615582,0.699866,75.4324
T000561,Li7,BN,BN,-0.3665,-0.66922,-4.615582,-0.3665,-0.66922,-4.615582,0,0
T000562,alpha,BN,binder_void,0,0,0,0.0678,0.14829,0.861042,0.876456,346.417
T000562,alpha,binder_void,BN,0.0678,0.14829,0.861042,0.0809,0.18392,1.062385,0.20489,33.9076
T000562,alpha,BN,binder_void,0.0809,0.18392,1.062385,0.1133,0.27752,1.595995,0.542801,228.42
T000562,alpha,binder_void,BN,0.1133,0.27752,1.595995,0.1228,0.31707,1.821628,0.229275,43.5604
T000562,alpha,BN,binder_void,0.1228,0.31707,1.821628,0.1619,0.45422,2.620278,0.811568,379.54
T000562,alpha,binder_void,BN,0.1619,0.45422,2.620278,0.1689,0.49366,2.899228,0.281843,43.5847
T000562,alpha,BN,binder_void,0.1689,0.49366,2.899228,0.1779,0.55207,3.329528,0.434647,193.35
T000562,alpha,binder_void,BN,0.1779,0.55207,3.329528,0.1779,0.55309,3.459348,0.129853,24.2645
T000562,alpha,BN,binder_void,0.1779,0.55309,3.459348,0.1746,0.55984,3.854338,0.396278,77.2381
T000562,alpha,binder_void,BN,0.1746,0.55984,3.854338,0.175,0.55768,3.938458,0.0841954,9.81083
T000562,alpha,BN,binder_void,0.175,0.55768,3.938458,0.1752,0.53374,4.481278,0.554047,60.8175
T000562,alpha,binder_void,binder_void,0.1752,0.53374,4.481278,0.1747,0.60834,5.040598,0.594697,29.0894
T000562,alpha,binder_void,binder_void,0.1747,0.60834,5.040598,0.1747,0.60834,5.040598,0,0
T000563,Li7,BN,binder_void,0,0,0,-0.0504,-0.06865,-0.080164,0.116973,76.3268
T000563,Li7,binder_void,BN,-0.0504,-0.06865,-0.080164,-0.5975,-0.79629,-0.921132,1.23975,229.301
T000563,Li7,BN,binder_void,-0.5975,-0.79629,-0.921132,-0.6885,-0.92263,-1.057542,0.207059,123.728
T000563,Li7,binder_void,BN,-0.6885,-0.92263,-1.057542,-0.8276,-1.11022,-1.261312,0.309991,50.7546
T000563,Li7,BN,binder_void,-0.8276,-1.11022,-1.261312,-1.275,-1.72143,-1.903922,0.995977,488.967
T000563,Li7,binder_void,binder_void,-1.275,-1.72143,-1.903922,-1.6242,-2.41645,-2.517582,1.11147,43.9223
T000563,Li7,binder_void,binder_void,-1.6242,-2.41645,-2.517582,-1.6242,-2.41645,-2.517582,0,0
T000564,alpha,BN,binder_void,0,0,0,0.2915,0.39682,0.463395,0.676178,228.763
T000564,alpha,binder_void,BN,0.2915,0.39682,0.463395,0.667,0.90575,1.056195,0.866886,123.999
T000564,alpha,BN,binder_void,0.667,0.90575,1.056195,1.0658,1.44564,1.684648,0.919635,374.56
T000564,alpha,binder_void,BN,1.0658,1.44564,1.684648,1.6189,2.18057,2.549928,1.26296,202.228
T000564,alpha,BN,binder_void,1.6189,2.18057,2.549928,1.9655,2.652979,3.095488,0.80087,346.509
T000564,alpha,binder_void,BN,1.9655,2.652979,3.095488,2.2388,3.093687,3.602838,0.725641,122.928
T000564,alpha,BN,binder_void,2.2388,3.093687,3.602838,2.5737,3.641239,4.202838,0.880218,276.149
T000564,alpha,binder_void,BN,2.5737,3.641239,4.202838,2.5847,3.655998,4.217088,0.0232852,1.96874
T000564,alpha,BN,BN,2.5847,3.655998,4.217088,2.9234,4.109299,4.653478,0.735491,98.8951
T000564,alpha,BN,BN,2.9234,4.109299,4.653478,2.9234,4.109299,4.653478,0,0
T000565,Li7,BN,binder_void,0,0,0,0.07819,-0.194,-0.02008,0.210164,132.917
T000565,Li7,binder_void,ZnS,0.07819,-0.194,-0.02008,0.23946,-0.58627,-0.06045,0.426124,69.5086
T000565,Li7,ZnS,ZnS,0.23946,-0.58627,-0.06045,0.912868,-1.94594,-0.35137,1.56512,637.575
T000565,Li7,ZnS,ZnS,0.912868,-1.94594,-0.35137,0.912868,-1.94594,-0.35137,0,0
T000566,alpha,BN,binder_void,0,0,0,-0.27786,0.68935,0.07133,0.74676,297.472
T000566,alpha,binder_void,BN,-0.27786,0.68935,0.07133,-0.41385,1.03025,0.10831,0.368901,61.3339
T000566,alpha,BN,binder_void,-0.41385,1.03025,0.10831,-0.75931,1.89705,0.2019,0.937985,434.159
T000566,alpha,binder_void,BN,-0.75931,1.89705,0.2019,-0.77461,1.93715,0.20602,0.043118,11.3758
T000566,alpha,BN,binder_void,-0.77461,1.93715,0.20602,-1.12594,2.84945,0.29884,0.982644,419.816
T000566,alpha,binder_void,ZnS,-1.12594,2.84945,0.29884,-1.22097,3.08425,0.31454,0.253844,36.046
T000566,alpha,ZnS,ZnS,-1.22097,3.08425,0.31454,-1.8513,4.69955,0.3935,1.93441,209.797
T000566,alpha,ZnS,ZnS,-1.8513,4.69955,0.3935,-1.8513,4.69955,0.3935,0,0
T000567,Li7,BN,binder_void,0,0,0,0.00431,0.09102,0.34436,0.356328,222.715
T000567,Li7,binder_void,ZnS,0.00431,0.09102,0.34436,0.00892,0.20455,0.77355,0.444087,66.2823
T000567,Li7,ZnS,ZnS,0.00892,0.20455,0.77355,0.05738,0.55345,2.23188,1.53869,449.287
T000567,Li7,ZnS,ZnS,0.05738,0.55345,2.23188,0.42469,0.57495,2.86442,1.14013,78.0524
T000567,Li7,ZnS,binder_void,0.42469,0.57495,2.86442,0.42194,0.60055,2.87712,0.0318259,3.00102
T000567,Li7,binder_void,binder_void,0.42194,0.60055,2.87712,0.18691,0.85395,2.91486,0.366389,15.3463
T000567,Li7,binder_void,binder_void,0.18691,0.85395,2.91486,-0.00767,0.82215,3.07083,0.399085,5.33316
T000567,Li7,binder_void,binder_void,-0.00767,0.82215,3.07083,-0.00767,0.82215,3.07083,0,0
T000568,alpha,BN,binder_void,0,0,0,-0.00534,-0.11253,-0.42581,0.440483,168.294
T000568,alpha,binder_void,BN,-0.00534,-0.11253,-0.42581,-0.00171,-0.15826,-0.59615,0.176418,26.3746
T000568,alpha,BN,binder_void,-0.00171,-0.15826,-0.59615,0.00122,-0.19969,-0.75097,0.160297,66.2469
T000568,alpha,binder_void,ZnS,0.00122,-0.19969,-0.75097,0.01498,-0.35206,-1.3206,0.589842,87.0149
T000568,alpha,ZnS,ZnS,0.01498,-0.35206,-1.3206,0.12575,-1.50937,-5.70462,4.59305,1122.07
T000568,alpha,ZnS,ZnS,0.12575,-1.50937,-5.70462,0.12575,-1.50937,-5.70462,0,0
T000569,Li7,BN,binder_void,0,0,0,-0.2682,0.5216,0.21353,0.624542,392.704
T000569,Li7,binder_void,ZnS,-0.2682,0.5216,0.21353,-0.58051,1.08981,0.44321,0.688329,95.0289
T000569,Li7,ZnS,ZnS,-0.58051,1.08981,0.44321,-1.2685,2.26375,0.72235,1.45931,235.771
T000569,Li7,ZnS,ZnS,-1.2685,2.26375,0.72235,-2.13709,2.58066,0.59015,1.20065,118.786
T000569,Li7,ZnS,ZnS,-2.13709,2.58066,0.59015,-2.13709,2.58066,0.59015,0,0
T000570,alpha,BN,binder_void,0,0,0,0.05671,-0.11028,-0.04514,0.131972,50.1901
T000570,alpha,binder_void,BN,0.05671,-0.11028,-0.04514,0.11037,-0.21301,-0.08712,0.123263,22.6384
T000570,alpha,BN,binder_void,0.11037,-0.21301,-0.08712,0.47329,-0.90974,-0.3688,0.834668,340.977
T000570,alpha,binder_void,BN,0.47329,-0.90974,-0.3688,0.49585,-0.95341,-0.38665,0.0523018,9.95929
T000570,alpha,BN,binder_void,0.49585,-0.95341,-0.38665,0.82752,-1.59494,-0.6479,0.768142,361.366
T000570,alpha,binder_void,BN,0.82752,-1.59494,-0.6479,0.91617,-1.76406,-0.71426,0.202158,39.4462
T000570,alpha,BN,binder_void,0.91617,-1.76406,-0.71426,1.32317,-2.55505,-1.02286,0.942196,389.503
T000570,alpha,binder_void,BN,1.32317,-2.55505,-1.02286,1.3644,-2.65101,-1.05937,0.110655,17.2212
T000570,alpha,BN,binder_void,1.3644,-2.65101,-1.05937,1.60935,-3.22488,-1.28379,0.665212,138.559
T000570,alpha,binder_void,BN,1.60935,-3.22488,-1.28379,1.63987,-3.33787,-1.33108,0.126342,16.0304
T000570,alpha,BN,BN,1.63987,-3.33787,-1.33108,1.79854,-3.92465,-1.56549,0.675249,84.1097
T000570,alpha,BN,BN,1.79854,-3.92465,-1.56549,1.79854,-3.92465,-1.56549,0,0
T000571,Li7,BN,binder_void,0,0,0,-0.20957,-0.1666,-0.03476,0.270028,167.077
T000571,Li7,binder_void,BN,-0.20957,-0.1666,-0.03476,-0.89155,-0.71927,-0.13391,0.883758,129.363
T000571,Li7,BN,binder_void,-0.89155,-0.71927,-0.13391,-1.04013,-0.84072,-0.15208,0.192826,105.361
T000571,Li7,binder_void,BN,-1.04013,-0.84072,-0.15208,-1.55494,-1.25728,-0.23301,0.667614,91.7845
T000571,Li7,BN,binder_void,-1.55494,-1.25728,-0.23301,-2.07206,-1.70753,-0.31808,0.693526,239.35
T000571,Li7,binder_void,BN,-2.07206,-1.70753,-0.31808,-2.36208,-1.94313,-0.31862,0.375658,23.966
T000571,Li7,BN,BN,-2.36208,-1.94313,-0.31862,-2.79522,-2.27221,-0.30382,0.573026,83.0977
T000571,Li7,BN,BN,-2.79522,-2.27221,-0.30382,-2.79522,-2.27221,-0.30382,0,0
T000572,alpha,BN,binder_void,0,0,0,0.23686,0.18829,0.03929,0.305132,112.653
T000572,alpha,binder_void,ZnS,0.23686,0.18829,0.03929,0.28877,0.22982,0.04796,0.0670437,9.58592
T000572,alpha,ZnS,ZnS,0.28877,0.22982,0.04796,3.77545,3.01042,0.62765,4.52932,1347.76
T000572,alpha,ZnS,ZnS,3.77545,3.01042,0.62765,3.77545,3.01042,0.62765,0,0
T000573,Li7,BN,binder_void,0,0,0,0.72984,-0.1237,0.10945,0.748843,413.381
T000573,Li7,binder_void,BN,0.72984,-0.1237,0.10945,1.86317,-0.2966,0.32505,1.16811,142.486
T000573,Li7,BN,binder_void,1.86317,-0.2966,0.32505,2.10346,-0.3098,0.35209,0.242549,100.395
T000573,Li7,binder_void,BN,2.10346,-0.3098,0.35209,2.33699,-0.3171,0.37848,0.23541,23.0569
T000573,Li7,BN,BN,2.33699,-0.3171,0.37848,3.25858,-0.3198,0.46955,0.957841,160.681
T000573,Li7,BN,BN,3.25858,-0.3198,0.46955,3.25858,-0.3198,0.46955,0,0
T000574,alpha,BN,binder_void,0,0,0,-0.19015,0.0322,-0.02852,0.19496,68.8167
T000574,alpha,binder_void,ZnS,-0.19015,0.0322,-0.02852,-0.58845,0.0994,-0.0892,0.408482,53.5335
T000574,alpha,ZnS,binder_void,-0.58845,0.0994,-0.0892,-2.40971,0.4091,-0.37045,1.87267,672.411
T000574,alpha,binder_void,BN,-2.40971,0.4091,-0.37045,-3.15853,0.5662,-0.5835,0.794344,154.292
T000574,alpha,BN,binder_void,-3.15853,0.5662,-0.5835,-3.69153,0.6792,-0.73446,0.5657,246.869
T000574,alpha,binder_void,BN,-3.69153,0.6792,-0.73446,-4.19132,0.7625,-0.90785,0.535837,76.152
T000574,alpha,BN,BN,-4.19132,0.7625,-0.90785,-4.96962,0.90843,-1.16637,0.83854,197.926
T000574,alpha,BN,BN,-4.96962,0.90843,-1.16637,-4.96962,0.90843,-1.16637,0,0
T000575,Li7,BN,binder_void,0,0,0,-0.23335,-0.2435,-0.11224,0.355551,226.074
T000575,Li7,binder_void,BN,-0.23335,-0.2435,-0.11224,-0.58471,-0.6453,-0.29484,0.564302,90.5481
T000575,Li7,BN,binder_void,-0.58471,-0.6453,-0.29484,-0.97675,-1.0877,-0.48655,0.622293,323.903
T000575,Li7,binder_void,BN,-0.97675,-1.0877,-0.48655,-1.25284,-1.4491,-0.61942,0.47478,46.4113
T000575,Li7,BN,binder_void,-1.25284,-1.4491,-0.61942,-1.29131,-1.5027,-0.64295,0.0701793,21.3531
T000575,Li7,binder_void,BN,-1.29131,-1.5027,-0.64295,-1.74848,-2.1208,-0.91269,0.821704,58.34
T000575,Li7,BN,binder_void,-1.74848,-2.1208,-0.91269,-2.02457,-2.3261,-1.00903,0.370454,50.0095
T000575,Li7,binder_void,ZnS,-2.02457,-2.3261,-1.00903,-2.0664,-2.4909,-1.03913,0.18033,7.5688
T000575,Li7,ZnS,ZnS,-2.0664,-2.4909,-1.03913,-2.09237,-2.5391,-1.04607,0.0982223,7.4972
T000575,Li7,ZnS,ZnS,-2.09237,-2.5391,-1.04607,-2.0927,-2.5798,-1.05796,0.0975987,8.29495
T000575,Li7,ZnS,ZnS,-2.0927,-2.5798,-1.05796,-2.0927,-2.5798,-1.05796,0,0
T000576,alpha,BN,binder_void,0,0,0,0.26945,0.2811,0.12959,0.410452,149.836
T000576,alpha,binder_void,BN,0.26945,0.2811,0.12959,1.0222,1.05814,0.50241,1.14435,197.216
T000576,alpha,BN,binder_void,1.0222,1.05814,0.50241,1.48231,1.53364,0.73251,0.700654,286.804
T000576,alpha,binder_void,BN,1.48231,1.53364,0.73251,1.52386,1.57712,0.75422,0.0639346,6.78948
T000576,alpha,BN,binder_void,1.52386,1.57712,0.75422,1.96803,2.04414,0.9853,0.68488,314.95
T000576,alpha,binder_void,BN,1.96803,2.04414,0.9853,2.211,2.29732,1.12498,0.377738,65.9085
T000576,alpha,BN,binder_void,2.211,2.29732,1.12498,2.64107,2.75942,1.36477,0.675891,255.663
T000576,alpha,binder_void,BN,2.64107,2.75942,1.36477,3.96034,4.32358,2.17958,2.21745,146.279
T000576,alpha,BN,BN,3.96034,4.32358,2.17958,4.21461,4.57793,2.27795,0.390764,46.5526
T000576,alpha,BN,BN,4.21461,4.57793,2.27795,4.21461,4.57793,2.27795,0,0
T000577,Li7,BN,binder_void,0,0,0,-0.4584,0.51876,-0.22926,0.729784,416.755
T000577,Li7,binder_void,BN,-0.4584,0.51876,-0.22926,-0.539,0.59904,-0.26207,0.118409,18.1876
T000577,Li7,BN,binder_void,-0.539,0.59904,-0.26207,-0.7791,0.83349,-0.3624,0.350679,161.512
T000577,Li7,binder_void,BN,-0.7791,0.83349,-0.3624,-1.1628,1.18138,-0.51483,0.540807,55.3641
T000577,Li7,BN,binder_void,-1.1628,1.18138,-0.51483,-1.2588,1.26204,-0.55991,0.133504,41.686
T000577,Li7,binder_void,ZnS,-1.2588,1.26204,-0.55991,-2.349,2.28674,-1.04781,1.59887,126.337
T000577,Li7,ZnS,ZnS,-2.349,2.28674,-1.04781,-2.3958,2.33314,-1.05028,0.098003,13.9838
T000577,Li7,ZnS,ZnS,-2.3958,2.33314,-1.05028,-2.4104,2.31134,-1.04885,0.108,5.07051
T000577,Li7,ZnS,ZnS,-2.4104,2.31134,-1.04885,-2.4091,2.31004,-1.05009,0.120599,1.10383
T000577,Li7,ZnS,ZnS,-2.4091,2.31004,-1.05009,-2.4091,2.31004,-1.05009,0,0
T000578,alpha,BN,binder_void,0,0,0,0.0682,-0.07715,0.0341,0.108462,36.032
T000578,alpha,binder_void,BN,0.0682,-0.07715,0.0341,0.7014,-0.79359,0.35434,1.00836,148.041
T000578,alpha,BN,binder_void,0.7014,-0.79359,0.35434,1.2644,-1.42511,0.64011,0.893199,381.651
T000578,alpha,binder_void,BN,1.2644,-1.42511,0.64011,2.1596,-2.43605,1.06419,1.41559,240.776
T000578,alpha,BN,binder_void,2.1596,-2.43605,1.06419,2.4306,-2.73205,1.18738,0.419887,213.345
T000578,alpha,binder_void,BN,2.4306,-2.73205,1.18738,2.6027,-2.92261,1.26491,0.268227,48.9052
T000578,alpha,BN,binder_void,2.6027,-2.92261,1.26491,3.1078,-3.48863,1.49413,0.793592,339.385
T000578,alpha,binder_void,BN,3.1078,-3.48863,1.49413,3.1321,-3.51195,1.50929,0.0369713,1.97636
T000578,alpha,BN,BN,3.1321,-3.51195,1.50929,3.4798,-3.85775,1.72033,0.564737,59.8887
T000578,alpha,BN,BN,3.4798,-3.85775,1.72033,3.4798,-3.85775,1.72033,0,0
T000579,Li7,BN,binder_void,0,0,0,-0.087,-0.00433,-0.66366,0.669801,408.255
T000579,Li7,binder_void,BN,-0.087,-0.00433,-0.66366,-0.1056,-0.00651,-0.88775,0.224913,32.2954
T000579,Li7,BN,binder_void,-0.1056,-0.00651,-0.88775,-0.1186,-0.00265,-1.08522,0.198076,96.7869
T000579,Li7,binder_void,BN,-0.1186,-0.00265,-1.08522,-0.12,-0.00264,-1.1202,0.0350152,4.60502
T000579,Li7,BN,binder_void,-0.12,-0.00264,-1.1202,-0.1303,-0.0016,-1.33945,0.219778,88.4436
T000579,Li7,binder_void,BN,-0.1303,-0.0016,-1.33945,-0.1382,0.01273,-1.61785,0.279183,30.0932
T000579,Li7,BN,BN,-0.1382,0.01273,-1.61785,-0.1425,0.03882,-2.31991,0.712822,179.521
T000579,Li7,BN,BN,-0.1425,0.03882,-2.31991,-0.1425,0.03882,-2.31991,0,0
T000580,alpha,BN,binder_void,0,0,0,0.0154,0.00077,0.11716,0.118167,47.3704
T000580,alpha,binder_void,BN,0.0154,0.00077,0.11716,0.0854,0.00401,0.63769,0.525243,68.4106
T000580,alpha,BN,binder_void,0.0854,0.00401,0.63769,0.2136,0.00498,1.59577,0.966765,398.554
T000580,alpha,binder_void,BN,0.2136,0.00498,1.59577,0.2251,0.00436,1.6922,0.097113,14.6615
T000580,alpha,BN,binder_void,0.2251,0.00436,1.6922,0.2931,0.00018,2.2652,0.577147,255.394
T000580,alpha,binder_void,BN,0.2931,0.00018,2.2652,0.3754,0.00055,2.87874,0.619111,107.531
T000580,alpha,BN,binder_void,0.3754,0.00055,2.87874,0.4137,0.00238,3.1811,0.304849,131.809
T000580,alpha,binder_void,ZnS,0.4137,0.00238,3.1811,0.4396,0.00366,3.43033,0.250606,46.7498
T000580,alpha,ZnS,ZnS,0.4396,0.00366,3.43033,0.687,0.03697,5.883826,2.58072,399.52
T000580,alpha,ZnS,ZnS,0.687,0.03697,5.883826,0.687,0.03697,5.883826,0,0
T000581,Li7,BN,binder_void,0,0,0,0.68118,-0.039862,0.25709,0.729704,431.186
T000581,Li7,binder_void,BN,0.68118,-0.039862,0.25709,1.00748,-0.072154,0.42447,0.368245,38.1616
T000581,Li7,BN,binder_void,1.00748,-0.072154,0.42447,1.77248,-0.171255,0.82096,0.871289,296.303
T000581,Li7,binder_void,BN,1.77248,-0.171255,0.82096,2.75468,-0.399513,1.62353,1.35644,66.9302
T000581,Li7,BN,BN,2.75468,-0.399513,1.62353,2.78128,-0.379093,1.64405,0.0432867,5.1493
T000581,Li7,BN,BN,2.78128,-0.379093,1.64405,2.81098,-0.384133,1.62624,0.0468615,2.2697
T000581,Li7,BN,BN,2.81098,-0.384133,1.62624,2.81098,-0.384133,1.62624,0,0
T000582,alpha,BN,binder_void,0,0,0,-0.07848,0.004592,-0.02961,0.0840098,31.6392
T000582,alpha,binder_void,BN,-0.07848,0.004592,-0.02961,-1.46757,0.085744,-0.54855,1.48518,212.806
T000582,alpha,BN,binder_void,-1.46757,0.085744,-0.54855,-2.05805,0.119395,-0.7714,0.632104,269.461
T000582,alpha,binder_void,BN,-2.05805,0.119395,-0.7714,-2.68786,0.156633,-1.00835,0.67399,103.856
T000582,alpha,BN,binder_void,-2.68786,0.156633,-1.00835,-3.42452,0.201617,-1.28103,0.787041,323.714
T000582,alpha,binder_void,BN,-3.42452,0.201617,-1.28103,-3.48478,0.206361,-1.30002,0.0633577,8.64184
T000582,alpha,BN,binder_void,-3.48478,0.206361,-1.30002,-4.35019,0.275807,-1.57256,0.910863,396.621
T000582,alpha,binder_void,ZnS,-4.35019,0.275807,-1.57256,-4.70583,0.293263,-1.68049,0.372735,36.6178
T000582,alpha,ZnS,ZnS,-4.70583,0.293263,-1.68049,-5.11531,0.292189,-1.93593,0.501524,75.0945
T000582,alpha,ZnS,ZnS,-5.11531,0.292189,-1.93593,-5.16693,0.288169,-2.0105,0.551396,11.5483
T000582,alpha,ZnS,ZnS,-5.16693,0.288169,-2.0105,-5.16693,0.288169,-2.0105,0,0
T000583,Li7,BN,binder_void,0,0,0,0.00232,-0.101069,0.0845,0.13177,89.5577
T000583,Li7,binder_void,BN,0.00232,-0.101069,0.0845,0.00858,-0.922593,0.76758,1.06887,184.544
T000583,Li7,BN,binder_void,0.00858,-0.922593,0.76758,0.01788,-1.486723,1.20923,0.71759,369.327
T000583,Li7,binder_void,binder_void,0.01788,-1.486723,1.20923,0.14468,-2.813583,2.28052,1.72296,184.789
T000583,Li7,binder_void,ZnS,0.14468,-2.813583,2.28052,0.16568,-2.921733,2.32053,0.130768,6.44252
T000583,Li7,ZnS,ZnS,0.16568,-2.921733,2.32053,0.16938,-2.934673,2.32819,0.055127,2.41317
T000583,Li7,ZnS,binder_void,0.16938,-2.934673,2.32819,0.16898,-2.934123,2.32836,0.000709367,0.0296646
T000583,Li7,binder_void,binder_void,0.16898,-2.934123,2.32836,0.14318,-2.909893,2.36293,0.0772638,2.21735
T000583,Li7,binder_void,binder_void,0.14318,-2.909893,2.36293,0.17448,-2.930303,2.38975,0.0628094,0.680509
T000583,Li7,binder_void,binder_void,0.17448,-2.930303,2.38975,0.17448,-2.930303,2.38975,0,0
T000584,alpha,BN,binder_void,0,0,0,-0.00821,0.356646,-0.29816,0.464964,164.586
T000584,alpha,binder_void,BN,-0.00821,0.356646,-0.29816,-0.03305,1.627537,-1.37991,1.66929,252.074
T000584,alpha,BN,binder_void,-0.03305,1.627537,-1.37991,-0.04085,2.259117,-1.91341,0.826963,370.621
T000584,alpha,binder_void,BN,-0.04085,2.259117,-1.91341,-0.04168,2.396867,-2.02702,0.178563,35.1856
T000584,alpha,BN,binder_void,-0.04168,2.396867,-2.02702,-0.04575,3.070317,-2.57772,0.870489,406.231
T000584,alpha,binder_void,BN,-0.04575,3.070317,-2.57772,-0.06389,3.344937,-2.80195,0.355162,43.157
T000584,alpha,BN,binder_void,-0.06389,3.344937,-2.80195,-0.09016,4.053817,-3.36918,0.915321,179.527
T000584,alpha,binder_void,BN,-0.09016,4.053817,-3.36918,-0.10034,4.220237,-3.51555,0.230879,18.1345
T000584,alpha,BN,BN,-0.10034,4.220237,-3.51555,-0.10146,4.219797,-3.51902,0.0104403,0.48293
T000584,alpha,BN,BN,-0.10146,4.219797,-3.51902,-0.10146,4.219797,-3.51902,0,0
T000585,Li7,BN,binder_void,0,0,0,-0.16848,-0.0844,0.0154,0.189106,121.904
T000585,Li7,binder_void,ZnS,-0.16848,-0.0844,0.0154,-0.19038,-0.0953,0.01694,0.0245175,6.11674
T000585,Li7,ZnS,ZnS,-0.19038,-0.0953,0.01694,-1.64275,-0.69847,-0.05474,1.58599,711.979
T000585,Li7,ZnS,ZnS,-1.64275,-0.69847,-0.05474,-1.64275,-0.69847,-0.05474,0,0
T000586,alpha,BN,binder_void,0,0,0,0.39145,0.1962,-0.03576,0.439309,157.967
T000586,alpha,binder_void,BN,0.39145,0.1962,-0.03576,0.71093,0.3548,-0.0624,0.357701,57.6816
T000586,alpha,BN,binder_void,0.71093,0.3548,-0.0624,1.26629,0.6274,-0.10796,0.620368,248.702
T000586,alpha,binder_void,BN,1.26629,0.6274,-0.10796,1.34449,0.672,-0.12166,0.0911035,13.4969
T000586,alpha,BN,binder_void,1.34449,0.672,-0.12166,1.63549,0.8392,-0.17226,0.339476,148.876
T000586,alpha,binder_void,BN,1.63549,0.8392,-0.17226,1.68049,0.8651,-0.17945,0.0524048,9.44086
T000586,alpha,BN,binder_void,1.68049,0.8651,-0.17945,2.04149,1.0728,-0.23672,0.420456,189.88
T000586,alpha,binder_void,BN,2.04149,1.0728,-0.23672,2.56309,1.376,-0.31573,0.608565,115.875
T000586,alpha,BN,binder_void,2.56309,1.376,-0.31573,3.38919,1.8543,-0.44332,0.964067,372.981
T000586,alpha,binder_void,BN,3.38919,1.8543,-0.44332,3.59759,1.971,-0.43471,0.239175,29.1492
T000586,alpha,BN,BN,3.59759,1.971,-0.43471,4.32769,2.3417,-0.43141,0.836007,125.951
T000586,alpha,BN,BN,4.32769,2.3417,-0.43141,4.32769,2.3417,-0.43141,0,0
T000587,Li7,BN,binder_void,0,0,0,-0.03096,-0.2569,-0.03263,0.260887,171.619
T000587,Li7,binder_void,BN,-0.03096,-0.2569,-0.03263,-0.0774,-0.61496,-0.08102,0.364373,65.9412
T000587,Li7,BN,binder_void,-0.0774,-0.61496,-0.08102,-0.15597,-1.16637,-0.14736,0.561467,323.053
T000587,Li7,binder_void,BN,-0.15597,-1.16637,-0.14736,-0.26555,-1.88756,-0.25661,0.738918,75.8204
T000587,Li7,BN,BN,-0.26555,-1.88756,-0.25661,-0.47769,-2.84581,-0.42447,1.01891,203.566
T000587,Li7,BN,BN,-0.47769,-2.84581,-0.42447,-0.47769,-2.84581,-0.42447,0,0
T000588,alpha,BN,binder_void,0,0,0,0.03781,0.3137,0.03985,0.318453,123.163
T000588,alpha,binder_void,BN,0.03781,0.3137,0.03985,0.14374,1.2036,0.14936,0.902867,131.593
T000588,alpha,BN,binder_void,0.14374,1.2036,0.14936,0.19966,1.6955,0.2104,0.498877,205.798
T000588,alpha,binder_void,BN,0.19966,1.6955,0.2104,0.28809,2.4797,0.30747,0.795154,129.054
T000588,alpha,BN,binder_void,0.28809,2.4797,0.30747,0.33405,2.9219,0.3655,0.448479,179.381
T000588,alpha,binder_void,BN,0.33405,2.9219,0.3655,0.33939,2.9682,0.37075,0.0468719,6.2478
T000588,alpha,BN,binder_void,0.33939,2.9682,0.37075,0.42128,3.6963,0.45336,0.737667,323.945
T000588,alpha,binder_void,ZnS,0.42128,3.6963,0.45336,0.46123,3.9868,0.47382,0.294034,46.6526
T000588,alpha,ZnS,ZnS,0.46123,3.9868,0.47382,0.77925,6.1626,0.6671,2.34412,324.167
T000588,alpha,ZnS,ZnS,0.77925,6.1626,0.6671,0.77925,6.1626,0.6671,0,0
T000589,Li7,BN,binder_void,0,0,0,-0.5786,0.04099,-0.48992,0.759789,433.237
T000589,Li7,binder_void,BN,-0.5786,0.04099,-0.48992,-0.7507,0.04742,-0.62233,0.217316,31.3789
T000589,Li7,BN,binder_void,-0.7507,0.04742,-0.62233,-1.3605,0.06716,-1.09342,0.773684,323.129
T000589,Li7,binder_void,BN,-1.3605,0.06716,-1.09342,-1.4568,0.05712,-1.17038,0.124493,7.28628
T000589,Li7,BN,BN,-1.4568,0.05712,-1.17038,-1.8827,0.10693,-1.30672,0.479393,44.969
T000589,Li7,BN,BN,-1.8827,0.10693,-1.30672,-1.8827,0.10693,-1.30672,0,0
T000590,alpha,BN,binder_void,0,0,0,0.1513,-0.01072,0.12812,0.19854,78.5551
T000590,alpha,binder_void,BN,0.1513,-0.01072,0.12812,0.6627,-0.04846,0.56846,0.67595,90.8574
T000590,alpha,BN,binder_void,0.6627,-0.04846,0.56846,1.3541,-0.0949,1.17126,0.918595,391.364
T000590,alpha,binder_void,BN,1.3541,-0.0949,1.17126,1.4563,-0.10381,1.259,0.135004,23.7573
T000590,alpha,BN,binder_void,1.4563,-0.10381,1.259,2.0812,-0.16168,1.79634,0.826501,360.701
T000590,alpha,binder_void,BN,2.0812,-0.16168,1.79634,2.1179,-0.16563,1.82724,0.04808,7.83262
T000590,alpha,BN,binder_void,2.1179,-0.16563,1.82724,2.7658,-0.23363,2.37413,0.851407,374.276
T000590,alpha,binder_void,BN,2.7658,-0.23363,2.37413,3.17222,-0.25987,2.75415,0.55818,60.6414
T000590,alpha,BN,BN,3.17222,-0.25987,2.75415,3.65653,-0.26094,3.17571,0.666332,82.0147
T000590,alpha,BN,BN,3.65653,-0.26094,3.17571,3.65653,-0.26094,3.17571,0,0
T000591,Li7,BN,binder_void,0,0,0,0.1972,-0.06013,0.03086,0.20849,133.008
T000591,Li7,binder_void,BN,0.1972,-0.06013,0.03086,0.3562,-0.10913,0.05422,0.168095,26.0751
T000591,Li7,BN,binder_void,0.3562,-0.10913,0.05422,1.2185,-0.37189,0.18189,0.911699,438.908
T000591,Li7,binder_void,BN,1.2185,-0.37189,0.18189,1.3502,-0.41817,0.20503,0.141572,18.6349
T000591,Li7,BN,BN,1.3502,-0.41817,0.20503,2.1189,-0.6772,0.34531,0.833022,223.374
T000591,Li7,BN,BN,2.1189,-0.6772,0.34531,2.1189,-0.6772,0.34531,0,0
T000592,alpha,BN,binder_void,0,0,0,-0.6841,0.20858,-0.10705,0.723165,280.638
T000592,alpha,binder_void,BN,-0.6841,0.20858,-0.10705,-3.1602,0.9545,-0.47069,2.61203,419.744
T000592,alpha,BN,binder_void,-3.1602,0.9545,-0.47069,-3.2855,0.9912,-0.48914,0.131863,55.8601
T000592,alpha,binder_void,ZnS,-3.2855,0.9912,-0.48914,-4.7725,1.4418,-0.70687,1.5694,274.89
T000592,alpha,ZnS,binder_void,-4.7725,1.4418,-0.70687,-5.2195,1.5792,-0.78826,0.476494,156.654
T000592,alpha,binder_void,BN,-5.2195,1.5792,-0.78826,-6.2235,1.9136,-0.97738,1.07626,130.561
T000592,alpha,BN,binder_void,-6.2235,1.9136,-0.97738,-6.7744,2.0685,-1.09208,0.587709,113.844
T000592,alpha,binder_void,BN,-6.7744,2.0685,-1.09208,-6.9616,2.1394,-1.12634,0.204984,5.89381
T000592,alpha,BN,BN,-6.9616,2.1394,-1.12634,-7.2733,2.2996,-1.19853,0.405873,31.915
T000592,alpha,BN,BN,-7.2733,2.2996,-1.19853,-7.2733,2.2996,-1.19853,0,0
T000593,Li7,BN,binder_void,0,0,0,-0.0824,-0.3729,0.1205,0.400618,257.086
T000593,Li7,binder_void,BN,-0.0824,-0.3729,0.1205,-0.12609,-0.6013,0.1946,0.24409,33.0578
T000593,Li7,BN,binder_void,-0.12609,-0.6013,0.1946,-0.26344,-1.32654,0.4261,0.774948,358.112
T000593,Li7,binder_void,BN,-0.26344,-1.32654,0.4261,-0.28171,-1.43923,0.4763,0.124779,12.2689
T000593,Li7,BN,BN,-0.28171,-1.43923,0.4763,-0.40692,-2.22531,0.825,0.88764,179.476
T000593,Li7,BN,BN,-0.40692,-2.22531,0.825,-0.40692,-2.22531,0.825,0,0
T000594,alpha,BN,binder_void,0,0,0,0.0695,0.31458,-0.1017,0.337845,129.599
T000594,alpha,binder_void,BN,0.0695,0.31458,-0.1017,0.53411,2.33728,-0.757,2.17666,353.854
T000594,alpha,BN,binder_void,0.53411,2.33728,-0.757,0.65692,2.87868,-0.9298,0.581522,263.661
T000594,alpha,binder_void,BN,0.65692,2.87868,-0.9298,0.84754,3.88361,-1.259,1.07472,191.368
T000594,alpha,BN,binder_void,0.84754,3.88361,-1.259,0.99273,4.628009,-1.5054,0.798101,325.371
T000594,alpha,binder_void,ZnS,0.99273,4.628009,-1.5054,1.37377,6.15336,-2.1616,1.71033,92.6149
T000594,alpha,ZnS,ZnS,1.37377,6.15336,-2.1616,1.17941,7.17541,-2.0399,1.13243,102.176
T000594,alpha,ZnS,ZnS,1.17941,7.17541,-2.0399,1.13022,7.24789,-2.0264,0.54729,11.3564
T000594,alpha,ZnS,ZnS,1.13022,7.24789,-2.0264,1.13022,7.24789,-2.0264,0,0
T000595,Li7,BN,binder_void,0,0,0,-0.49212,-0.03996,0.4209,0.649112,415.716
T000595,Li7,binder_void,BN,-0.49212,-0.03996,0.4209,-0.51481,-0.04098,0.4402,0.0298053,5.95502
T000595,Li7,BN,binder_void,-0.51481,-0.04098,0.4402,-1.0915,-0.06647,0.932,0.759437,386.798
T000595,Li7,binder_void,outside,-1.0915,-0.06647,0.932,-1.30875,-0.06876,1.106,0.278675,28.2347
T000596,alpha,BN,binder_void,0,0,0,0.15815,0.01285,-0.1353,0.208521,67.6771
T000596,alpha,binder_void,BN,0.15815,0.01285,-0.1353,1.21477,0.09603,-1.0454,1.3971,191.986
T000596,alpha,BN,binder_void,1.21477,0.09603,-1.0454,1.53358,0.12495,-1.3211,0.422484,168.961
T000596,alpha,binder_void,BN,1.53358,0.12495,-1.3211,2.54749,0.21565,-2.185,1.33522,200.733
T000596,alpha,BN,binder_void,2.54749,0.21565,-2.185,3.24375,0.26895,-2.7789,0.916919,389.486
T000596,alpha,binder_void,BN,3.24375,0.26895,-2.7789,3.25818,0.27014,-2.7918,0.0193301,3.958
T000596,alpha,BN,binder_void,3.25818,0.27014,-2.7918,3.99108,0.32788,-3.4382,0.979512,462.784
T000596,alpha,binder_void,BN,3.99108,0.32788,-3.4382,4.15548,0.33905,-3.5855,0.221048,31.6324
T000596,alpha,BN,binder_void,4.15548,0.33905,-3.5855,4.50988,0.3665,-3.90605,0.479491,150.836
T000596,alpha,binder_void,BN,4.50988,0.3665,-3.90605,4.66218,0.38473,-4.06838,0.223646,20.8211
T000596,alpha,BN,binder_void,4.66218,0.38473,-4.06838,4.85108,0.40553,-4.27413,0.282447,62.2513
T000596,alpha,binder_void,BN,4.85108,0.40553,-4.27413,5.01808,0.40919,-4.59457,0.376189,6.85915
T000596,alpha,BN,BN,5.01808,0.40919,-4.59457,4.97558,0.36236,-4.76328,0.205041,18.0159
T000596,alpha,BN,BN,4.97558,0.36236,-4.76328,4.97558,0.36236,-4.76328,0,0
T000597,Li7,BN,binder_void,0,0,0,-0.0178,0.18697,0.11797,0.221837,144.919
T000597,Li7,binder_void,BN,-0.0178,0.18697,0.11797,-0.0229,0.23432,0.14682,0.0556826,8.33948
T000597,Li7,BN,binder_void,-0.0229,0.23432,0.14682,-0.0861,0.87601,0.53829,0.755159,417.468
T000597,Li7,binder_void,BN,-0.0861,0.87601,0.53829,-0.1122,1.04582,0.66764,0.215163,20.2093
T000597,Li7,BN,binder_void,-0.1122,1.04582,0.66764,-0.1957,1.61382,1.08058,0.712513,204.648
T000597,Li7,binder_void,BN,-0.1957,1.61382,1.08058,-0.2034,1.67692,1.15049,0.0951316,5.15584
T000597,Li7,BN,BN,-0.2034,1.67692,1.15049,-0.1652,1.80207,1.47658,0.386427,39.2606
T000597,Li7,BN,BN,-0.1652,1.80207,1.47658,-0.1652,1.80207,1.47658,0,0
T000598,alpha,BN,binder_void,0,0,0,0.0175,-0.18496,-0.1167,0.219403,74.1128
T000598,alpha,binder_void,ZnS,0.0175,-0.18496,-0.1167,0.0492,-0.52475,-0.33085,0.402904,64.7692
T000598,alpha,ZnS,ZnS,0.0492,-0.52475,-0.33085,0.4476,-4.48081,-2.84926,4.74471,1331.12
T000598,alpha,ZnS,ZnS,0.4476,-4.48081,-2.84926,0.4476,-4.48081,-2.84926,0,0
T000599,Li7,BN,binder_void,0,0,0,-0.0151,-0.00501,0.08708,0.0885243,59.6131
T000599,Li7,binder_void,BN,-0.0151,-0.00501,0.08708,-0.0685,-0.02463,0.41045,0.328376,55.1719
T000599,Li7,BN,binder_void,-0.0685,-0.02463,0.41045,-0.1136,-0.04058,0.68301,0.276802,168.918
T000599,Li7,binder_void,BN,-0.1136,-0.04058,0.68301,-0.2771,-0.11714,1.90582,1.23714,176.239
T000599,Li7,BN,binder_void,-0.2771,-0.11714,1.90582,-0.3629,-0.11734,2.34603,0.449315,202.148
T000599,Li7,binder_void,BN,-0.3629,-0.11734,2.34603,-0.4175,-0.10557,2.65812,0.317572,30.6354
T000599,Li7,BN,binder_void,-0.4175,-0.10557,2.65812,-0.5398,-0.05432,3.30432,0.672878,145.578
T000599,Li7,binder_void,binder_void,-0.5398,-0.05432,3.30432,-0.5416,-0.06096,3.32479,0.0657622,1.69707
T000599,Li7,binder_void,binder_void,-0.5416,-0.06096,3.32479,-0.5416,-0.06096,3.32479,0,0
T000600,alpha,BN,binder_void,0,0,0,0.0936,0.0311,-0.54081,0.549773,208.35
T000600,alpha,binder_void,ZnS,0.0936,0.0311,-0.54081,0.1897,0.06093,-1.13815,0.60578,83.5645
T000600,alpha,ZnS,binder_void,0.1897,0.06093,-1.13815,0.4692,0.14271,-2.85946,1.75022,603.8
T000600,alpha,binder_void,BN,0.4692,0.14271,-2.85946,0.6262,0.09491,-3.50924,0.670312,110.966
T000600,alpha,BN,binder_void,0.6262,0.09491,-3.50924,0.8568,0.02295,-4.44909,0.971728,453.607
T000600,alpha,binder_void,binder_void,0.8568,0.02295,-4.44909,0.8845,-0.04874,-4.63969,0.228554,9.71233
T000600,alpha,binder_void,binder_void,0.8845,-0.04874,-4.63969,0.8845,-0.04874,-4.63969,0,0
T000601,Li7,BN,binder_void,0,0,0,0.05447,-0.39469,-0.08053,0.406641,267.031
T000601,Li7,binder_void,ZnS,0.05447,-0.39469,-0.08053,0.15,-1.0871,-0.20742,0.710706,109.59
T000601,Li7,ZnS,ZnS,0.15,-1.0871,-0.20742,0.51243,-2.49157,-0.44673,1.50816,431.254
T000601,Li7,ZnS,binder_void,0.51243,-2.49157,-0.44673,0.54448,-2.50573,-0.48049,0.0541235,11.1482
T000601,Li7,binder_void,binder_void,0.54448,-2.50573,-0.48049,0.46015,-2.73164,-0.76926,0.413805,21.5766
T000601,Li7,binder_void,binder_void,0.46015,-2.73164,-0.76926,0.46015,-2.73164,-0.76926,0,0
T000602,alpha,BN,binder_void,0,0,0,-0.06509,0.47165,0.09625,0.485788,186.723
T000602,alpha,binder_void,ZnS,-0.06509,0.47165,0.09625,-0.13176,0.9575,0.20091,0.501453,78.8623
T000602,alpha,ZnS,binder_void,-0.13176,0.9575,0.20091,-0.51629,3.68973,0.78984,2.83382,960.742
T000602,alpha,binder_void,ZnS,-0.51629,3.68973,0.78984,-0.58653,4.43596,1.05847,0.797101,100.155
T000602,alpha,ZnS,ZnS,-0.58653,4.43596,1.05847,-0.74525,5.70205,1.56667,1.64286,143.518
T000602,alpha,ZnS,ZnS,-0.74525,5.70205,1.56667,-0.74525,5.70205,1.56667,0,0
T000603,Li7,BN,binder_void,0,0,0,-0.13152,0.07354,-0.31992,0.353744,231.879
T000603,Li7,binder_void,BN,-0.13152,0.07354,-0.31992,-0.17199,0.09831,-0.42121,0.111863,21.9983
T000603,Li7,BN,binder_void,-0.17199,0.09831,-0.42121,-0.47093,0.2832,-1.18441,0.841704,404.381
T000603,Li7,binder_void,ZnS,-0.47093,0.2832,-1.18441,-0.64052,0.39851,-1.75507,0.608384,56.4711
T000603,Li7,ZnS,ZnS,-0.64052,0.39851,-1.75507,-0.66305,0.64979,-2.220443,0.555864,98.5807
T000603,Li7,ZnS,ZnS,-0.66305,0.64979,-2.220443,-0.48904,0.97065,-2.315124,0.499044,26.6893
T000603,Li7,ZnS,ZnS,-0.48904,0.97065,-2.315124,-0.48904,0.97065,-2.315124,0,0
T000604,alpha,BN,binder_void,0,0,0,0.20766,-0.11613,0.50514,0.558407,206.478
T000604,alpha,binder_void,BN,0.20766,-0.11613,0.50514,0.29567,-0.1649,0.71622,0.233836,37.1157
T000604,alpha,BN,binder_void,0.29567,-0.1649,0.71622,0.58069,-0.32961,1.41177,0.769641,299.194
T000604,alpha,binder_void,BN,0.58069,-0.32961,1.41177,0.68686,-0.38787,1.66218,0.278162,44.7785
T000604,alpha,BN,binder_void,0.68686,-0.38787,1.66218,0.9426,-0.5313,2.26681,0.672138,291.383
T000604,alpha,binder_void,BN,0.9426,-0.5313,2.26681,1.2006,-0.66247,2.87894,0.677221,120.12
T000604,alpha,BN,binder_void,1.2006,-0.66247,2.87894,1.51209,-0.84708,3.60935,0.816093,329.927
T000604,alpha,binder_void,BN,1.51209,-0.84708,3.60935,1.64241,-0.92134,3.89678,0.324606,27.3879
T000604,alpha,BN,binder_void,1.64241,-0.92134,3.89678,1.76025,-0.98756,4.17316,0.309355,79.0592
T000604,alpha,binder_void,ZnS,1.76025,-0.98756,4.17316,2.01856,-1.03201,4.8035,0.716146,3.42026
T000604,alpha,ZnS,ZnS,2.01856,-1.03201,4.8035,1.96641,-1.11054,4.931,0.169906,27.7699
T000604,alpha,ZnS,ZnS,1.96641,-1.11054,4.931,1.92193,-1.01225,4.96908,0.155797,2.55185
T000604,alpha,ZnS,ZnS,1.92193,-1.01225,4.96908,1.92179,-1.01059,4.97213,0.158028,0.813379
T000604,alpha,ZnS,ZnS,1.92179,-1.01059,4.97213,1.92179,-1.01059,4.97213,0,0
T000605,Li7,BN,binder_void,0,0,0,-0.10412,0.129847,0.08639,0.187553,123.84
T000605,Li7,binder_void,BN,-0.10412,0.129847,0.08639,-0.17647,0.2157715,0.14391,0.126206,21.8342
T000605,Li7,BN,binder_void,-0.17647,0.2157715,0.14391,-0.33803,0.410547,0.27385,0.284567,169.299
T000605,Li7,binder_void,BN,-0.33803,0.410547,0.27385,-0.48427,0.580497,0.38636,0.2509,32.5483
T000605,Li7,BN,binder_void,-0.48427,0.580497,0.38636,-0.76684,0.899549,0.62346,0.488307,244.329
T000605,Li7,binder_void,BN,-0.76684,0.899549,0.62346,-1.15038,1.447685,0.98159,0.760574,76.6889
T000605,Li7,BN,BN,-1.15038,1.447685,0.98159,-1.59805,2.171865,1.39195,0.97428,171.46
T000605,Li7,BN,BN,-1.59805,2.171865,1.39195,-1.59805,2.171865,1.39195,0,0
T000606,alpha,BN,binder_void,0,0,0,0.33694,-0.42018,-0.27955,0.606868,239.532
T000606,alpha,binder_void,BN,0.33694,-0.42018,-0.27955,1.87791,-2.310015,-1.5804138,2.76431,408.91
T000606,alpha,BN,binder_void,1.87791,-2.310015,-1.5804138,2.34331,-2.928435,-1.995326,0.878511,367.077
T000606,alpha,binder_void,BN,2.34331,-2.928435,-1.995326,2.63621,-3.296275,-2.25653,0.537998,92.6571
T000606,alpha,BN,binder_void,2.63621,-3.296275,-2.25653,2.69341,-3.367375,-2.308296,0.104925,41.0643
T000606,alpha,binder_void,BN,2.69341,-3.367375,-2.308296,3.09181,-3.865975,-2.659258,0.728787,114.438
T000606,alpha,BN,binder_void,3.09181,-3.865975,-2.659258,3.37431,-4.241745,-2.92158,0.540136,124.621
T000606,alpha,binder_void,BN,3.37431,-4.241745,-2.92158,3.51921,-4.363035,-3.0605,0.235066,23.6001
T000606,alpha,BN,binder_void,3.51921,-4.363035,-3.0605,3.73461,-4.487265,-3.28915,0.346211,29.5787
T000606,alpha,binder_void,BN,3.73461,-4.487265,-3.28915,3.73461,-4.487265,-3.28915,0,0
T000606,alpha,BN,binder_void,3.73461,-4.487265,-3.28915,3.77511,-4.496275,-3.29982,0.0432564,7.06846
T000606,alpha,binder_void,binder_void,3.77511,-4.496275,-3.29982,4.44851,-4.451355,-3.4221,0.820797,21.4529
T000606,alpha,binder_void,binder_void,4.44851,-4.451355,-3.4221,4.44851,-4.451355,-3.4221,0,0
T000607,Li7,BN,binder_void,0,0,0,0.03512,0.1455381,0.07423,0.16713,109.722
T000607,Li7,binder_void,BN,0.03512,0.1455381,0.07423,0.19771,0.77761,0.39728,0.728433,122.069
T000607,Li7,BN,binder_void,0.19771,0.77761,0.39728,0.34557,1.375975,0.71266,0.693234,348.302
T000607,Li7,binder_void,BN,0.34557,1.375975,0.71266,0.42067,1.710995,0.87288,0.379258,45.7617
T000607,Li7,BN,BN,0.42067,1.710995,0.87288,0.58708,2.575905,1.32485,1.00933,214.145
T000607,Li7,BN,BN,0.58708,2.575905,1.32485,0.58708,2.575905,1.32485,0,0
T000608,alpha,BN,binder_void,0,0,0,-0.1431,-0.593064,-0.30249,0.681021,254.16
T000608,alpha,binder_void,BN,-0.1431,-0.593064,-0.30249,-0.17474,-0.729785,-0.37294,0.157028,26.4319
T000608,alpha,BN,binder_void,-0.17474,-0.729785,-0.37294,-0.23607,-0.995375,-0.50985,0.30505,119.393
T000608,alpha,binder_void,BN,-0.23607,-0.995375,-0.50985,-0.2591,-1.102025,-0.56411,0.121857,18.6069
T000608,alpha,BN,binder_void,-0.2591,-1.102025,-0.56411,-0.39929,-1.745355,-0.890573,0.735065,308.783
T000608,alpha,binder_void,BN,-0.39929,-1.745355,-0.890573,-0.58522,-2.638285,-1.334317,1.01447,188.35
T000608,alpha,BN,binder_void,-0.58522,-2.638285,-1.334317,-0.69707,-3.140145,-1.5974185,0.577875,230.094
T000608,alpha,binder_void,BN,-0.69707,-3.140145,-1.5974185,-0.73598,-3.276785,-1.6702897,0.159682,21.6474
T000608,alpha,BN,binder_void,-0.73598,-3.276785,-1.6702897,-0.94531,-4.024205,-2.092738,0.886246,181.239
T000608,alpha,binder_void,ZnS,-0.94531,-4.024205,-2.092738,-0.99927,-4.163285,-2.166439,0.166529,16.4403
T000608,alpha,ZnS,ZnS,-0.99927,-4.163285,-2.166439,-1.30677,-4.698125,-2.85888,0.984805,100.453
T000608,alpha,ZnS,ZnS,-1.30677,-4.698125,-2.85888,-1.3249,-4.704395,-2.87466,0.356133,4.40112
T000608,alpha,ZnS,ZnS,-1.3249,-4.704395,-2.87466,-1.3249,-4.704395,-2.87466,0,0
T000609,Li7,BN,binder_void,0,0,0,0.08408,-0.1207,-0.02507,0.149284,98.1292
T000609,Li7,binder_void,BN,0.08408,-0.1207,-0.02507,0.54919,-0.7756,-0.13869,0.811476,143.24
T000609,Li7,BN,binder_void,0.54919,-0.7756,-0.13869,1.09161,-1.5293,-0.28373,0.941655,459.714
T000609,Li7,binder_void,BN,1.09161,-1.5293,-0.28373,1.30156,-1.7796,-0.32706,0.330564,25.7824
T000609,Li7,BN,binder_void,1.30156,-1.7796,-0.32706,1.58435,-2.1026,-0.36014,0.438668,107.555
T000609,Li7,binder_void,binder_void,1.58435,-2.1026,-0.36014,1.6377,-2.1468,-0.34418,0.0939512,4.11904
T000609,Li7,binder_void,BN,1.6377,-2.1468,-0.34418,1.63976,-2.1486,-0.34334,0.0031488,0.104934
T000609,Li7,BN,BN,1.63976,-2.1486,-0.34334,1.64528,-2.1502,-0.34227,0.0149015,1.0936
T000609,Li7,BN,BN,1.64528,-2.1502,-0.34227,1.64501,-2.1559,-0.34352,0.0192748,0.261619
T000609,Li7,BN,BN,1.64501,-2.1559,-0.34352,1.64501,-2.1559,-0.34352,0,0
T000610,alpha,BN,binder_void,0,0,0,-0.36503,0.5244,0.10884,0.648145,250.953
T000610,alpha,binder_void,BN,-0.36503,0.5244,0.10884,-0.57729,0.826,0.17086,0.373991,57.8333
T000610,alpha,BN,binder_void,-0.57729,0.826,0.17086,-1.00486,1.4193,0.30435,0.743585,327.732
T000610,alpha,binder_void,BN,-1.00486,1.4193,0.30435,-1.59401,2.2554,0.48704,1.03917,173.069
T000610,alpha,BN,binder_void,-1.59401,2.2554,0.48704,-1.95911,2.771,0.60126,0.64225,265.888
T000610,alpha,binder_void,BN,-1.95911,2.771,0.60126,-2.45191,3.4493,0.75202,0.852235,136.731
T000610,alpha,BN,BN,-2.45191,3.4493,0.75202,-3.00541,4.1912,0.93125,0.947115,257.794
T000610,alpha,BN,BN,-3.00541,4.1912,0.93125,-3.00541,4.1912,0.93125,0,0
T000611,Li7,BN,binder_void,0,0,0,0.11463,-0.1037,0.07235,0.170726,112.072
T000611,Li7,binder_void,BN,0.11463,-0.1037,0.07235,0.17002,-0.1389,0.09775,0.0703538,12.6659
T000611,Li7,BN,binder_void,0.17002,-0.1389,0.09775,0.80951,-0.5407,0.39013,0.81079,416.891
T000611,Li7,binder_void,BN,0.80951,-0.5407,0.39013,1.11715,-0.758,0.5465,0.408122,48.7438
T000611,Li7,BN,binder_void,1.11715,-0.758,0.5465,1.66678,-1.1271,0.86039,0.738514,231.225
T000611,Li7,binder_void,binder_void,1.66678,-1.1271,0.86039,1.7476,-1.3342,1.02679,0.292104,12.5468
T000611,Li7,binder_void,binder_void,1.7476,-1.3342,1.02679,1.90866,-1.4304,1.09105,0.265854,8.45262
T000611,Li7,binder_void,binder_void,1.90866,-1.4304,1.09105,1.90866,-1.4304,1.09105,0,0
T000612,alpha,BN,binder_void,0,0,0,-0.38054,0.3445,-0.24019,0.566747,229.597
T000612,alpha,binder_void,BN,-0.38054,0.3445,-0.24019,-0.67839,0.6047,-0.43036,0.43886,63.6969
T000612,alpha,BN,binder_void,-0.67839,0.6047,-0.43036,-0.78062,0.6938,-0.49752,0.151323,57.7573
T000612,alpha,binder_void,BN,-0.78062,0.6938,-0.49752,-0.95023,0.8417,-0.60965,0.251441,42.9111
T000612,alpha,BN,binder_void,-0.95023,0.8417,-0.60965,-1.44931,1.2769,-0.93561,0.738232,309.969
T000612,alpha,binder_void,ZnS,-1.44931,1.2769,-0.93561,-1.61141,1.4153,-1.0406,0.237554,37.9124
T000612,alpha,ZnS,ZnS,-1.61141,1.4153,-1.0406,-3.95661,3.4036,-2.56837,3.50586,728.157
T000612,alpha,ZnS,ZnS,-3.95661,3.4036,-2.56837,-3.95661,3.4036,-2.56837,0,0
T000613,Li7,BN,binder_void,0,0,0,-0.29943,0.54891,-0.36946,0.726781,431.529
T000613,Li7,binder_void,BN,-0.29943,0.54891,-0.36946,-0.36695,0.67518,-0.45238,0.165493,24.6748
T000613,Li7,BN,BN,-0.36695,0.67518,-0.45238,-0.77535,1.43449,-0.94523,0.998332,383.796
T000613,Li7,BN,BN,-0.77535,1.43449,-0.94523,-0.77535,1.43449,-0.94523,0,0
T000614,alpha,BN,binder_void,0,0,0,0.07666,-0.14054,0.0946,0.185953,65.5007
T000614,alpha,binder_void,ZnS,0.07666,-0.14054,0.0946,0.11709,-0.21507,0.1456,0.0989473,13.131
T000614,alpha,ZnS,binder_void,0.11709,-0.21507,0.1456,1.66324,-3.05811,2.09919,3.79893,1053
T000614,alpha,binder_void,BN,1.66324,-3.05811,2.09919,1.73827,-3.20802,2.14579,0.17402,32.4212
T000614,alpha,BN,binder_void,1.73827,-3.20802,2.14579,2.03636,-3.80127,2.33838,0.692718,165.127
T000614,alpha,binder_void,ZnS,2.03636,-3.80127,2.33838,2.20889,-4.16147,2.43299,0.411076,41.9614
T000614,alpha,ZnS,ZnS,2.20889,-4.16147,2.43299,2.38324,-4.75267,2.82285,0.765967,9.3101
T000614,alpha,ZnS,ZnS,2.38324,-4.75267,2.82285,2.74389,-4.97127,3.49891,0.909243,89.5438
T000614,alpha,ZnS,ZnS,2.74389,-4.97127,3.49891,2.74389,-4.97127,3.49891,0,0
T000615,Li7,BN,binder_void,0,0,0,-0.09469,0.19819,0.3402,0.405086,260.338
T000615,Li7,binder_void,BN,-0.09469,0.19819,0.3402,-0.32902,0.49788,0.85711,0.642065,100.227
T000615,Li7,BN,binder_void,-0.32902,0.49788,0.85711,-0.64827,0.91921,1.52243,0.851987,314.63
T000615,Li7,binder_void,BN,-0.64827,0.91921,1.52243,-0.68585,0.96756,1.61741,0.11309,10.5394
T000615,Li7,BN,BN,-0.68585,0.96756,1.61741,-0.98441,1.35618,2.35515,0.914303,158.998
T000615,Li7,BN,BN,-0.98441,1.35618,2.35515,-0.98441,1.35618,2.35515,0,0
T000616,alpha,BN,binder_void,0,0,0,0.07798,-0.16322,-0.28018,0.333516,125.482
T000616,alpha,binder_void,ZnS,0.07798,-0.16322,-0.28018,0.10149,-0.21108,-0.36445,0.0997244,14.6845
T000616,alpha,ZnS,binder_void,0.10149,-0.21108,-0.36445,0.6227,-1.28635,-2.24851,2.23706,761.83
T000616,alpha,binder_void,binder_void,0.6227,-1.28635,-2.24851,1.47609,-3.07977,-5.486042,3.80369,568.003
T000616,alpha,binder_void,binder_void,1.47609,-3.07977,-5.486042,1.47609,-3.07977,-5.486042,0,0
T000617,Li7,BN,binder_void,0,0,0,-0.00397,0.0227,0.01065,0.0253894,14.3913
T000617,Li7,binder_void,ZnS,-0.00397,0.0227,0.01065,-0.0611,0.35239,0.16409,0.368148,58.3189
T000617,Li7,ZnS,ZnS,-0.0611,0.35239,0.16409,-0.26562,1.68259,1.01146,1.60074,605.931
T000617,Li7,ZnS,ZnS,-0.26562,1.68259,1.01146,-0.10034,2.03465,2.12422,1.29194,161.358
T000617,Li7,ZnS,ZnS,-0.10034,2.03465,2.12422,-0.10034,2.03465,2.12422,0,0
T000618,alpha,BN,binder_void,0,0,0,0.14908,-0.85332,-0.40041,0.954442,375.234
T000618,alpha,binder_void,BN,0.14908,-0.85332,-0.40041,0.30726,-1.76796,-0.82568,1.02109,154.214
T000618,alpha,BN,binder_void,0.30726,-1.76796,-0.82568,0.43551,-2.51252,-1.17888,0.834235,374.549
T000618,alpha,binder_void,BN,0.43551,-2.51252,-1.17888,0.6316,-3.59703,-1.7149,1.22597,211.038
T000618,alpha,BN,BN,0.6316,-3.59703,-1.7149,0.76018,-4.37749,-2.089135,0.876826,354.965
T000618,alpha,BN,BN,0.76018,-4.37749,-2.089135,0.76018,-4.37749,-2.089135,0,0
T000619,Li7,BN,binder_void,0,0,0,0.10461,0.09076,-0.08604,0.163069,107.863
T000619,Li7,binder_void,BN,0.10461,0.09076,-0.08604,0.9383,0.80679,-0.77047,1.29537,210.076
T000619,Li7,BN,binder_void,0.9383,0.80679,-0.77047,1.55143,1.31581,-1.23242,0.923401,386.844
T000619,Li7,binder_void,ZnS,1.55143,1.31581,-1.23242,1.70353,1.42939,-1.31579,0.20771,19.5742
T000619,Li7,ZnS,ZnS,1.70353,1.42939,-1.31579,2.16179,1.52384,-1.51958,0.538899,86.9481
T000619,Li7,ZnS,ZnS,2.16179,1.52384,-1.51958,2.32069,1.29582,-1.35427,0.418284,28.6941
T000619,Li7,ZnS,ZnS,2.32069,1.29582,-1.35427,2.32069,1.29582,-1.35427,0,0
T000620,alpha,BN,binder_void,0,0,0,-0.09535,-0.08271,0.07842,0.148604,57.0798
T000620,alpha,binder_void,BN,-0.09535,-0.08271,0.07842,-0.44356,-0.38384,0.36819,0.543977,81.5984
T000620,alpha,BN,binder_void,-0.44356,-0.38384,0.36819,-0.73099,-0.6349,0.61189,0.452848,184.854
T000620,alpha,binder_void,ZnS,-0.73099,-0.6349,0.61189,-1.12642,-0.98294,0.95172,0.626906,100.499
T000620,alpha,ZnS,ZnS,-1.12642,-0.98294,0.95172,-3.8433,-3.38901,3.29471,4.37907,1045.97
T000620,alpha,ZnS,ZnS,-3.8433,-3.38901,3.29471,-3.8433,-3.38901,3.29471,0,0
T000621,Li7,BN,binder_void,0,0,0,0.1044,-0.41279,0.10209,0.438019,258.986
T000621,Li7,binder_void,ZnS,0.1044,-0.41279,0.10209,0.1211,-0.484249,0.12183,0.0760013,13.1996
T000621,Li7,ZnS,ZnS,0.1211,-0.484249,0.12183,0.4176,-1.848162,0.74132,1.54406,516.521
T000621,Li7,ZnS,ZnS,0.4176,-1.848162,0.74132,0.4099,-2.00614,1.04083,0.822078,51.2935
T000621,Li7,ZnS,ZnS,0.4099,-2.00614,1.04083,0.4099,-2.00614,1.04083,0,0
T000622,alpha,BN,binder_void,0,0,0,-0.1319,0.522,-0.12911,0.553718,209.752
T000622,alpha,binder_void,BN,-0.1319,0.522,-0.12911,-0.1591,0.62909,-0.15666,0.113864,15.9368
T000622,alpha,BN,binder_void,-0.1591,0.62909,-0.15666,-0.3791,1.48467,-0.37783,0.910833,377.438
T000622,alpha,binder_void,BN,-0.3791,1.48467,-0.37783,-0.4416,1.72892,-0.44343,0.26054,50.6213
T000622,alpha,BN,binder_void,-0.4416,1.72892,-0.44343,-0.5683,2.22966,-0.57537,0.53321,224.535
T000622,alpha,binder_void,BN,-0.5683,2.22966,-0.57537,-0.6357,2.4954,-0.64464,0.282802,50.5735
T000622,alpha,BN,binder_void,-0.6357,2.4954,-0.64464,-0.8479,3.31653,-0.86081,0.875968,393.5
T000622,alpha,binder_void,BN,-0.8479,3.31653,-0.86081,-0.9396,3.786,-0.99312,0.497171,58.6128
T000622,alpha,BN,binder_void,-0.9396,3.786,-0.99312,-1.0208,4.11609,-1.11221,0.36415,81.8623
T000622,alpha,binder_void,BN,-1.0208,4.11609,-1.11221,-1.0208,4.11609,-1.11221,0,0
T000622,alpha,BN,BN,-1.0208,4.11609,-1.11221,-1.0305,4.13593,-1.13204,0.0323169,2.40932
T000622,alpha,BN,BN,-1.0305,4.13593,-1.13204,-1.0407,4.15472,-1.16694,0.0452802,2.02963
T000622,alpha,BN,BN,-1.0407,4.15472,-1.16694,-1.0699,4.1405,-1.17455,0.0399827,1.0885
T000622,alpha,BN,BN,-1.0699,4.1405,-1.17455,-1.0781,4.13681,-1.19933,0.039234,1.26149
T000622,alpha,BN,BN,-1.0781,4.13681,-1.19933,-1.0762,4.13673,-1.19979,0.0416867,0.379672
T000622,alpha,BN,BN,-1.0762,4.13673,-1.19979,-1.0762,4.13673,-1.19979,0,0
T000623,Li7,BN,binder_void,0,0,0,-0.1337,-0.412788,-0.05918,0.438093,275.388
T000623,Li7,binder_void,binder_void,-0.1337,-0.412788,-0.05918,-0.7616,-2.20228,-0.19959,1.90289,265.734
T000623,Li7,binder_void,BN,-0.7616,-2.20228,-0.19959,-0.8616,-2.81927,-0.29359,0.63291,77.7585
T000623,Li7,BN,binder_void,-0.8616,-2.81927,-0.29359,-0.8929,-2.99711,-0.31397,0.182072,66.967
T000623,Li7,binder_void,BN,-0.8929,-2.99711,-0.31397,-1.0369,-3.73878,-0.41992,0.767332,64.2981
T000623,Li7,BN,BN,-1.0369,-3.73878,-0.41992,-1.1685,-4.4267,-0.51349,0.764601,89.8548
T000623,Li7,BN,BN,-1.1685,-4.4267,-0.51349,-1.1685,-4.4267,-0.51349,0,0
T000624,alpha,BN,binder_void,0,0,0,0.169,0.52182,0.07481,0.553624,218.023
T000624,alpha,binder_void,BN,0.169,0.52182,0.07481,0.7283,2.31608,0.31463,1.89488,306.382
T000624,alpha,BN,binder_void,0.7283,2.31608,0.31463,0.8979,2.87876,0.39351,0.593065,262.929
T000624,alpha,binder_void,BN,0.8979,2.87876,0.39351,1.013,3.33951,0.44822,0.478088,85.3674
T000624,alpha,BN,binder_void,1.013,3.33951,0.44822,1.1781,3.99228,0.52346,0.677872,322.598
T000624,alpha,binder_void,BN,1.1781,3.99228,0.52346,1.234,4.20419,0.54007,0.219846,31.7036
T000624,alpha,BN,binder_void,1.234,4.20419,0.54007,1.403,4.84582,0.58497,0.667074,178.052
T000624,alpha,binder_void,BN,1.403,4.84582,0.58497,1.433,5.06278,0.63865,0.226331,17.7824
T000624,alpha,BN,BN,1.433,5.06278,0.63865,1.5084,5.50324,0.75331,0.498147,47.1619
T000624,alpha,BN,BN,1.5084,5.50324,0.75331,1.5084,5.50324,0.75331,0,0
T000625,Li7,BN,binder_void,0,0,0,-0.05949,-0.12007,-0.06996,0.151184,102.134
T000625,Li7,binder_void,BN,-0.05949,-0.12007,-0.06996,-0.17524,-0.35131,-0.20486,0.291694,49.4349
T000625,Li7,BN,binder_void,-0.17524,-0.35131,-0.20486,-0.37076,-0.73959,-0.43768,0.49347,274.292
T000625,Li7,binder_void,BN,-0.37076,-0.73959,-0.43768,-0.65905,-1.41428,-0.83182,0.833665,110.216
T000625,Li7,BN,binder_void,-0.65905,-1.41428,-0.83182,-0.99315,-2.23555,-1.289109,1.00633,251.747
T000625,Li7,binder_void,BN,-0.99315,-2.23555,-1.289109,-1.04079,-2.35112,-1.308471,0.127353,8.028
T000625,Li7,BN,BN,-1.04079,-2.35112,-1.308471,-1.15917,-2.71072,-1.568717,0.492142,44.1478
T000625,Li7,BN,BN,-1.15917,-2.71072,-1.568717,-1.15917,-2.71072,-1.568717,0,0
T000626,alpha,BN,binder_void,0,0,0,0.18781,0.37905,0.22085,0.477237,184.84
T000626,alpha,binder_void,BN,0.18781,0.37905,0.22085,0.1992,0.40208,0.23417,0.0289522,4.53219
T000626,alpha,BN,binder_void,0.1992,0.40208,0.23417,0.53587,1.07903,0.62459,0.851021,322.167
T000626,alpha,binder_void,BN,0.53587,1.07903,0.62459,0.60387,1.22113,0.70356,0.176229,31.0437
T000626,alpha,BN,binder_void,0.60387,1.22113,0.70356,0.91107,1.85632,1.06048,0.790912,322.745
T000626,alpha,binder_void,ZnS,0.91107,1.85632,1.06048,1.27127,2.60883,1.45814,0.924416,173.975
T000626,alpha,ZnS,ZnS,1.27127,2.60883,1.45814,2.23267,4.71433,2.56682,2.67406,430.697
T000626,alpha,ZnS,ZnS,2.23267,4.71433,2.56682,2.23267,4.71433,2.56682,0,0
T000627,Li7,BN,binder_void,0,0,0,-0.42293,-0.30439,0.32878,0.616491,376.4
T000627,Li7,binder_void,BN,-0.42293,-0.30439,0.32878,-1.48574,-1.062,1.11681,1.52703,203.737
T000627,Li7,BN,BN,-1.48574,-1.062,1.11681,-2.08189,-1.4689,1.57508,0.862871,262.739
T000627,Li7,BN,BN,-2.08189,-1.4689,1.57508,-2.08189,-1.4689,1.57508,0,0
T000628,alpha,BN,binder_void,0,0,0,0.08036,0.05784,-0.06248,0.117082,43.3984
T000628,alpha,binder_void,BN,0.08036,0.05784,-0.06248,1.01637,0.73797,-0.78389,1.36362,194.992
T000628,alpha,BN,binder_void,1.01637,0.73797,-0.78389,1.04267,0.75687,-0.80379,0.0380168,14.8649
T000628,alpha,binder_void,BN,1.04267,0.75687,-0.80379,1.15377,0.83692,-0.88787,0.160624,30.0428
T000628,alpha,BN,binder_void,1.15377,0.83692,-0.88787,1.60217,1.16164,-1.21604,0.643677,275.592
T000628,alpha,binder_void,BN,1.60217,1.16164,-1.21604,1.97617,1.42875,-1.470743,0.525538,90.3246
T000628,alpha,BN,binder_void,1.97617,1.42875,-1.470743,2.18377,1.57632,-1.611988,0.291234,133.933
T000628,alpha,binder_void,BN,2.18377,1.57632,-1.611988,2.42137,1.74305,-1.773189,0.332091,52.366
T000628,alpha,BN,binder_void,2.42137,1.74305,-1.773189,2.95037,2.11379,-2.131693,0.739127,273.843
T000628,alpha,binder_void,ZnS,2.95037,2.11379,-2.131693,3.18557,2.28221,-2.3046313,0.337139,58.2861
T000628,alpha,ZnS,ZnS,3.18557,2.28221,-2.3046313,4.68057,3.32791,-3.3973,2.27179,302.358
T000628,alpha,ZnS,ZnS,4.68057,3.32791,-3.3973,4.68057,3.32791,-3.3973,0,0
T000629,Li7,BN,binder_void,0,0,0,0.0256,-0.0408,-0.0097,0.0491176,32.4361
T000629,Li7,binder_void,ZnS,0.0256,-0.0408,-0.0097,0.3884,-0.5894,-0.14568,0.671847,106.76
T000629,Li7,ZnS,ZnS,0.3884,-0.5894,-0.14568,1.1976,-1.8292,-0.670975,1.58294,648.396
T000629,Li7,ZnS,ZnS,1.1976,-1.8292,-0.670975,1.281,-2.1378,-0.808276,0.83096,52.4078
T000629,Li7,ZnS,ZnS,1.281,-2.1378,-0.808276,1.281,-2.1378,-0.808276,0,0
T000630,alpha,BN,binder_void,0,0,0,-0.49331,0.7858,0.18695,0.946514,356.481
T000630,alpha,binder_void,BN,-0.49331,0.7858,0.18695,-0.81998,1.3206,0.32322,0.641427,104.729
T000630,alpha,BN,binder_void,-0.81998,1.3206,0.32322,-1.28489,2.0811,0.51963,0.912972,399.943
T000630,alpha,binder_void,ZnS,-1.28489,2.0811,0.51963,-1.73029,2.7971,0.70999,0.864615,158.102
T000630,alpha,ZnS,ZnS,-1.73029,2.7971,0.70999,-2.50165,4.0143,0.99728,1.48931,450.746
T000630,alpha,ZnS,ZnS,-2.50165,4.0143,0.99728,-2.50165,4.0143,0.99728,0,0
T000631,Li7,BN,binder_void,0,0,0,-0.60841,0.0665,-0.0778,0.617274,373.036
T000631,Li7,binder_void,BN,-0.60841,0.0665,-0.0778,-1.27801,0.1481,-0.19052,0.684333,92.6602
T000631,Li7,BN,binder_void,-1.27801,0.1481,-0.19052,-2.12306,0.2521,-0.34585,0.869314,335.036
T000631,Li7,binder_void,BN,-2.12306,0.2521,-0.34585,-2.56184,0.3393,-0.47247,0.488358,22.9178
T000631,Li7,BN,BN,-2.56184,0.3393,-0.47247,-2.61606,0.3487,-0.51593,0.075065,11.0198
T000631,Li7,BN,BN,-2.61606,0.3487,-0.51593,-2.67251,0.3564,-0.55544,0.0877423,4.3452
T000631,Li7,BN,BN,-2.67251,0.3564,-0.55544,-2.67443,0.3563,-0.55805,0.0799796,0.985223
T000631,Li7,BN,BN,-2.67443,0.3563,-0.55805,-2.67443,0.3563,-0.55805,0,0
T000632,alpha,BN,binder_void,0,0,0,0.0743,-0.0081,0.00951,0.0753476,31.1217
T000632,alpha,binder_void,BN,0.0743,-0.0081,0.00951,0.9793,-0.1068,0.1239,0.917633,128.052
T000632,alpha,BN,binder_void,0.9793,-0.1068,0.1239,1.9227,-0.2067,0.23868,0.955719,387.313
T000632,alpha,binder_void,ZnS,1.9227,-0.2067,0.23868,2.2265,-0.2365,0.27399,0.307292,54.4617
T000632,alpha,ZnS,ZnS,2.2265,-0.2365,0.27399,5.4774,-0.5646,0.65399,3.32733,869.052
T000632,alpha,ZnS,ZnS,5.4774,-0.5646,0.65399,5.4774,-0.5646,0.65399,0,0
T000633,Li7,BN,binder_void,0,0,0,0.01902,0.02233,0.06024,0.0670036,43.1093
T000633,Li7,binder_void,BN,0.01902,0.02233,0.06024,0.05183,0.06118,0.16823,0.11937,20.4979
T000633,Li7,BN,binder_void,0.05183,0.06118,0.16823,0.23256,0.27939,0.78784,0.68185,412.78
T000633,Li7,binder_void,BN,0.23256,0.27939,0.78784,0.60882,0.87153,1.98234,1.38836,149.676
T000633,Li7,BN,BN,0.60882,0.87153,1.98234,0.86571,1.31051,2.74966,0.935572,213.936
T000633,Li7,BN,BN,0.86571,1.31051,2.74966,0.86571,1.31051,2.74966,0,0
T000634,alpha,BN,binder_void,0,0,0,-0.21395,-0.25125,-0.67787,0.754004,305.673
T000634,alpha,binder_void,ZnS,-0.21395,-0.25125,-0.67787,-0.42468,-0.51566,-1.3553367,0.757197,110.894
T000634,alpha,ZnS,binder_void,-0.42468,-0.51566,-1.3553367,-1.0445,-1.3286,-3.40407,2.29975,770.643
T000634,alpha,binder_void,BN,-1.0445,-1.3286,-3.40407,-1.09289,-1.41762,-3.62442,0.242586,35.0809
T000634,alpha,BN,BN,-1.09289,-1.41762,-3.62442,-1.27426,-1.73902,-4.38877,0.852326,247.708
T000634,alpha,BN,BN,-1.27426,-1.73902,-4.38877,-1.27426,-1.73902,-4.38877,0,0
T000635,Li7,BN,binder_void,0,0,0,-0.35788,0.14905,-0.724559,0.82244,485.763
T000635,Li7,binder_void,BN,-0.35788,0.14905,-0.724559,-0.83819,0.29469,-1.605072,1.01515,128.055
T000635,Li7,BN,binder_void,-0.83819,0.29469,-1.605072,-1.17028,0.44791,-2.206141,0.709987,197.763
T000635,Li7,binder_void,binder_void,-1.17028,0.44791,-2.206141,-1.41212,0.60285,-2.71569,0.649011,34.4358
T000635,Li7,binder_void,binder_void,-1.41212,0.60285,-2.71569,-1.41212,0.60285,-2.71569,0,0
T000636,alpha,BN,binder_void,0,0,0,0.02677,-0.01115,0.0542,0.06147,22.9882
T000636,alpha,binder_void,BN,0.02677,-0.01115,0.0542,0.08468,-0.03489,0.17049,0.132065,16.7089
T000636,alpha,BN,binder_void,0.08468,-0.03489,0.17049,0.37093,-0.15222,0.74519,0.652743,244.955
T000636,alpha,binder_void,BN,0.37093,-0.15222,0.74519,0.63254,-0.25945,1.28172,0.60649,92.6042
T000636,alpha,BN,binder_void,0.63254,-0.25945,1.28172,0.8418,-0.34528,1.71855,0.491967,206.79
T000636,alpha,binder_void,BN,0.8418,-0.34528,1.71855,0.97017,-0.39872,1.98599,0.301435,49.4025
T000636,alpha,BN,binder_void,0.97017,-0.39872,1.98599,1.29375,-0.53169,2.66051,0.760089,336.61
T000636,alpha,binder_void,BN,1.29375,-0.53169,2.66051,1.48778,-0.60851,3.04919,0.441222,73.6045
T000636,alpha,BN,binder_void,1.48778,-0.60851,3.04919,1.62875,-0.66971,3.33683,0.326262,131.338
T000636,alpha,binder_void,BN,1.62875,-0.66971,3.33683,2.01099,-0.84168,4.09446,0.866575,113.501
T000636,alpha,BN,BN,2.01099,-0.84168,4.09446,2.43249,-1.05828,4.93873,0.979074,183.471
T000636,alpha,BN,BN,2.43249,-1.05828,4.93873,2.43249,-1.05828,4.93873,0,0
T000637,Li7,BN,binder_void,0,0,0,-0.28722,0.46996,0.77291,0.950026,558.164
T000637,Li7,binder_void,BN,-0.28722,0.46996,0.77291,-0.30075,0.49149,0.81365,0.0480277,4.67269
T000637,Li7,BN,binder_void,-0.30075,0.49149,0.81365,-0.47783,0.77981,1.35993,0.646002,240.041
T000637,Li7,binder_void,ZnS,-0.47783,0.77981,1.35993,-0.59013,1.08387,1.61072,0.429659,27.7766
T000637,Li7,ZnS,ZnS,-0.59013,1.08387,1.61072,-0.57624,1.0906,1.63857,0.065321,3.72906
T000637,Li7,ZnS,ZnS,-0.57624,1.0906,1.63857,-0.56208,1.08079,1.64068,0.0638113,3.8142
T000637,Li7,ZnS,binder_void,-0.56208,1.08079,1.64068,-0.56286,1.07896,1.6419,0.0035411,0.14926
T000637,Li7,binder_void,ZnS,-0.56286,1.07896,1.6419,-0.56286,1.07896,1.6419,0,0
T000637,Li7,ZnS,ZnS,-0.56286,1.07896,1.6419,-0.56462,1.07993,1.63902,0.0283257,1.17661
T000637,Li7,ZnS,ZnS,-0.56462,1.07993,1.63902,-0.564,1.0803,1.64003,0.0258372,0.476571
T000637,Li7,ZnS,ZnS,-0.564,1.0803,1.64003,-0.564,1.0803,1.64003,0,0
T000638,alpha,BN,binder_void,0,0,0,0.00011,-0.00019,-0.0003,0.000378616,0.127759
T000638,alpha,binder_void,BN,0.00011,-0.00019,-0.0003,0.0158,-0.02586,-0.04252,0.0518441,8.84721
T000638,alpha,BN,binder_void,0.0158,-0.02586,-0.04252,0.29253,-0.48012,-0.78815,0.916033,360.396
T000638,alpha,binder_void,BN,0.29253,-0.48012,-0.78815,0.30153,-0.49562,-0.81395,0.0314071,4.5409
T000638,alpha,BN,binder_void,0.30153,-0.49562,-0.81395,0.58759,-0.987277,-1.63114,0.995924,451.014
T000638,alpha,binder_void,BN,0.58759,-0.987277,-1.63114,0.59272,-0.995878,-1.64517,0.017235,3.45448
T000638,alpha,BN,binder_void,0.59272,-0.995878,-1.64517,0.86795,-1.45749,-2.39803,0.925616,417.202
T000638,alpha,binder_void,BN,0.86795,-1.45749,-2.39803,1.04914,-1.789797,-2.918759,0.644417,76.8587
T000638,alpha,BN,binder_void,1.04914,-1.789797,-2.918759,1.17881,-1.985089,-3.262487,0.418013,139.86
T000638,alpha,binder_void,binder_void,1.17881,-1.985089,-3.262487,1.21013,-2.054907,-3.340736,0.114077,7.69921
T000638,alpha,binder_void,binder_void,1.21013,-2.054907,-3.340736,1.21013,-2.054907,-3.340736,0,0
T000639,Li7,BN,binder_void,0,0,0,0.00016,6e-05,-0.00034,0.000384892,0.145581
T000639,Li7,binder_void,BN,0.00016,6e-05,-0.00034,0.03015,0.01108,-0.06467,0.0718322,12.4103
T000639,Li7,BN,binder_void,0.03015,0.01108,-0.06467,0.29973,0.10345,-0.61896,0.623625,384.717
T000639,Li7,binder_void,BN,0.29973,0.10345,-0.61896,0.32875,0.11879,-0.68094,0.0701483,10.1272
T000639,Li7,BN,binder_void,0.32875,0.11879,-0.68094,0.65172,0.28344,-1.37352,0.783963,310.559
T000639,Li7,binder_void,binder_void,0.65172,0.28344,-1.37352,1.44749,0.93698,-2.615561,1.64123,116.566
T000639,Li7,binder_void,BN,1.44749,0.93698,-2.615561,1.45692,0.96093,-2.620434,0.0286439,0.807524
T000639,Li7,BN,binder_void,1.45692,0.96093,-2.620434,1.45692,0.96093,-2.620434,0,0
T000639,Li7,binder_void,binder_void,1.45692,0.96093,-2.620434,1.43425,0.97635,-2.55864,0.100704,4.36187
T000639,Li7,binder_void,binder_void,1.43425,0.97635,-2.55864,1.43447,0.97713,-2.55777,0.00174986,0.305545
T000639,Li7,binder_void,binder_void,1.43447,0.97713,-2.55777,1.43447,0.97713,-2.55777,0,0
T000640,alpha,BN,binder_void,0,0,0,-0.38961,-0.14308,0.83626,0.93372,366.247
T000640,alpha,binder_void,BN,-0.38961,-0.14308,0.83626,-0.48844,-0.18015,1.05453,0.242449,43.1043
T000640,alpha,BN,binder_void,-0.48844,-0.18015,1.05453,-0.84451,-0.31339,1.84034,0.873148,377.522
T000640,alpha,binder_void,ZnS,-0.84451,-0.31339,1.84034,-0.92707,-0.34512,2.01837,0.198804,34.337
T000640,alpha,ZnS,ZnS,-0.92707,-0.34512,2.01837,-2.24394,-0.887907,4.89589,3.28919,648.79
T000640,alpha,ZnS,ZnS,-2.24394,-0.887907,4.89589,-2.24394,-0.887907,4.89589,0,0
T000641,Li7,BN,binder_void,0,0,0,0.05601,-0.0733,-0.03785,0.0997344,64.4787
T000641,Li7,binder_void,BN,0.05601,-0.0733,-0.03785,0.33554,-0.4446,-0.22901,0.502634,88.5806
T000641,Li7,BN,binder_void,0.33554,-0.4446,-0.22901,0.841323,-1.1125,-0.57813,0.908866,545.537
T000641,Li7,binder_void,BN,0.841323,-1.1125,-0.57813,0.906571,-1.1883,-0.618,0.107792,9.28597
T000641,Li7,BN,BN,0.906571,-1.1883,-0.618,1.4489264,-1.7844,-0.93109,0.905157,132.117
T000641,Li7,BN,BN,1.4489264,-1.7844,-0.93109,1.4489264,-1.7844,-0.93109,0,0
T000642,alpha,BN,binder_void,0,0,0,-0.43453,0.5688,0.29361,0.773706,306.483
T000642,alpha,binder_void,BN,-0.43453,0.5688,0.29361,-0.66832,0.8706,0.41929,0.401992,61.9318
T000642,alpha,BN,binder_void,-0.66832,0.8706,0.41929,-1.22301,1.5876,0.71772,0.954614,423.751
T000642,alpha,binder_void,BN,-1.22301,1.5876,0.71772,-1.43554,1.8661,0.83021,0.367899,69.539
T000642,alpha,BN,binder_void,-1.43554,1.8661,0.83021,-1.6159,2.1081,0.9271,0.317091,142.422
T000642,alpha,binder_void,ZnS,-1.6159,2.1081,0.9271,-2.06354,2.699,1.15849,0.776808,139.401
T000642,alpha,ZnS,ZnS,-2.06354,2.699,1.15849,-3.39962,4.3297,1.84048,2.35165,326.473
T000642,alpha,ZnS,ZnS,-3.39962,4.3297,1.84048,-3.39962,4.3297,1.84048,0,0
T000643,Li7,BN,binder_void,0,0,0,0.12452,-0.0326,0.00476,0.128821,91.6181
T000643,Li7,binder_void,BN,0.12452,-0.0326,0.00476,1.286229,-0.3231,0.04701,1.19879,186.183
T000643,Li7,BN,binder_void,1.286229,-0.3231,0.04701,2.043844,-0.5056,0.09609,0.782165,413.889
T000643,Li7,binder_void,binder_void,2.043844,-0.5056,0.09609,3.65946,-0.7884,0.29234,1.67645,96.2928
T000643,Li7,binder_void,BN,3.65946,-0.7884,0.29234,4.04395,-0.8782,0.34268,0.407414,22.5982
T000643,Li7,BN,BN,4.04395,-0.8782,0.34268,4.26531,-0.9427,0.31805,0.251808,29.4188
T000643,Li7,BN,BN,4.26531,-0.9427,0.31805,4.26531,-0.9427,0.31805,0,0
T000644,alpha,BN,binder_void,0,0,0,-0.57901,0.1517,-0.02214,0.599011,221.558
T000644,alpha,binder_void,BN,-0.57901,0.1517,-0.02214,-0.76457,0.1995,-0.03061,0.191809,34.2211
T000644,alpha,BN,binder_void,-0.76457,0.1995,-0.03061,-1.14035,0.2961,-0.04616,0.388345,163.936
T000644,alpha,binder_void,BN,-1.14035,0.2961,-0.04616,-2.04649,0.5248,-0.09937,0.936139,150.512
T000644,alpha,BN,binder_void,-2.04649,0.5248,-0.09937,-2.91466,0.7485,-0.15147,0.898337,387.167
T000644,alpha,binder_void,BN,-2.91466,0.7485,-0.15147,-3.03612,0.7774,-0.16371,0.125456,17.0478
T000644,alpha,BN,binder_void,-3.03612,0.7774,-0.16371,-3.87263,0.9743,-0.24012,0.863615,297.84
T000644,alpha,binder_void,BN,-3.87263,0.9743,-0.24012,-4.88666,1.2993,-0.23903,1.06735,122.368
T000644,alpha,BN,BN,-4.88666,1.2993,-0.23903,-5.23933,1.4429,-0.23203,0.387242,75.3491
T000644,alpha,BN,BN,-5.23933,1.4429,-0.23203,-5.23933,1.4429,-0.23203,0,0
T000645,Li7,BN,binder_void,0,0,0,0.11789,0.0646,0.07223,0.152622,98.191
T000645,Li7,binder_void,BN,0.11789,0.0646,0.07223,1.12201,0.59523,0.67527,1.28657,210.529
T000645,Li7,BN,binder_void,1.12201,0.59523,0.67527,1.83351,0.95738,1.11001,0.911157,399.516
T000645,Li7,binder_void,ZnS,1.83351,0.95738,1.11001,1.91081,0.99451,1.16423,0.101551,8.07573
T000645,Li7,ZnS,ZnS,1.91081,0.99451,1.16423,2.34521,1.34321,1.31688,0.610536,64.9935
T000645,Li7,ZnS,ZnS,2.34521,1.34321,1.31688,2.59141,1.62735,1.26506,0.625975,70.2498
T000645,Li7,ZnS,ZnS,2.59141,1.62735,1.26506,2.59141,1.62735,1.26506,0,0
T000646,alpha,BN,binder_void,0,0,0,-0.39484,-0.21633,-0.2419,0.511127,194.376
T000646,alpha,binder_void,BN,-0.39484,-0.21633,-0.2419,-0.40143,-0.22001,-0.24601,0.00858953,1.72991
T000646,alpha,BN,binder_void,-0.40143,-0.22001,-0.24601,-0.96073,-0.53189,-0.59475,0.729279,323.323
T000646,alpha,binder_void,BN,-0.96073,-0.53189,-0.59475,-1.4649,-0.80994,-0.90623,0.654657,99.9288
T000646,alpha,BN,binder_void,-1.4649,-0.80994,-0.90623,-2.16813,-1.18218,-1.3475,0.910192,389.881
T000646,alpha,binder_void,ZnS,-2.16813,-1.18218,-1.3475,-2.9879,-1.60817,-1.853839,1.05397,159.86
T000646,alpha,ZnS,ZnS,-2.9879,-1.60817,-1.853839,-4.63781,-2.44905,-2.888068,2.26688,300.902
T000646,alpha,ZnS,ZnS,-4.63781,-2.44905,-2.888068,-4.63781,-2.44905,-2.888068,0,0
T000647,Li7,BN,binder_void,0,0,0,-0.20022,0.55406,0.08667,0.595796,364.397
T000647,Li7,binder_void,BN,-0.20022,0.55406,0.08667,-0.25626,0.69931,0.10605,0.156909,27.8059
T000647,Li7,BN,binder_void,-0.25626,0.69931,0.10605,-0.50132,1.36291,0.19907,0.715191,289.438
T000647,Li7,binder_void,BN,-0.50132,1.36291,0.19907,-0.51606,1.40324,0.19849,0.0429558,4.44659
T000647,Li7,BN,binder_void,-0.51606,1.40324,0.19849,-0.66473,1.81287,0.19592,0.440281,102.668
T000647,Li7,binder_void,BN,-0.66473,1.81287,0.19592,-0.72419,2.03882,0.17992,0.237351,16.2037
T000647,Li7,BN,BN,-0.72419,2.03882,0.17992,-0.87027,2.29081,0.12227,0.313994,35.0407
T000647,Li7,BN,BN,-0.87027,2.29081,0.12227,-0.87027,2.29081,0.12227,0,0
T000648,alpha,BN,binder_void,0,0,0,0.04404,-0.12187,-0.01906,0.130983,50.9318
T000648,alpha,binder_void,BN,0.04404,-0.12187,-0.01906,0.06658,-0.18405,-0.02864,0.0668356,8.9009
T000648,alpha,BN,binder_void,0.06658,-0.18405,-0.02864,0.3889,-1.07649,-0.16523,0.958782,383.602
T000648,alpha,binder_void,BN,0.3889,-1.07649,-0.16523,1.12851,-3.15001,-0.50719,2.22836,389.518
T000648,alpha,BN,binder_void,1.12851,-3.15001,-0.50719,1.39921,-3.9018,-0.64918,0.812011,339.044
T000648,alpha,binder_void,BN,1.39921,-3.9018,-0.64918,1.40551,-3.91797,-0.65154,0.0175165,3.48754
T000648,alpha,BN,binder_void,1.40551,-3.91797,-0.65154,1.70451,-4.68884,-0.76282,0.836602,197.199
T000648,alpha,binder_void,BN,1.70451,-4.68884,-0.76282,1.70711,-4.69904,-0.76337,0.0105869,0.517205
T000648,alpha,BN,BN,1.70711,-4.69904,-0.76337,1.87681,-5.35924,-0.79441,0.700421,96.7997
T000648,alpha,BN,BN,1.87681,-5.35924,-0.79441,1.87681,-5.35924,-0.79441,0,0
T000649,Li7,BN,binder_void,0,0,0,-0.0347,0.3,0.1777,0.35048,216.11
T000649,Li7,binder_void,BN,-0.0347,0.3,0.1777,-0.04508,0.38,0.22544,0.0937716,17.7395
T000649,Li7,BN,binder_void,-0.04508,0.38,0.22544,-0.11214,0.8847,0.52604,0.591887,323.007
T000649,Li7,binder_void,ZnS,-0.11214,0.8847,0.52604,-0.155615,1.16384,0.67981,0.321861,36.8977
T000649,Li7,ZnS,ZnS,-0.155615,1.16384,0.67981,0.03454,2.19382,1.4924,1.38974,256.629
T000649,Li7,ZnS,ZnS,0.03454,2.19382,1.4924,0.03454,2.19382,1.4924,0,0
T000650,alpha,BN,binder_void,0,0,0,0.03116,-0.2693,-0.15957,0.314611,113.437
T000650,alpha,binder_void,BN,0.03116,-0.2693,-0.15957,0.08204,-0.6798,-0.403983,0.48048,67.8288
T000650,alpha,BN,binder_void,0.08204,-0.6798,-0.403983,0.12593,-1.009,-0.600563,0.385956,151.463
T000650,alpha,binder_void,BN,0.12593,-1.009,-0.600563,0.14996,-1.1902,-0.707556,0.211722,34.3003
T000650,alpha,BN,binder_void,0.14996,-1.1902,-0.707556,0.26482,-2.0419,-1.2126236,0.997082,423.663
T000650,alpha,binder_void,BN,0.26482,-2.0419,-1.2126236,0.35205,-2.5571,-1.520639,0.606677,99.9879
T000650,alpha,BN,binder_void,0.35205,-2.5571,-1.520639,0.39807,-2.8218,-1.677697,0.311281,137.855
T000650,alpha,binder_void,BN,0.39807,-2.8218,-1.677697,0.48241,-3.3369,-1.978303,0.602499,94.0146
T000650,alpha,BN,binder_void,0.48241,-3.3369,-1.978303,0.61145,-4.1303,-2.46239,0.940496,223.918
T000650,alpha,binder_void,BN,0.61145,-4.1303,-2.46239,0.68858,-4.5267,-2.70939,0.474511,52.9222
T000650,alpha,BN,BN,0.68858,-4.5267,-2.70939,0.77635,-5.0171,-3.0228,0.615814,70.6092
T000650,alpha,BN,BN,0.77635,-5.0171,-3.0228,0.77635,-5.0171,-3.0228,0,0
T000651,Li7,BN,binder_void,0,0,0,0.13732,-0.2279,-0.17957,0.321075,211.912
T000651,Li7,binder_void,BN,0.13732,-0.2279,-0.17957,0.29949,-0.4771,-0.395962,0.367806,54.913
T000651,Li7,BN,binder_void,0.29949,-0.4771,-0.395962,0.57745,-0.9148,-0.781378,0.646905,312.586
T000651,Li7,binder_void,binder_void,0.57745,-0.9148,-0.781378,1.19195,-2.2625,-1.743143,1.7719,168.906
T000651,Li7,binder_void,BN,1.19195,-2.2625,-1.743143,1.29925,-2.4607,-1.914917,0.284919,22.1379
T000651,Li7,BN,BN,1.29925,-2.4607,-1.914917,1.53449,-2.9006,-2.251346,0.671941,69.5456
T000651,Li7,BN,BN,1.53449,-2.9006,-2.251346,1.53449,-2.9006,-2.251346,0,0
T000652,alpha,BN,binder_void,0,0,0,-0.146912,0.2438,0.19211,0.343415,120.265
T000652,alpha,binder_void,BN,-0.146912,0.2438,0.19211,-0.157539,0.2612,0.20614,0.0247538,3.89418
T000652,alpha,BN,binder_void,-0.157539,0.2612,0.20614,-0.529943,0.8708,0.69723,0.867017,334.773
T000652,alpha,binder_void,ZnS,-0.529943,0.8708,0.69723,-0.55265,0.9083,0.72749,0.0532292,8.09836
T000652,alpha,ZnS,ZnS,-0.55265,0.9083,0.72749,-2.34482,3.8579,3.11851,4.25923,1002.97
T000652,alpha,ZnS,ZnS,-2.34482,3.8579,3.11851,-2.34482,3.8579,3.11851,0,0
T000653,Li7,BN,binder_void,0,0,0,0.40633,0.43361,-0.183451,0.622283,361.991
T000653,Li7,binder_void,BN,0.40633,0.43361,-0.183451,1.53976,1.4739,-0.514977,1.57619,205.707
T000653,Li7,BN,binder_void,1.53976,1.4739,-0.514977,1.86181,1.75191,-0.597299,0.434797,157.125
T000653,Li7,binder_void,BN,1.86181,1.75191,-0.597299,2.89758,2.686659,-0.97351,1.47868,100.832
T000653,Li7,BN,BN,2.89758,2.686659,-0.97351,2.93325,2.732588,-0.998351,0.0664847,8.93686
T000653,Li7,BN,BN,2.93325,2.732588,-0.998351,2.93397,2.778102,-1.012779,0.0572756,6.69746
T000653,Li7,BN,BN,2.93397,2.778102,-1.012779,2.93397,2.778102,-1.012779,0,0
T000654,alpha,BN,binder_void,0,0,0,-0.11005,-0.11744,0.04969,0.168438,56.9095
T000654,alpha,binder_void,ZnS,-0.11005,-0.11744,0.04969,-0.25953,-0.27726,0.11705,0.228966,37.6815
T000654,alpha,ZnS,binder_void,-0.25953,-0.27726,0.11705,-2.76376,-2.94937,1.24435,3.85161,1254.38
T000654,alpha,binder_void,ZnS,-2.76376,-2.94937,1.24435,-2.96318,-3.17819,1.30931,0.310879,27.999
T000654,alpha,ZnS,ZnS,-2.96318,-3.17819,1.30931,-3.583534,-3.62596,1.24813,0.813993,25.4645
T000654,alpha,ZnS,ZnS,-3.583534,-3.62596,1.24813,-4.009831,-3.79174,0.94724,0.587259,17.0322
T000654,alpha,ZnS,ZnS,-4.009831,-3.79174,0.94724,-4.089069,-4.01999,0.38278,0.700694,7.86432
T000654,alpha,ZnS,ZnS,-4.089069,-4.01999,0.38278,-4.27708,-4.09821,-0.0214,0.73737,42.6707
T000654,alpha,ZnS,ZnS,-4.27708,-4.09821,-0.0214,-4.27708,-4.09821,-0.0214,0,0
T000655,Li7,BN,binder_void,0,0,0,0.10659,-0.09892,-0.0512,0.154188,96.725
T000655,Li7,binder_void,BN,0.10659,-0.09892,-0.0512,0.45123,-0.42417,-0.217299,0.502245,87.3269
T000655,Li7,BN,binder_void,0.45123,-0.42417,-0.217299,0.81474,-0.7699,-0.381967,0.528412,273.942
T000655,Li7,binder_void,ZnS,0.81474,-0.7699,-0.381967,1.13311,-1.11995,-0.547204,0.501517,62.2886
T000655,Li7,ZnS,ZnS,1.13311,-1.11995,-0.547204,2.26505,-1.90933,-0.772781,1.44135,297.318
T000655,Li7,ZnS,ZnS,2.26505,-1.90933,-0.772781,2.35727,-1.97015,-0.779965,0.543259,22.4
T000655,Li7,ZnS,ZnS,2.35727,-1.97015,-0.779965,2.35727,-1.97015,-0.779965,0,0
T000656,alpha,BN,binder_void,0,0,0,-0.46979,0.43594,0.22566,0.67953,269.981
T000656,alpha,binder_void,BN,-0.46979,0.43594,0.22566,-0.64717,0.60213,0.30915,0.257017,38.4442
T000656,alpha,BN,binder_void,-0.64717,0.60213,0.30915,-1.0336,0.96501,0.49023,0.560243,239.49
T000656,alpha,binder_void,BN,-1.0336,0.96501,0.49023,-1.53731,1.4224,0.74232,0.725646,119.889
T000656,alpha,BN,binder_void,-1.53731,1.4224,0.74232,-1.98397,1.83204,0.96014,0.644198,285.583
T000656,alpha,binder_void,BN,-1.98397,1.83204,0.96014,-2.97907,2.768315,1.41739,1.44152,253.746
T000656,alpha,BN,binder_void,-2.97907,2.768315,1.41739,-3.43634,3.199572,1.61193,0.659679,202.211
T000656,alpha,binder_void,BN,-3.43634,3.199572,1.61193,-3.581642,3.313655,1.70878,0.209379,18.3719
T000656,alpha,BN,BN,-3.581642,3.313655,1.70878,-3.914629,3.52529,1.88128,0.470411,42.2846
T000656,alpha,BN,BN,-3.914629,3.52529,1.88128,-3.914629,3.52529,1.88128,0,0
T000657,Li7,BN,binder_void,0,0,0,0.02091,-0.02894,-0.003953,0.0359226,19.8812
T000657,Li7,binder_void,BN,0.02091,-0.02894,-0.003953,0.531993,-0.73863,-0.098493,0.879916,145.892
T000657,Li7,BN,binder_void,0.531993,-0.73863,-0.098493,0.912411,-1.26725,-0.171205,0.655923,382.017
T000657,Li7,binder_void,BN,0.912411,-1.26725,-0.171205,1.030521,-1.43065,-0.191352,0.202765,25.7299
T000657,Li7,BN,binder_void,1.030521,-1.43065,-0.191352,1.559581,-2.13735,-0.282223,0.895709,265.863
T000657,Li7,binder_void,binder_void,1.559581,-2.13735,-0.282223,1.560401,-2.14375,-0.281476,0.0287749,0.61762
T000657,Li7,binder_void,binder_void,1.560401,-2.14375,-0.281476,1.560401,-2.14375,-0.281476,0,0
T000658,alpha,BN,binder_void,0,0,0,-0.048482,0.0671,0.009165,0.0832879,31.8113
T000658,alpha,binder_void,BN,-0.048482,0.0671,0.009165,-0.253233,0.35513,0.046688,0.355383,51.254
T000658,alpha,BN,binder_void,-0.253233,0.35513,0.046688,-0.624288,0.87524,0.114843,0.642595,251.728
T000658,alpha,binder_void,BN,-0.624288,0.87524,0.114843,-0.952516,1.33848,0.168539,0.570289,83.7133
T000658,alpha,BN,binder_void,-0.952516,1.33848,0.168539,-1.314714,1.84086,0.229908,0.62247,267.396
T000658,alpha,binder_void,BN,-1.314714,1.84086,0.229908,-1.483419,2.08423,0.259922,0.297653,47.3258
T000658,alpha,BN,binder_void,-1.483419,2.08423,0.259922,-1.754689,2.47926,0.309441,0.481873,224.61
T000658,alpha,binder_void,BN,-1.754689,2.47926,0.309441,-2.087809,2.9852,0.372462,0.609151,102.788
T000658,alpha,BN,binder_void,-2.087809,2.9852,0.372462,-2.605809,3.80657,0.4749576,0.978182,348.996
T000658,alpha,binder_void,BN,-2.605809,3.80657,0.4749576,-2.903549,4.3216,0.5442745,0.606475,41.368
T000658,alpha,BN,BN,-2.903549,4.3216,0.5442745,-3.016789,4.48532,0.51288006,0.216762,19.0099
T000658,alpha,BN,BN,-3.016789,4.48532,0.51288006,-3.016789,4.48532,0.51288006,0,0
T000659,Li7,BN,binder_void,0,0,0,-0.001243,0.00206,-0.003592,0.00432242,2.40836
T000659,Li7,binder_void,BN,-0.001243,0.00206,-0.003592,-0.196337,0.32486,-0.565482,0.676839,131.234
T000659,Li7,BN,binder_void,-0.196337,0.32486,-0.565482,-0.4019094,0.66457,-1.164842,0.719428,432.783
T000659,Li7,binder_void,BN,-0.4019094,0.66457,-1.164842,-0.452659,0.77067,-1.317292,0.192575,32.008
T000659,Li7,BN,binder_void,-0.452659,0.77067,-1.317292,-0.4790347,0.82283,-1.392962,0.0956415,48.5146
T000659,Li7,binder_void,BN,-0.4790347,0.82283,-1.392962,-0.665948,1.18278,-1.906632,0.655108,79.5439
T000659,Li7,BN,binder_void,-0.665948,1.18278,-1.906632,-0.880938,1.5647,-2.448412,0.700725,203.046
T000659,Li7,binder_void,ZnS,-0.880938,1.5647,-2.448412,-0.902531,1.64494,-2.569152,0.147042,10.3825
T000659,Li7,ZnS,ZnS,-0.902531,1.64494,-2.569152,-0.960164,1.70622,-2.763372,0.226722,55.2715
T000659,Li7,ZnS,ZnS,-0.960164,1.70622,-2.763372,-1.034963,1.63609,-2.883772,0.232128,17.8072
T000659,Li7,ZnS,ZnS,-1.034963,1.63609,-2.883772,-1.034963,1.63609,-2.883772,0,0
T000660,alpha,BN,binder_void,0,0,0,0.199067,-0.32953,0.5752114,0.692207,245.21
T000660,alpha,binder_void,BN,0.199067,-0.32953,0.5752114,0.23182,-0.38335,0.667789,0.111982,17.5883
T000660,alpha,BN,binder_void,0.23182,-0.38335,0.667789,0.286528,-0.47364,0.822784,0.187537,70.0501
T000660,alpha,binder_void,BN,0.286528,-0.47364,0.822784,0.331994,-0.54958,0.954567,0.158751,17.7749
T000660,alpha,BN,binder_void,0.331994,-0.54958,0.954567,0.583041,-0.97222,1.687208,0.882394,352.992
T000660,alpha,binder_void,BN,0.583041,-0.97222,1.687208,0.953901,-1.57755,2.739888,1.26983,214.56
T000660,alpha,BN,binder_void,0.953901,-1.57755,2.739888,1.225891,-2.03305,3.550658,0.969315,401.507
T000660,alpha,binder_void,BN,1.225891,-2.03305,3.550658,1.503481,-2.41415,4.197078,0.800351,135.15
T000660,alpha,BN,binder_void,1.503481,-2.41415,4.197078,1.575561,-2.51305,4.363078,0.206342,78.441
T000660,alpha,binder_void,BN,1.575561,-2.51305,4.363078,1.752061,-2.78725,4.774048,0.525001,93.6554
T000660,alpha,BN,binder_void,1.752061,-2.78725,4.774048,1.886641,-2.97495,5.082508,0.386945,104.26
T000660,alpha,binder_void,BN,1.886641,-2.97495,5.082508,2.044011,-3.22525,5.498058,0.519664,15.3321
T000660,alpha,BN,BN,2.044011,-3.22525,5.498058,2.105181,-3.43755,5.754788,0.389328,29.4795
T000660,alpha,BN,BN,2.105181,-3.43755,5.754788,2.105181,-3.43755,5.754788,0,0
T000661,Li7,BN,binder_void,0,0,0,0.11131,0.02196,0.02738,0.116726,71.306
T000661,Li7,binder_void,BN,0.11131,0.02196,0.02738,1.02827,0.19657,0.27435,0.965896,151.406
T000661,Li7,BN,binder_void,1.02827,0.19657,0.27435,1.98211,0.35968,0.52556,1.00177,453.259
T000661,Li7,binder_void,ZnS,1.98211,0.35968,0.52556,2.27069,0.41049,0.56572,0.296309,24.6327
T000661,Li7,ZnS,ZnS,2.27069,0.41049,0.56572,2.81509,0.69163,0.74176,0.670182,114.029
T000661,Li7,ZnS,ZnS,2.81509,0.69163,0.74176,2.9096,0.77421,0.78451,0.57811,25.3662
T000661,Li7,ZnS,ZnS,2.9096,0.77421,0.78451,2.9096,0.77421,0.78451,0,0
T000662,alpha,BN,binder_void,0,0,0,-0.70159,-0.1384,-0.17257,0.735717,285.52
T000662,alpha,binder_void,BN,-0.70159,-0.1384,-0.17257,-0.85273,-0.17208,-0.20823,0.158897,26.3584
T000662,alpha,BN,binder_void,-0.85273,-0.17208,-0.20823,-1.62608,-0.34438,-0.38974,0.812989,336.266
T000662,alpha,binder_void,BN,-1.62608,-0.34438,-0.38974,-1.93927,-0.41518,-0.4619,0.329114,54.3211
T000662,alpha,BN,binder_void,-1.93927,-0.41518,-0.4619,-2.42546,-0.52526,-0.5714,0.510498,242.836
T000662,alpha,binder_void,BN,-2.42546,-0.52526,-0.5714,-2.62866,-0.57012,-0.61274,0.212175,38.7999
T000662,alpha,BN,binder_void,-2.62866,-0.57012,-0.61274,-3.46212,-0.75181,-0.7809,0.870377,393.654
T000662,alpha,binder_void,BN,-3.46212,-0.75181,-0.7809,-3.81933,-0.82202,-0.82434,0.367772,32.8025
T000662,alpha,BN,binder_void,-3.81933,-0.82202,-0.82434,-4.174104,-0.88203,-0.86696,0.371813,14.8623
T000662,alpha,binder_void,ZnS,-4.174104,-0.88203,-0.86696,-4.480157,-0.85261,-0.94684,0.321155,24.067
T000662,alpha,ZnS,ZnS,-4.480157,-0.85261,-0.94684,-4.575595,-0.904,-1.00491,0.136526,4.37675
T000662,alpha,ZnS,ZnS,-4.575595,-0.904,-1.00491,-4.633293,-0.8797,-1.12235,0.155297,1.44316
T000662,alpha,ZnS,binder_void,-4.633293,-0.8797,-1.12235,-4.580339,-0.84959,-1.14002,0.0818985,3.69893
T000662,alpha,binder_void,BN,-4.580339,-0.84959,-1.14002,-4.39183,-0.74854,-1.05191,0.261714,2.71897
T000662,alpha,BN,BN,-4.39183,-0.74854,-1.05191,-4.361713,-0.75859,-1.08823,0.0540574,0.942832
T000662,alpha,BN,binder_void,-4.361713,-0.75859,-1.08823,-4.361712,-0.75853,-1.08862,0.000394665,0.00598302
T000662,alpha,binder_void,binder_void,-4.361712,-0.75853,-1.08862,-4.348461,-0.77668,-1.19417,0.113355,1.67966
T000662,alpha,binder_void,binder_void,-4.348461,-0.77668,-1.19417,-4.322122,-0.8467,-1.27359,0.12839,1.63452
T000662,alpha,binder_void,binder_void,-4.322122,-0.8467,-1.27359,-4.316329,-0.94168,-1.23274,0.123095,1.40444
T000662,alpha,binder_void,binder_void,-4.316329,-0.94168,-1.23274,-4.391808,-1.00978,-1.2033,0.130151,1.49811
T000662,alpha,binder_void,binder_void,-4.391808,-1.00978,-1.2033,-4.438908,-0.93884,-1.20693,0.114654,1.11032
T000662,alpha,binder_void,binder_void,-4.438908,-0.93884,-1.20693,-4.438908,-0.93884,-1.20693,0,0
T000663,Li7,BN,binder_void,0,0,0,-0.32854,0.02624,0.29748,0.444109,304.373
T000663,Li7,binder_void,binder_void,-0.32854,0.02624,0.29748,-1.78238,0.09169,1.59404,1.94995,280.083
T000663,Li7,binder_void,BN,-1.78238,0.09169,1.59404,-2.0962,0.08633,1.87341,0.420373,52.768
T000663,Li7,BN,binder_void,-2.0962,0.08633,1.87341,-2.80847,0.0679,2.52555,0.970964,367.481
T000663,Li7,binder_void,binder_void,-2.80847,0.0679,2.52555,-2.86411,0.0945,2.62332,0.125501,5.28982
T000663,Li7,binder_void,binder_void,-2.86411,0.0945,2.62332,-2.83019,0.01189,2.61055,0.115402,4.31974
T000663,Li7,binder_void,binder_void,-2.83019,0.01189,2.61055,-2.83019,0.01189,2.61055,0,0
T000664,alpha,BN,binder_void,0,0,0,0.1431,-0.01143,-0.12957,0.193389,70.1207
T000664,alpha,binder_void,ZnS,0.1431,-0.01143,-0.12957,1.75371,-0.14148,-1.59489,2.18149,310.511
T000664,alpha,ZnS,binder_void,1.75371,-0.14148,-1.59489,3.66339,-0.2807,-3.3617,2.6131,929.141
T000664,alpha,binder_void,BN,3.66339,-0.2807,-3.3617,4.05638,-0.36373,-3.69594,0.522649,89.6066
T000664,alpha,BN,binder_void,4.05638,-0.36373,-3.69594,4.73647,-0.51522,-4.28444,0.913765,262.887
T000664,alpha,binder_void,binder_void,4.73647,-0.51522,-4.28444,5.99374,-0.60086,-5.3443,1.6695,113.733
T000664,alpha,binder_void,binder_void,5.99374,-0.60086,-5.3443,5.99374,-0.60086,-5.3443,0,0
T000665,Li7,BN,binder_void,0,0,0,-0.0394,-0.02585,-0.02026,0.0512338,34.2778
T000665,Li7,binder_void,BN,-0.0394,-0.02585,-0.02026,-0.8433,-0.54781,-0.43405,1.04438,184.432
T000665,Li7,BN,binder_void,-0.8433,-0.54781,-0.43405,-1.345,-0.89118,-0.6913,0.660928,371.03
T000665,Li7,binder_void,BN,-1.345,-0.89118,-0.6913,-1.4744,-0.97076,-0.75621,0.165249,18.0155
T000665,Li7,BN,BN,-1.4744,-0.97076,-0.75621,-2.1238,-1.29772,-1.08038,0.804359,232.245
T000665,Li7,BN,BN,-2.1238,-1.29772,-1.08038,-2.1238,-1.29772,-1.08038,0,0
T000666,alpha,BN,binder_void,0,0,0,0.3485,0.22913,0.17952,0.454101,175.512
T000666,alpha,binder_void,BN,0.3485,0.22913,0.17952,0.3883,0.25434,0.20007,0.0514076,9.45176
T000666,alpha,BN,binder_void,0.3883,0.25434,0.20007,1.0419,0.6674,0.53787,0.843869,347.7
T000666,alpha,binder_void,BN,1.0419,0.6674,0.53787,1.1991,0.77153,0.62255,0.206744,36.2549
T000666,alpha,BN,binder_void,1.1991,0.77153,0.62255,1.5695,1.01192,0.82288,0.48496,216.126
T000666,alpha,binder_void,BN,1.5695,1.01192,0.82288,1.8613,1.20371,0.98511,0.385032,62.0031
T000666,alpha,BN,binder_void,1.8613,1.20371,0.98511,2.4634,1.6081,1.31594,0.79768,314.546
T000666,alpha,binder_void,BN,2.4634,1.6081,1.31594,2.5658,1.67456,1.36914,0.133213,21.651
T000666,alpha,BN,binder_void,2.5658,1.67456,1.36914,3.2132,2.09655,1.72621,0.853911,218.546
T000666,alpha,binder_void,BN,3.2132,2.09655,1.72621,3.5583,2.39636,2.05787,0.569933,41.9118
T000666,alpha,BN,BN,3.5583,2.39636,2.05787,3.6544,2.58895,2.28423,0.366703,26.2975
T000666,alpha,BN,BN,3.6544,2.58895,2.28423,3.6544,2.58895,2.28423,0,0
T000667,Li7,BN,binder_void,0,0,0,-0.3995,0.04515,0.05504,0.405905,257.446
T000667,Li7,binder_void,BN,-0.3995,0.04515,0.05504,-0.4805,0.05208,0.06637,0.0821272,13.0222
T000667,Li7,BN,binder_void,-0.4805,0.05208,0.06637,-1.2049,0.11385,0.15253,0.733227,359.423
T000667,Li7,binder_void,BN,-1.2049,0.11385,0.15253,-1.3568,0.12616,0.15072,0.152468,18.3564
T000667,Li7,BN,BN,-1.3568,0.12616,0.15072,-2.3303,0.18968,0.1253,1.00099,170.511
T000667,Li7,BN,binder_void,-2.3303,0.18968,0.1253,-2.3527,0.19114,0.12471,0.0228885,1.37724
T000667,Li7,binder_void,binder_void,-2.3527,0.19114,0.12471,-2.6566,0.23187,0.13191,0.346075,18.4535
T000667,Li7,binder_void,binder_void,-2.6566,0.23187,0.13191,-2.671,0.23606,0.13857,0.248612,1.41083
T000667,Li7,binder_void,binder_void,-2.671,0.23606,0.13857,-2.671,0.23606,0.13857,0,0
T000668,alpha,BN,binder_void,0,0,0,0.0564,-0.00638,-0.00778,0.0573324,20.7627
T000668,alpha,binder_void,BN,0.0564,-0.00638,-0.00778,0.1098,-0.01239,-0.01507,0.0542305,7.02516
T000668,alpha,BN,binder_void,0.1098,-0.01239,-0.01507,0.567,-0.06417,-0.07721,0.464312,181.05
T000668,alpha,binder_void,BN,0.567,-0.06417,-0.07721,3.228,-0.33141,-0.42654,2.69765,437.664
T000668,alpha,BN,binder_void,3.228,-0.33141,-0.42654,3.9139,-0.40641,-0.52613,0.697248,309.696
T000668,alpha,binder_void,BN,3.9139,-0.40641,-0.52613,4.6245,-0.49377,-0.61726,0.721907,128.7
T000668,alpha,BN,binder_void,4.6245,-0.49377,-0.61726,5.3883,-0.57633,-0.72043,0.776342,303.807
T000668,alpha,binder_void,ZnS,5.3883,-0.57633,-0.72043,5.8929,-0.53425,-0.77,0.511689,28.687
T000668,alpha,ZnS,ZnS,5.8929,-0.53425,-0.77,6.127,-0.39281,-0.80716,0.290442,30.7022
T000668,alpha,ZnS,ZnS,6.127,-0.39281,-0.80716,6.2127,-0.22006,-0.78521,0.284509,21.906
T000668,alpha,ZnS,ZnS,6.2127,-0.22006,-0.78521,6.2127,-0.22006,-0.78521,0,0
T000669,Li7,BN,binder_void,0,0,0,-0.32507,0.0145,-0.15093,0.35881,230.428
T000669,Li7,binder_void,BN,-0.32507,0.0145,-0.15093,-0.56309,0.0228,-0.26279,0.263159,44.1319
T000669,Li7,BN,binder_void,-0.56309,0.0228,-0.26279,-0.99244,0.0296,-0.45473,0.470781,258.449
T000669,Li7,binder_void,BN,-0.99244,0.0296,-0.45473,-1.73518,0.0732,-0.73179,0.795209,84.941
T000669,Li7,BN,BN,-1.73518,0.0732,-0.73179,-2.64085,0.1583,-1.01997,0.969706,222.051
T000669,Li7,BN,BN,-2.64085,0.1583,-1.01997,-2.64085,0.1583,-1.01997,0,0
T000670,alpha,BN,binder_void,0,0,0,0.30909,-0.0139,0.14351,0.341086,118.595
T000670,alpha,binder_void,BN,0.30909,-0.0139,0.14351,0.44103,-0.0202,0.20372,0.145157,23.4658
T000670,alpha,BN,binder_void,0.44103,-0.0202,0.20372,1.2677,-0.0612,0.58163,0.910022,366.465
T000670,alpha,binder_void,BN,1.2677,-0.0612,0.58163,1.78431,-0.0835,0.81262,0.566381,91.5817
T000670,alpha,BN,binder_void,1.78431,-0.0835,0.81262,2.68799,-0.1097,1.23629,0.998798,482.001
T000670,alpha,binder_void,ZnS,2.68799,-0.1097,1.23629,3.11571,-0.1082,1.42965,0.469526,73.0784
T000670,alpha,ZnS,ZnS,3.11571,-0.1082,1.42965,4.77364,-0.1112,2.14872,1.87935,314.813
T000670,alpha,ZnS,ZnS,4.77364,-0.1112,2.14872,4.77364,-0.1112,2.14872,0,0
T000671,Li7,BN,binder_void,0,0,0,0.15735,-0.2205,0.61562,0.673,375.621
T000671,Li7,binder_void,BN,0.15735,-0.2205,0.61562,0.27388,-0.4229,1.18893,0.619409,83.7372
T000671,Li7,BN,binder_void,0.27388,-0.4229,1.18893,0.42474,-0.6749,1.87501,0.748906,303.051
T000671,Li7,binder_void,BN,0.42474,-0.6749,1.87501,0.44999,-0.7805,2.13337,0.282297,22.6127
T000671,Li7,BN,BN,0.44999,-0.7805,2.13337,0.54188,-0.9151,2.62123,0.597446,54.9783
T000671,Li7,BN,BN,0.54188,-0.9151,2.62123,0.54188,-0.9151,2.62123,0,0
T000672,alpha,BN,binder_void,0,0,0,-0.04256,0.0596,-0.1665,0.181907,69.7787
T000672,alpha,binder_void,BN,-0.04256,0.0596,-0.1665,-0.13959,0.1979,-0.55,0.419081,59.9539
T000672,alpha,BN,binder_void,-0.13959,0.1979,-0.55,-0.20988,0.2949,-0.81895,0.294416,116.65
T000672,alpha,binder_void,ZnS,-0.20988,0.2949,-0.81895,-0.48157,0.6652,-1.84352,1.12291,175.6
T000672,alpha,ZnS,binder_void,-0.48157,0.6652,-1.84352,-1.01153,1.3757,-3.86538,2.21703,682.713
T000672,alpha,binder_void,BN,-1.01153,1.3757,-3.86538,-1.12663,1.5399,-4.13576,0.336679,61.5315
T000672,alpha,BN,binder_void,-1.12663,1.5399,-4.13576,-1.41919,1.9624,-4.81301,0.852467,244.555
T000672,alpha,binder_void,BN,-1.41919,1.9624,-4.81301,-1.44849,1.9994,-4.90163,0.100605,6.67508
T000672,alpha,BN,BN,-1.44849,1.9994,-4.90163,-1.56647,2.2249,-5.32413,0.527217,52.5422
T000672,alpha,BN,BN,-1.56647,2.2249,-5.32413,-1.56647,2.2249,-5.32413,0,0
T000673,Li7,BN,binder_void,0,0,0,0.2387,-0.0673,0.60461,0.653925,391.417
T000673,Li7,binder_void,BN,0.2387,-0.0673,0.60461,0.2485,-0.0701,0.63872,0.0355988,5.16258
T000673,Li7,BN,binder_void,0.2485,-0.0701,0.63872,0.4761,-0.1357,1.42961,0.828031,379.387
T000673,Li7,binder_void,BN,0.4761,-0.1357,1.42961,0.5846,-0.2852,2.01971,0.634459,35.0677
T000673,Li7,BN,BN,0.5846,-0.2852,2.01971,0.5342,-0.3938,2.20206,0.230319,31.3892
T000673,Li7,BN,BN,0.5342,-0.3938,2.20206,0.5342,-0.3938,2.20206,0,0
T000674,alpha,BN,binder_void,0,0,0,-0.0764,0.0215,-0.19339,0.209028,81.0934
T000674,alpha,binder_void,BN,-0.0764,0.0215,-0.19339,-0.2311,0.0695,-0.58229,0.421323,60.1967
T000674,alpha,BN,binder_void,-0.2311,0.0695,-0.58229,-0.4276,0.1301,-1.07088,0.530129,228.258
T000674,alpha,binder_void,BN,-0.4276,0.1301,-1.07088,-0.4864,0.1492,-1.21691,0.158577,28.5597
T000674,alpha,BN,binder_void,-0.4864,0.1492,-1.21691,-0.8346,0.2607,-2.08108,0.938583,408.057
T000674,alpha,binder_void,BN,-0.8346,0.2607,-2.08108,-0.87,0.2705,-2.16793,0.0942933,19.9783
T000674,alpha,BN,binder_void,-0.87,0.2705,-2.16793,-1.1799,0.3581,-2.93058,0.8283,373.289
T000674,alpha,binder_void,BN,-1.1799,0.3581,-2.93058,-1.2261,0.3703,-3.04995,0.128625,17.2906
T000674,alpha,BN,binder_void,-1.2261,0.3703,-3.04995,-1.5603,0.4521,-3.88796,0.909865,227.859
T000674,alpha,binder_void,BN,-1.5603,0.4521,-3.88796,-1.7712,0.3753,-4.33537,0.531075,6.56007
T000674,alpha,BN,BN,-1.7712,0.3753,-4.33537,-1.8251,0.3124,-4.5624,0.259625,8.20695
T000674,alpha,BN,BN,-1.8251,0.3124,-4.5624,-1.8682,0.2438,-4.68364,0.228481,10.6514
T000674,alpha,BN,BN,-1.8682,0.2438,-4.68364,-1.8682,0.2438,-4.68364,0,0
T000675,Li7,BN,binder_void,0,0,0,-0.1779,-0.232,-0.014,0.292778,191.59
T000675,Li7,binder_void,BN,-0.1779,-0.232,-0.014,-0.2687,-0.3558,-0.02291,0.153766,26.0369
T000675,Li7,BN,binder_void,-0.2687,-0.3558,-0.02291,-0.7839,-1.0677,-0.07348,0.881676,410.655
T000675,Li7,binder_void,BN,-0.7839,-1.0677,-0.07348,-0.8109,-1.1032,-0.07955,0.0450027,3.85121
T000675,Li7,BN,BN,-0.8109,-1.1032,-0.07955,-1.4147,-1.8412,-0.21247,0.981521,207.867
T000675,Li7,BN,BN,-1.4147,-1.8412,-0.21247,-1.4147,-1.8412,-0.21247,0,0
T000676,alpha,BN,binder_void,0,0,0,0.2836,0.3699,0.02232,0.46671,165.149
T000676,alpha,binder_void,BN,0.2836,0.3699,0.02232,0.3185,0.4155,0.0212,0.0573858,7.54461
T000676,alpha,BN,binder_void,0.3185,0.4155,0.0212,0.8939,1.1658,0.00363,0.945849,381.871
T000676,alpha,binder_void,BN,0.8939,1.1658,0.00363,1.1213,1.4725,0.00068,0.381863,62.2745
T000676,alpha,BN,binder_void,1.1213,1.4725,0.00068,1.5303,2.0179,-0.00029,0.681924,290.255
T000676,alpha,binder_void,BN,1.5303,2.0179,-0.00029,1.5514,2.0476,0.00084,0.03642,8.31323
T000676,alpha,BN,binder_void,1.5514,2.0476,0.00084,1.7947,2.392,0.01463,0.422015,183.259
T000676,alpha,binder_void,BN,1.7947,2.392,0.01463,1.9779,2.5815,0.02667,0.263908,39.8708
T000676,alpha,BN,binder_void,1.9779,2.5815,0.02667,2.4636,3.077,0.05677,0.695788,277.257
T000676,alpha,binder_void,BN,2.4636,3.077,0.05677,2.5316,3.16834,0.04422,0.114772,3.72883
T000676,alpha,BN,BN,2.5316,3.16834,0.04422,2.8064,3.5588,-0.01531,0.516233,50.4771
T000676,alpha,BN,BN,2.8064,3.5588,-0.01531,2.8064,3.5588,-0.01531,0,0
T000677,Li7,BN,binder_void,0,0,0,-0.0356,-0.02271,-0.18146,0.186334,114.966
T000677,Li7,binder_void,BN,-0.0356,-0.02271,-0.18146,-0.2488,-0.15854,-1.24716,1.09578,180.296
T000677,Li7,BN,binder_void,-0.2488,-0.15854,-1.24716,-0.4056,-0.26165,-2.09697,0.872118,422.472
T000677,Li7,binder_void,binder_void,-0.4056,-0.26165,-2.09697,-0.8483,0.16479,-3.58731,1.64159,122.266
T000677,Li7,binder_void,binder_void,-0.8483,0.16479,-3.58731,-0.8483,0.16479,-3.58731,0,0
T000678,alpha,BN,binder_void,0,0,0,0.0416,0.02655,0.21224,0.217915,82.1577
T000678,alpha,binder_void,BN,0.0416,0.02655,0.21224,0.0574,0.03692,0.29284,0.0827819,12.4189
T000678,alpha,BN,binder_void,0.0574,0.03692,0.29284,0.1841,0.11794,0.92612,0.650952,262.559
T000678,alpha,binder_void,BN,0.1841,0.11794,0.92612,0.2375,0.15364,1.1716,0.253755,41.0607
T000678,alpha,BN,binder_void,0.2375,0.15364,1.1716,0.4407,0.28685,1.96459,0.829547,396.535
T000678,alpha,binder_void,BN,0.4407,0.28685,1.96459,0.6164,0.41503,2.70956,0.776203,131.486
T000678,alpha,BN,binder_void,0.6164,0.41503,2.70956,0.8391,0.56576,3.64177,0.971154,364.414
T000678,alpha,binder_void,BN,0.8391,0.56576,3.64177,0.917,0.61561,3.9796,0.350557,42.3965
T000678,alpha,BN,binder_void,0.917,0.61561,3.9796,0.968,0.648,4.18571,0.215328,48.6815
T000678,alpha,binder_void,BN,0.968,0.648,4.18571,1.0306,0.68762,4.52178,0.34523,25.6513
T000678,alpha,BN,BN,1.0306,0.68762,4.52178,1.0848,0.84523,5.04423,0.578219,62.6382
T000678,alpha,BN,BN,1.0848,0.84523,5.04423,1.0848,0.84523,5.04423,0,0
T000679,Li7,BN,binder_void,0,0,0,0.1897,0.06008,0.30339,0.362958,239.409
T000679,Li7,binder_void,BN,0.1897,0.06008,0.30339,0.1977,0.06281,0.31696,0.015988,2.04245
T000679,Li7,BN,binder_void,0.1977,0.06281,0.31696,0.3945,0.12886,0.64957,0.392326,205.704
T000679,Li7,binder_void,BN,0.3945,0.12886,0.64957,0.5901,0.20171,0.94562,0.362399,46.6954
T000679,Li7,BN,binder_void,0.5901,0.20171,0.94562,0.9378,0.32732,1.49864,0.667564,254.091
T000679,Li7,binder_void,ZnS,0.9378,0.32732,1.49864,1.4909,0.49281,2.49917,1.18685,83.7402
T000679,Li7,ZnS,binder_void,1.4909,0.49281,2.49917,1.4909,0.49281,2.49917,0,0
T000679,Li7,binder_void,binder_void,1.4909,0.49281,2.49917,1.5244,0.4723,2.58769,0.111503,4.17694
T000679,Li7,binder_void,binder_void,1.5244,0.4723,2.58769,1.5473,0.43732,2.63965,0.120551,5.26379
T000679,Li7,binder_void,binder_void,1.5473,0.43732,2.63965,1.5473,0.43732,2.63965,0,0
T000680,alpha,BN,binder_void,0,0,0,-0.0585,-0.01853,-0.09356,0.111889,40.0364
T000680,alpha,binder_void,BN,-0.0585,-0.01853,-0.09356,-0.1868,-0.0591,-0.30019,0.246579,29.9031
T000680,alpha,BN,binder_void,-0.1868,-0.0591,-0.30019,-0.5956,-0.19017,-0.95764,0.785311,337.296
T000680,alpha,binder_void,BN,-0.5956,-0.19017,-0.95764,-1.2842,-0.4075,-2.04106,1.30216,215.542
T000680,alpha,BN,binder_void,-1.2842,-0.4075,-2.04106,-1.3331,-0.42287,-2.1166,0.0912863,42.8109
T000680,alpha,binder_void,BN,-1.3331,-0.42287,-2.1166,-2.4144,-0.76187,-3.780024,2.01337,349.019
T000680,alpha,BN,binder_void,-2.4144,-0.76187,-3.780024,-2.942,-0.94067,-4.6045653,0.996538,345.927
T000680,alpha,binder_void,BN,-2.942,-0.94067,-4.6045653,-3.13415,-1.04821,-4.959899,0.419091,28.0144
T000680,alpha,BN,BN,-3.13415,-1.04821,-4.959899,-3.44418,-1.18453,-5.5024,0.663911,81.4501
T000680,alpha,BN,BN,-3.44418,-1.18453,-5.5024,-3.44418,-1.18453,-5.5024,0,0
T000681,Li7,BN,binder_void,0,0,0,-0.1075,0.2444,0.64986,0.703093,457.687
T000681,Li7,binder_void,BN,-0.1075,0.2444,0.64986,-0.1166,0.2631,0.69806,0.0524785,6.63884
T000681,Li7,BN,binder_void,-0.1166,0.2631,0.69806,-0.232,0.4949,1.31304,0.669306,280.349
T000681,Li7,binder_void,BN,-0.232,0.4949,1.31304,-0.2911,0.6007,1.55256,0.269679,18.3482
T000681,Li7,BN,BN,-0.2911,0.6007,1.55256,-0.4205,0.8521,2.12876,0.707035,76.9777
T000681,Li7,BN,BN,-0.4205,0.8521,2.12876,-0.4205,0.8521,2.12876,0,0
T000682,alpha,BN,binder_void,0,0,0,0.0351,-0.0799,-0.21231,0.229545,81.7716
T000682,alpha,binder_void,BN,0.0351,-0.0799,-0.21231,0.0785,-0.1789,-0.4754,0.284413,43.5947
T000682,alpha,BN,binder_void,0.0785,-0.1789,-0.4754,0.0925,-0.2117,-0.56093,0.0926745,37.9648
T000682,alpha,binder_void,BN,0.0925,-0.2117,-0.56093,0.1118,-0.2562,-0.67756,0.126323,17.1242
T000682,alpha,BN,binder_void,0.1118,-0.2562,-0.67756,0.2146,-0.4972,-1.30579,0.680749,258.158
T000682,alpha,binder_void,BN,0.2146,-0.4972,-1.30579,0.2802,-0.6716,-1.7264,0.460053,77.6488
T000682,alpha,BN,binder_void,0.2802,-0.6716,-1.7264,0.3553,-0.8739,-2.21749,0.536494,237.477
T000682,alpha,binder_void,ZnS,0.3553,-0.8739,-2.21749,0.4651,-1.1315,-2.82862,0.672313,105.178
T000682,alpha,ZnS,ZnS,0.4651,-1.1315,-2.82862,0.9442,-2.3008,-5.663434,3.18561,611.083
T000682,alpha,ZnS,ZnS,0.9442,-2.3008,-5.663434,0.9442,-2.3008,-5.663434,0,0
T000683,Li7,BN,binder_void,0,0,0,0.0196,-0.1581,0.43036,0.459086,267.698
T000683,Li7,binder_void,BN,0.0196,-0.1581,0.43036,0.0463,-0.6111,1.64556,1.29829,174.02
T000683,Li7,BN,binder_void,0.0463,-0.6111,1.64556,0.0279,-0.7881,2.11262,0.500759,244.767
T000683,Li7,binder_void,BN,0.0279,-0.7881,2.11262,-0.1463,-1.3116,3.25985,1.28679,91.7117
T000683,Li7,BN,BN,-0.1463,-1.3116,3.25985,-0.1345,-1.3997,3.80958,0.633452,61.804
T000683,Li7,BN,BN,-0.1345,-1.3997,3.80958,-0.1345,-1.3997,3.80958,0,0
T000684,alpha,BN,binder_void,0,0,0,-0.015,0.121,-0.3296,0.351461,135.692
T000684,alpha,binder_void,BN,-0.015,0.121,-0.3296,-0.033,0.3041,-0.80685,0.511508,84.5756
T000684,alpha,BN,binder_void,-0.033,0.3041,-0.80685,-0.0447,0.4248,-1.1233,0.338885,144.004
T000684,alpha,binder_void,BN,-0.0447,0.4248,-1.1233,-0.0665,0.8259,-2.2205,1.16856,186.98
T000684,alpha,BN,binder_void,-0.0665,0.8259,-2.2205,-0.0852,1.145,-3.08545,0.922405,416.205
T000684,alpha,binder_void,BN,-0.0852,1.145,-3.08545,-0.0873,1.2009,-3.24922,0.173065,29.4362
T000684,alpha,BN,binder_void,-0.0873,1.2009,-3.24922,-0.1046,1.4796,-4.073898,0.871642,403.412
T000684,alpha,binder_void,ZnS,-0.1046,1.4796,-4.073898,-0.1077,1.5381,-4.236279,0.173076,10.4649
T000684,alpha,ZnS,ZnS,-0.1077,1.5381,-4.236279,-0.2082,1.5634,-4.544269,0.341316,31.8654
T000684,alpha,ZnS,ZnS,-0.2082,1.5634,-4.544269,-0.1606,1.561,-4.761993,0.315338,10.491
T000684,alpha,ZnS,ZnS,-0.1606,1.561,-4.761993,-0.1588,1.7572,-4.83376,0.335365,17.741
T000684,alpha,ZnS,ZnS,-0.1588,1.7572,-4.83376,-0.1588,1.7572,-4.83376,0,0
T000685,Li7,BN,binder_void,0,0,0,0.30951,0.22704,-0.1857655,0.426611,256.604
T000685,Li7,binder_void,BN,0.30951,0.22704,-0.1857655,0.589,0.43443,-0.3559535,0.387495,62.8854
T000685,Li7,BN,binder_void,0.589,0.43443,-0.3559535,0.9817,0.72025,-0.5957015,0.542337,277.563
T000685,Li7,binder_void,BN,0.9817,0.72025,-0.5957015,1.6123,1.38376,-1.0199475,1.01224,110.045
T000685,Li7,BN,BN,1.6123,1.38376,-1.0199475,2.1209,1.83363,-1.2751085,0.746682,132.904
T000685,Li7,BN,BN,2.1209,1.83363,-1.2751085,2.1209,1.83363,-1.2751085,0,0
T000686,alpha,BN,binder_void,0,0,0,-0.00701,-0.00514,0.0042077,0.00965927,2.13336
T000686,alpha,binder_void,BN,-0.00701,-0.00514,0.0042077,-0.31548,-0.23155,0.1896265,0.425205,66.1851
T000686,alpha,BN,binder_void,-0.31548,-0.23155,0.1896265,-0.58774,-0.4277,0.3512335,0.37247,142.084
T000686,alpha,binder_void,BN,-0.58774,-0.4277,0.3512335,-0.81186,-0.59167,0.4860015,0.308674,49.7761
T000686,alpha,BN,binder_void,-0.81186,-0.59167,0.4860015,-1.17104,-0.85161,0.7033085,0.493812,212.038
T000686,alpha,binder_void,BN,-1.17104,-0.85161,0.7033085,-1.61616,-1.173,0.9676105,0.609361,109.832
T000686,alpha,BN,binder_void,-1.61616,-1.173,0.9676105,-1.83001,-1.32832,1.0941715,0.293076,128.136
T000686,alpha,binder_void,ZnS,-1.83001,-1.32832,1.0941715,-2.87294,-2.08055,1.7016315,1.4225,227.901
T000686,alpha,ZnS,binder_void,-2.87294,-2.08055,1.7016315,-4.1338,-2.97283,2.4117115,1.72009,298.993
T000686,alpha,binder_void,BN,-4.1338,-2.97283,2.4117115,-4.2581,-3.04376,2.4201815,0.14338,15.4694
T000686,alpha,BN,binder_void,-4.2581,-3.04376,2.4201815,-5.0376,-3.4907,2.4770115,0.90585,190.302
T000686,alpha,binder_void,ZnS,-5.0376,-3.4907,2.4770115,-5.0578,-3.49983,2.4732015,0.0225407,0.667808
T000686,alpha,ZnS,ZnS,-5.0578,-3.49983,2.4732015,-5.1929,-3.49622,2.4457815,0.149093,22.3447
T000686,alpha,ZnS,ZnS,-5.1929,-3.49622,2.4457815,-5.1595,-3.44619,2.4596415,0.145084,4.13781
T000686,alpha,ZnS,ZnS,-5.1595,-3.44619,2.4596415,-5.1595,-3.44619,2.4596415,0,0
T000687,Li7,BN,binder_void,0,0,0,-0.00044,0.61408,0.5731355,0.84071,514.229
T000687,Li7,binder_void,BN,-0.00044,0.61408,0.5731355,-0.01031,0.85808,0.8027345,0.335373,42.3116
T000687,Li7,BN,binder_void,-0.01031,0.85808,0.8027345,-0.03091,1.20951,1.1175815,0.473911,175.987
T000687,Li7,binder_void,BN,-0.03091,1.20951,1.1175815,-0.01337,1.3947,1.3183615,0.274758,20.1306
T000687,Li7,BN,BN,-0.01337,1.3947,1.3183615,-0.02477,1.89027,1.8046615,0.753652,87.3411
T000687,Li7,BN,BN,-0.02477,1.89027,1.8046615,-0.02477,1.89027,1.8046615,0,0
T000688,alpha,BN,binder_void,0,0,0,0,-0.00358,-0.0033459,0.00490382,2.29091
T000688,alpha,binder_void,BN,0,-0.00358,-0.0033459,6e-05,-0.14327,-0.1337825,0.191122,33.1641
T000688,alpha,BN,binder_void,6e-05,-0.14327,-0.1337825,0.00042,-0.6023,-0.5618715,0.627726,238.799
T000688,alpha,binder_void,ZnS,0.00042,-0.6023,-0.5618715,0.00438,-0.86962,-0.8139045,0.367426,55.6066
T000688,alpha,ZnS,ZnS,0.00438,-0.86962,-0.8139045,0.05553,-4.11055,-3.8592485,4.49669,1140.14
T000688,alpha,ZnS,ZnS,0.05553,-4.11055,-3.8592485,0.05553,-4.11055,-3.8592485,0,0
T000689,Li7,BN,binder_void,0,0,0,0.2911,0.39998,0.21687,0.540383,334.038
T000689,Li7,binder_void,BN,0.2911,0.39998,0.21687,0.9279,1.23833,0.67238,1.14823,167.836
T000689,Li7,BN,binder_void,0.9279,1.23833,0.67238,1.1925,1.56724,0.83941,0.455002,194.735
T000689,Li7,binder_void,BN,1.1925,1.56724,0.83941,1.7681,2.39284,1.07628,1.0439,76.5201
T000689,Li7,BN,binder_void,1.7681,2.39284,1.07628,1.8611,2.60194,1.17932,0.258092,56.6313
T000689,Li7,binder_void,binder_void,1.8611,2.60194,1.17932,1.8999,2.65494,1.26679,0.115464,5.65121
T000689,Li7,binder_void,ZnS,1.8999,2.65494,1.26679,1.9112,2.67524,1.33655,0.123105,3.77583
T000689,Li7,ZnS,ZnS,1.9112,2.67524,1.33655,1.9101,2.67504,1.33797,0.0194022,0.812134
T000689,Li7,ZnS,ZnS,1.9101,2.67504,1.33797,1.9101,2.67504,1.33797,0,0
T000690,alpha,BN,binder_void,0,0,0,-0.039,-0.05357,-0.02904,0.0723394,28.0039
T000690,alpha,binder_void,BN,-0.039,-0.05357,-0.02904,-0.4596,-0.63501,-0.34582,0.784476,109.517
T000690,alpha,BN,binder_void,-0.4596,-0.63501,-0.34582,-0.7597,-1.05458,-0.56801,0.561696,217.141
T000690,alpha,binder_void,ZnS,-0.7597,-1.05458,-0.56801,-0.9074,-1.26302,-0.67853,0.278347,48.7858
T000690,alpha,ZnS,binder_void,-0.9074,-1.26302,-0.67853,-3.0301,-4.22954,-2.2434,4.00936,1037.33
T000690,alpha,binder_void,binder_void,-3.0301,-4.22954,-2.2434,-3.2048,-4.68537,-2.42298,0.544812,29.2254
T000690,alpha,binder_void,binder_void,-3.2048,-4.68537,-2.42298,-3.2048,-4.68537,-2.42298,0,0
T000691,Li7,BN,binder_void,0,0,0,0.0251,-0.35217,0.0071,0.353244,224.138
T000691,Li7,binder_void,ZnS,0.0251,-0.35217,0.0071,0.1185,-1.76968,0.03854,1.42212,201.889
T000691,Li7,ZnS,ZnS,0.1185,-1.76968,0.03854,0.2652,-3.18692,0.35628,1.4883,413.973
T000691,Li7,ZnS,ZnS,0.2652,-3.18692,0.35628,0.2652,-3.18692,0.35628,0,0
T000692,alpha,BN,binder_void,0,0,0,-0.0078,0.11034,-0.00222,0.110642,39.5851
T000692,alpha,binder_void,BN,-0.0078,0.11034,-0.00222,-0.0491,0.7064,-0.01336,0.597605,84.2105
T000692,alpha,BN,binder_void,-0.0491,0.7064,-0.01336,-0.0956,1.4345,-0.02542,0.729771,287.585
T000692,alpha,binder_void,BN,-0.0956,1.4345,-0.02542,-0.1025,1.5319,-0.02799,0.097681,16.5759
T000692,alpha,BN,binder_void,-0.1025,1.5319,-0.02799,-0.1668,2.44594,-0.05363,0.916937,435.269
T000692,alpha,binder_void,BN,-0.1668,2.44594,-0.05363,-0.1866,2.71564,-0.05979,0.270444,47.5283
T000692,alpha,BN,binder_void,-0.1866,2.71564,-0.05979,-0.2121,3.05894,-0.06927,0.344473,159.023
T000692,alpha,binder_void,BN,-0.2121,3.05894,-0.06927,-0.232,3.30524,-0.07038,0.247174,36.3797
T000692,alpha,BN,binder_void,-0.232,3.30524,-0.07038,-0.2597,3.63044,-0.0709,0.326532,110.62
T000692,alpha,binder_void,BN,-0.2597,3.63044,-0.0709,-0.3012,4.24094,-0.06424,0.612419,93.7578
T000692,alpha,BN,BN,-0.3012,4.24094,-0.06424,-0.3705,5.17204,-0.0525,0.948088,159.465
T000692,alpha,BN,BN,-0.3705,5.17204,-0.0525,-0.3705,5.17204,-0.0525,0,0
T000693,Li7,BN,binder_void,0,0,0,-0.04351,-0.15222,-0.37338,0.405705,257.186
T000693,Li7,binder_void,BN,-0.04351,-0.15222,-0.37338,-0.06022,-0.20105,-0.4828,0.120988,19.0474
T000693,Li7,BN,binder_void,-0.06022,-0.20105,-0.4828,-0.18606,-0.57358,-1.3194,0.926378,385.226
T000693,Li7,binder_void,BN,-0.18606,-0.57358,-1.3194,-0.69688,-1.28745,-2.718323,1.6704,162.048
T000693,Li7,BN,BN,-0.69688,-1.28745,-2.718323,-0.71289,-1.32563,-2.76767,0.0670263,9.09965
T000693,Li7,BN,BN,-0.71289,-1.32563,-2.76767,-0.66412,-1.34642,-2.748882,0.0872392,7.92419
T000693,Li7,BN,BN,-0.66412,-1.34642,-2.748882,-0.66412,-1.34642,-2.748882,0,0
T000694,alpha,BN,binder_void,0,0,0,0.04968,0.17381,0.42632,0.463095,185.076
T000694,alpha,binder_void,BN,0.04968,0.17381,0.42632,0.15346,0.57227,1.36603,1.02602,159.775
T000694,alpha,BN,binder_void,0.15346,0.57227,1.36603,0.20692,0.7813,1.86939,0.547721,229.197
T000694,alpha,binder_void,ZnS,0.20692,0.7813,1.86939,0.32015,1.26323,3.00948,1.24312,212.348
T000694,alpha,ZnS,binder_void,0.32015,1.26323,3.00948,0.46588,1.84517,4.40416,1.52764,423.884
T000694,alpha,binder_void,BN,0.46588,1.84517,4.40416,0.49191,1.93407,4.72283,0.331986,47.4226
T000694,alpha,BN,binder_void,0.49191,1.93407,4.72283,0.54995,2.10673,5.34614,0.651953,26.5654
T000694,alpha,binder_void,BN,0.54995,2.10673,5.34614,0.55891,2.14786,5.50537,0.164761,25.8177
T000694,alpha,BN,BN,0.55891,2.14786,5.50537,0.61141,2.31769,6.15842,0.682008,159.913
T000694,alpha,BN,BN,0.61141,2.31769,6.15842,0.61141,2.31769,6.15842,0,0
T000695,Li7,BN,binder_void,0,0,0,0.59,-0.05803,0.00534,0.593201,381.819
T000695,Li7,binder_void,BN,0.59,-0.05803,0.00534,1.10585,-0.12698,0.00934,0.52071,73.3606
T000695,Li7,BN,binder_void,1.10585,-0.12698,0.00934,1.76388,-0.1926,0.02382,0.663358,270.353
T000695,Li7,binder_void,BN,1.76388,-0.1926,0.02382,2.24795,-0.28055,0.04568,0.495605,41.277
T000695,Li7,BN,BN,2.24795,-0.28055,0.04568,2.85909,-0.38092,0.09946,0.689349,73.1903
T000695,Li7,BN,BN,2.85909,-0.38092,0.09946,2.85909,-0.38092,0.09946,0,0
T000696,alpha,BN,binder_void,0,0,0,-0.31523,0.031,-0.00286,0.316778,121.242
T000696,alpha,binder_void,BN,-0.31523,0.031,-0.00286,-0.72674,0.06911,0.00125,0.413302,58.1948
T000696,alpha,BN,binder_void,-0.72674,0.06911,0.00125,-1.33538,0.12205,0.00586,0.61102,246.401
T000696,alpha,binder_void,ZnS,-1.33538,0.12205,0.00586,-1.59413,0.14397,0.00668,0.259685,46.6998
T000696,alpha,ZnS,ZnS,-1.59413,0.14397,0.00668,-5.76123,0.51119,0.01509,4.24393,997.462
T000696,alpha,ZnS,ZnS,-5.76123,0.51119,0.01509,-5.76123,0.51119,0.01509,0,0
T000697,Li7,BN,binder_void,0,0,0,-0.35507,0.41754,0.492995,0.737734,444.729
T000697,Li7,binder_void,BN,-0.35507,0.41754,0.492995,-0.45244,0.53243,0.647307,0.215674,33.7459
T000697,Li7,BN,binder_void,-0.45244,0.53243,0.647307,-0.638355,0.75792,0.935288,0.411037,175.431
T000697,Li7,binder_void,BN,-0.638355,0.75792,0.935288,-0.854319,1.07812,1.311893,0.540949,50.5799
T000697,Li7,BN,binder_void,-0.854319,1.07812,1.311893,-1.058067,1.48962,1.693942,0.609558,131.35
T000697,Li7,binder_void,binder_void,-1.058067,1.48962,1.693942,-1.097021,1.44352,1.686982,0.089075,5.38354
T000697,Li7,binder_void,binder_void,-1.097021,1.44352,1.686982,-1.097021,1.44352,1.686982,0,0
T000698,alpha,BN,binder_void,0,0,0,0.02994,-0.03522,-0.041578,0.0621729,23.1807
T000698,alpha,binder_void,BN,0.02994,-0.03522,-0.041578,0.42831,-0.50515,-0.595354,0.828405,116.815
T000698,alpha,BN,binder_void,0.42831,-0.50515,-0.595354,0.81481,-0.95413,-1.123578,0.793825,326.565
T000698,alpha,binder_void,BN,0.81481,-0.95413,-1.123578,0.88465,-1.03186,-1.213738,0.138015,21.3323
T000698,alpha,BN,binder_void,0.88465,-1.03186,-1.213738,1.34226,-1.52641,-1.843248,0.922368,409.665
T000698,alpha,binder_void,BN,1.34226,-1.52641,-1.843248,1.36078,-1.55028,-1.873368,0.0426627,10.2897
T000698,alpha,BN,binder_void,1.36078,-1.55028,-1.873368,1.70612,-1.99685,-2.436128,0.797676,335.254
T000698,alpha,binder_void,BN,1.70612,-1.99685,-2.436128,1.78099,-2.07738,-2.543128,0.153464,18.5121
T000698,alpha,BN,binder_void,1.78099,-2.07738,-2.543128,1.92529,-2.23138,-2.745828,0.293079,78.8493
T000698,alpha,binder_void,BN,1.92529,-2.23138,-2.745828,2.43532,-2.70905,-3.480828,1.01938,112.266
T000698,alpha,BN,BN,2.43532,-2.70905,-3.480828,2.5249,-2.7171,-3.626808,0.180581,2.84929
T000698,alpha,BN,BN,2.5249,-2.7171,-3.626808,2.59453,-2.74371,-3.743128,0.146042,6.20924
T000698,alpha,BN,BN,2.59453,-2.74371,-3.743128,2.65569,-2.76644,-3.833628,0.19947,8.21226
T000698,alpha,BN,BN,2.65569,-2.76644,-3.833628,2.65569,-2.76644,-3.833628,0,0
T000699,Li7,BN,binder_void,0,0,0,0.02571,0.16336,-0.182004,0.245966,165.451
T000699,Li7,binder_void,BN,0.02571,0.16336,-0.182004,0.14535,0.96972,-1.081418,1.21455,192.514
T000699,Li7,BN,binder_void,0.14535,0.96972,-1.081418,0.23672,1.49252,-1.604598,0.746904,335.854
T000699,Li7,binder_void,binder_void,0.23672,1.49252,-1.604598,0.32849,2.62682,-2.797308,1.67403,109.741
T000699,Li7,binder_void,BN,0.32849,2.62682,-2.797308,0.23187,2.84682,-3.233798,0.530334,22.7321
T000699,Li7,BN,BN,0.23187,2.84682,-3.233798,0.20287,2.89632,-3.244808,0.0614761,7.97261
T000699,Li7,BN,BN,0.20287,2.89632,-3.244808,0.17584,2.91122,-3.277018,0.0523145,3.90819
T000699,Li7,BN,BN,0.17584,2.91122,-3.277018,0.18414,2.87782,-3.262288,0.0507123,1.82772
T000699,Li7,BN,BN,0.18414,2.87782,-3.262288,0.18414,2.87782,-3.262288,0,0
T000700,alpha,BN,binder_void,0,0,0,-0.0195,-0.12381,0.137941,0.186384,76.0064
T000700,alpha,binder_void,BN,-0.0195,-0.12381,0.137941,-0.05963,-0.4282,0.466243,0.449501,63.8028
T000700,alpha,BN,binder_void,-0.05963,-0.4282,0.466243,-0.12841,-0.92748,1.004038,0.737137,283.687
T000700,alpha,binder_void,BN,-0.12841,-0.92748,1.004038,-0.13582,-0.99889,1.081638,0.105717,19.5783
T000700,alpha,BN,binder_void,-0.13582,-0.99889,1.081638,-0.2039,-1.64132,1.778462,0.950475,447.43
T000700,alpha,binder_void,ZnS,-0.2039,-1.64132,1.778462,-0.20867,-1.68027,1.817112,0.0550791,7.63574
T000700,alpha,ZnS,ZnS,-0.20867,-1.68027,1.817112,-0.47065,-3.79199,3.919152,3.07708,571.86
T000700,alpha,ZnS,ZnS,-0.47065,-3.79199,3.919152,-0.47065,-3.79199,3.919152,0,0
T000701,Li7,BN,binder_void,0,0,0,0.141,-0.21898,-0.25872,0.367226,235.834
T000701,Li7,binder_void,BN,0.141,-0.21898,-0.25872,0.16917,-0.26516,-0.3126,0.0763574,15.2355
T000701,Li7,BN,binder_void,0.16917,-0.26516,-0.3126,0.46989,-0.76419,-0.89032,0.821864,401.758
T000701,Li7,binder_void,BN,0.46989,-0.76419,-0.89032,0.86696,-1.20562,-1.4164,0.796583,74.2909
T000701,Li7,BN,BN,0.86696,-1.20562,-1.4164,1.29774,-1.68231,-1.911152,0.859538,112.882
T000701,Li7,BN,BN,1.29774,-1.68231,-1.911152,1.29774,-1.68231,-1.911152,0,0
T000702,alpha,BN,binder_void,0,0,0,-0.23989,0.37253,0.44015,0.624607,242.305
T000702,alpha,binder_void,ZnS,-0.23989,0.37253,0.44015,-0.46509,0.70136,0.82833,0.556363,84.6023
T000702,alpha,ZnS,ZnS,-0.46509,0.70136,0.82833,-1.96658,2.91693,3.41885,3.75284,1143.09
T000702,alpha,ZnS,ZnS,-1.96658,2.91693,3.41885,-1.96658,2.91693,3.41885,0,0
T000703,Li7,BN,binder_void,0,0,0,0.22862,-0.27123,-0.05794,0.359542,232.635
T000703,Li7,binder_void,BN,0.22862,-0.27123,-0.05794,0.76737,-0.90998,-0.19563,0.847293,137.921
T000703,Li7,BN,binder_void,0.76737,-0.90998,-0.19563,1.10495,-1.32915,-0.31544,0.55224,253.854
T000703,Li7,binder_void,BN,1.10495,-1.32915,-0.31544,1.60646,-1.92932,-0.59131,0.832118,78.8656
T000703,Li7,BN,binder_void,1.60646,-1.92932,-0.59131,1.99968,-2.52714,-0.81247,0.770878,110.743
T000703,Li7,binder_void,binder_void,1.99968,-2.52714,-0.81247,2.40458,-2.73069,-0.58133,0.558939,26.1273
T000703,Li7,binder_void,binder_void,2.40458,-2.73069,-0.58133,2.40458,-2.73069,-0.58133,0,0
T000704,alpha,BN,binder_void,0,0,0,-0.40574,0.48136,0.10283,0.637951,244.93
T000704,alpha,binder_void,ZnS,-0.40574,0.48136,0.10283,-0.64362,0.76752,0.16371,0.377076,57.2438
T000704,alpha,ZnS,ZnS,-0.64362,0.76752,0.16371,-3.59142,4.30603,0.91535,4.72298,1167.83
T000704,alpha,ZnS,ZnS,-3.59142,4.30603,0.91535,-3.59142,4.30603,0.91535,0,0
T000705,Li7,BN,binder_void,0,0,0,-0.20202,-0.13279,-0.05407,0.247785,157.166
T000705,Li7,binder_void,BN,-0.20202,-0.13279,-0.05407,-0.6542,-0.42358,-0.18989,0.554634,91.6848
T000705,Li7,BN,binder_void,-0.6542,-0.42358,-0.18989,-0.83929,-0.54092,-0.24895,0.227057,117.719
T000705,Li7,binder_void,ZnS,-0.83929,-0.54092,-0.24895,-1.60595,-1.04426,-0.5071,0.953589,131.244
T000705,Li7,ZnS,ZnS,-1.60595,-1.04426,-0.5071,-2.83853,-1.63268,-0.75911,1.45399,271.384
T000705,Li7,ZnS,ZnS,-2.83853,-1.63268,-0.75911,-3.21487,-1.82311,-0.49775,0.965831,70.8019
T000705,Li7,ZnS,ZnS,-3.21487,-1.82311,-0.49775,-3.21487,-1.82311,-0.49775,0,0
T000706,alpha,BN,binder_void,0,0,0,0.3394,0.22309,0.09083,0.416208,167.199
T000706,alpha,binder_void,BN,0.3394,0.22309,0.09083,0.6519,0.4317,0.17639,0.385321,57.2032
T000706,alpha,BN,binder_void,0.6519,0.4317,0.17639,1.2421,0.82332,0.34018,0.727134,296.646
T000706,alpha,binder_void,BN,1.2421,0.82332,0.34018,1.2959,0.8592,0.35585,0.0665587,13.7307
T000706,alpha,BN,binder_void,1.2959,0.8592,0.35585,2.0828,1.3829,0.58536,0.973017,402.954
T000706,alpha,binder_void,BN,2.0828,1.3829,0.58536,2.128,1.41176,0.59737,0.0549414,7.10634
T000706,alpha,BN,binder_void,2.128,1.41176,0.59737,2.7314,1.79832,0.75756,0.734853,310.116
T000706,alpha,binder_void,ZnS,2.7314,1.79832,0.75756,2.7531,1.8143,0.76392,0.0277051,3.23845
T000706,alpha,ZnS,ZnS,2.7531,1.8143,0.76392,4.1176,2.82314,1.17246,1.94242,211.806
T000706,alpha,ZnS,ZnS,4.1176,2.82314,1.17246,4.1176,2.82314,1.17246,0,0
T000707,Li7,BN,binder_void,0,0,0,0.0587,-0.22311,-0.20178,0.30658,186.41
T000707,Li7,binder_void,BN,0.0587,-0.22311,-0.20178,0.2456,-0.90341,-0.81254,0.933585,144.17
T000707,Li7,BN,binder_void,0.2456,-0.90341,-0.81254,0.3224,-1.21257,-1.08644,0.420525,220.699
T000707,Li7,binder_void,BN,0.3224,-1.21257,-1.08644,0.4025,-1.60018,-1.43901,0.530671,57.072
T000707,Li7,BN,binder_void,0.4025,-1.60018,-1.43901,0.5028,-1.94385,-1.78517,0.500715,173.451
T000707,Li7,binder_void,BN,0.5028,-1.94385,-1.78517,0.5411,-2.06437,-1.88788,0.164082,10.7689
T000707,Li7,BN,BN,0.5411,-2.06437,-1.88788,0.6589,-2.44399,-2.12581,0.554915,47.4292
T000707,Li7,BN,BN,0.6589,-2.44399,-2.12581,0.6589,-2.44399,-2.12581,0,0
T000708,alpha,BN,binder_void,0,0,0,-0.0644,0.24488,0.22145,0.336404,119.136
T000708,alpha,binder_void,BN,-0.0644,0.24488,0.22145,-0.18441,0.64835,0.58068,0.553398,89.852
T000708,alpha,BN,binder_void,-0.18441,0.64835,0.58068,-0.40146,1.37413,1.22656,0.995698,419.965
T000708,alpha,binder_void,BN,-0.40146,1.37413,1.22656,-0.46243,1.5887,1.40829,0.287729,49.3934
T000708,alpha,BN,binder_void,-0.46243,1.5887,1.40829,-0.5615,1.93522,1.69957,0.463489,212.648
T000708,alpha,binder_void,BN,-0.5615,1.93522,1.69957,-0.62597,2.15878,1.88627,0.298338,50.5803
T000708,alpha,BN,binder_void,-0.62597,2.15878,1.88627,-0.81511,2.83264,2.448402,0.898535,371.618
T000708,alpha,binder_void,binder_void,-0.81511,2.83264,2.448402,-1.43092,4.54902,3.863454,2.3394,156.808
T000708,alpha,binder_void,binder_void,-1.43092,4.54902,3.863454,-1.43092,4.54902,3.863454,0,0
T000709,Li7,BN,binder_void,0,0,0,0.2649,-0.08969,-0.55912,0.625549,394.587
T000709,Li7,binder_void,BN,0.2649,-0.08969,-0.55912,0.2895,-0.09789,-0.61141,0.0583678,9.00892
T000709,Li7,BN,binder_void,0.2895,-0.09789,-0.61141,0.6752,-0.22926,-1.4344,0.921577,324.497
T000709,Li7,binder_void,BN,0.6752,-0.22926,-1.4344,0.7596,-0.27776,-1.56752,0.165246,14.7382
T000709,Li7,BN,binder_void,0.7596,-0.27776,-1.56752,0.9992,-0.42411,-1.94849,0.487324,84.9966
T000709,Li7,binder_void,binder_void,0.9992,-0.42411,-1.94849,1.1151,-0.46436,-1.99564,0.137892,7.35669
T000709,Li7,binder_void,binder_void,1.1151,-0.46436,-1.99564,1.2031,-0.51497,-1.95118,0.140621,4.22363
T000709,Li7,binder_void,binder_void,1.2031,-0.51497,-1.95118,1.2073,-0.51378,-1.95024,0.0127147,0.591665
T000709,Li7,binder_void,binder_void,1.2073,-0.51378,-1.95024,1.2073,-0.51378,-1.95024,0,0
T000710,alpha,BN,binder_void,0,0,0,-0.1367,0.04628,0.2885,0.322599,125.307
T000710,alpha,binder_void,BN,-0.1367,0.04628,0.2885,-0.1623,0.05482,0.34252,0.0603821,6.83092
T000710,alpha,BN,binder_void,-0.1623,0.05482,0.34252,-0.4318,0.1451,0.91052,0.635226,265.06
T000710,alpha,binder_void,ZnS,-0.4318,0.1451,0.91052,-0.5008,0.16922,1.05863,0.165143,27.8089
T000710,alpha,ZnS,binder_void,-0.5008,0.16922,1.05863,-1.0377,0.35605,2.19691,1.27522,458.354
T000710,alpha,binder_void,BN,-1.0377,0.35605,2.19691,-1.9003,0.63555,4.086389,2.09705,368.102
T000710,alpha,BN,binder_void,-1.9003,0.63555,4.086389,-2.2377,0.81585,4.963385,0.963264,131.295
T000710,alpha,binder_void,binder_void,-2.2377,0.81585,4.963385,-2.5824,0.71844,5.8833,0.998313,87.2428
T000710,alpha,binder_void,binder_void,-2.5824,0.71844,5.8833,-2.5824,0.71844,5.8833,0,0
T000711,Li7,BN,binder_void,0,0,0,0.1639,-0.32848,-0.01232,0.367419,230.626
T000711,Li7,binder_void,BN,0.1639,-0.32848,-0.01232,0.3695,-0.74712,-0.0149,0.466544,79.5329
T000711,Li7,BN,binder_void,0.3695,-0.74712,-0.0149,0.528,-1.07646,-0.01584,0.36575,182.376
T000711,Li7,binder_void,BN,0.528,-1.07646,-0.01584,1.3082,-2.54533,-0.04268,1.6685,191.043
T000711,Li7,BN,BN,1.3082,-2.54533,-0.04268,1.8262,-3.30087,0.01624,0.950865,156.421
T000711,Li7,BN,BN,1.8262,-3.30087,0.01624,1.8262,-3.30087,0.01624,0,0
T000712,alpha,BN,binder_void,0,0,0,-0.245,0.49104,0.01841,0.54911,203.313
T000712,alpha,binder_void,ZnS,-0.245,0.49104,0.01841,-0.2478,0.49663,0.01862,0.00624712,0.92965
T000712,alpha,ZnS,ZnS,-0.2478,0.49663,0.01862,-2.3168,4.6473725,0.1698,4.68222,1265.76
T000712,alpha,ZnS,ZnS,-2.3168,4.6473725,0.1698,-2.3168,4.6473725,0.1698,0,0
T000713,Li7,BN,binder_void,0,0,0,-0.19915,-0.122957,-0.14383,0.274779,177.605
T000713,Li7,binder_void,BN,-0.19915,-0.122957,-0.14383,-0.71162,-0.44703,-0.51112,0.70915,115.581
T000713,Li7,BN,binder_void,-0.71162,-0.44703,-0.51112,-1.06627,-0.66577,-0.7516,0.481574,261.532
T000713,Li7,binder_void,ZnS,-1.06627,-0.66577,-0.7516,-1.31084,-0.80629,-0.9433,0.341293,40.6286
T000713,Li7,ZnS,ZnS,-1.31084,-0.80629,-0.9433,-2.17349,-1.69756,-1.40544,1.38839,198.649
T000713,Li7,ZnS,ZnS,-2.17349,-1.69756,-1.40544,-2.25914,-1.9782,-1.37508,0.778537,46.0037
T000713,Li7,ZnS,ZnS,-2.25914,-1.9782,-1.37508,-2.25914,-1.9782,-1.37508,0,0
T000714,alpha,BN,binder_void,0,0,0,0.42931,0.265056,0.31005,0.592239,227.296
T000714,alpha,binder_void,BN,0.42931,0.265056,0.31005,1.17093,0.7195023,0.85093,1.02431,157.187
T000714,alpha,BN,binder_void,1.17093,0.7195023,0.85093,1.19223,0.6788755,0.76996,0.093068,37.2673
T000714,alpha,binder_void,BN,1.19223,0.6788755,0.76996,1.43345,0.218615,-0.14977,1.05647,171.161
T000714,alpha,BN,binder_void,1.43345,0.218615,-0.14977,1.64812,-0.161572,-0.93278,0.896816,417.535
T000714,alpha,binder_void,BN,1.64812,-0.161572,-0.93278,1.72576,-0.303978,-1.22124,0.330981,59.612
T000714,alpha,BN,binder_void,1.72576,-0.303978,-1.22124,1.94944,-0.72814,-2.06596,0.973118,382.993
T000714,alpha,binder_void,binder_void,1.94944,-0.72814,-2.06596,1.98862,-0.97601,-2.53521,0.635634,8.45552
T000714,alpha,binder_void,binder_void,1.98862,-0.97601,-2.53521,2.22914,-1.07444,-2.69808,0.505562,8.49378
T000714,alpha,binder_void,binder_void,2.22914,-1.07444,-2.69808,2.22914,-1.07444,-2.69808,0,0
T000715,Li7,BN,binder_void,0,0,0,-0.44038,0.204467,0.27925,0.560411,356.354
T000715,Li7,binder_void,BN,-0.44038,0.204467,0.27925,-0.51908,0.23797,0.33238,0.100696,13.0089
T000715,Li7,BN,binder_void,-0.51908,0.23797,0.33238,-1.22376,0.5449513,0.79998,0.902367,355.146
T000715,Li7,binder_void,BN,-1.22376,0.5449513,0.79998,-2.09006,0.7181043,1.36019,1.06173,83.2109
T000715,Li7,BN,BN,-2.09006,0.7181043,1.36019,-2.23659,0.851315,1.48975,0.248495,32.2795
T000715,Li7,BN,BN,-2.23659,0.851315,1.48975,-2.23659,0.851315,1.48975,0,0
T000716,alpha,BN,binder_void,0,0,0,0.22836,-0.106024,-0.1448,0.290455,103.96
T000716,alpha,binder_void,BN,0.22836,-0.106024,-0.1448,1.0742,-0.49527,-0.68325,1.07565,166.821
T000716,alpha,BN,binder_void,1.0742,-0.49527,-0.68325,1.19321,-0.55009,-0.75891,0.151305,63.5429
T000716,alpha,binder_void,BN,1.19321,-0.55009,-0.75891,2.35427,-1.08391,-1.50746,1.48117,220.803
T000716,alpha,BN,binder_void,2.35427,-1.08391,-1.50746,2.84863,-1.31278,-1.83862,0.637669,284.794
T000716,alpha,binder_void,BN,2.84863,-1.31278,-1.83862,3.16129,-1.46157,-2.04499,0.403088,77.7183
T000716,alpha,BN,binder_void,3.16129,-1.46157,-2.04499,3.44719,-1.59966,-2.23835,0.371933,171.399
T000716,alpha,binder_void,BN,3.44719,-1.59966,-2.23835,3.92929,-1.83606,-2.57298,0.632914,100.152
T000716,alpha,BN,binder_void,3.92929,-1.83606,-2.57298,4.53859,-2.14837,-3.00356,0.811193,143.857
T000716,alpha,binder_void,BN,4.53859,-2.14837,-3.00356,4.65389,-2.2461,-3.1016,0.180295,17.0432
T000716,alpha,BN,BN,4.65389,-2.2461,-3.1016,5.11159,-2.63239,-3.51607,0.740888,119.91
T000716,alpha,BN,BN,5.11159,-2.63239,-3.51607,5.11159,-2.63239,-3.51607,0,0
T000717,Li7,BN,binder_void,0,0,0,0.00246,0.00491,0.00039,0.0054941,4.34979
T000717,Li7,binder_void,BN,0.00246,0.00491,0.00039,0.27163,0.54251,0.04329,0.602868,103.663
T000717,Li7,BN,binder_void,0.27163,0.54251,0.04329,0.44498,0.8953,0.07262,0.394349,225.25
T000717,Li7,binder_void,BN,0.44498,0.8953,0.07262,0.80693,1.594573,0.11083,0.788814,108.016
T000717,Li7,BN,binder_void,0.80693,1.594573,0.11083,0.97809,1.8833,0.10093,0.336198,155.017
T000717,Li7,binder_void,ZnS,0.97809,1.8833,0.10093,1.06564,2.055325,0.10293,0.193142,21.0501
T000717,Li7,ZnS,ZnS,1.06564,2.055325,0.10293,1.28863,3.285894,0.4355,1.36825,212.307
T000717,Li7,ZnS,ZnS,1.28863,3.285894,0.4355,1.26647,3.278285,0.46331,0.369235,10.3475
T000717,Li7,ZnS,ZnS,1.26647,3.278285,0.46331,1.26647,3.278285,0.46331,0,0
T000718,alpha,BN,binder_void,0,0,0,-0.35138,-0.70172,-0.05571,0.786844,279.008
T000718,alpha,binder_void,ZnS,-0.35138,-0.70172,-0.05571,-0.41794,-0.83606,-0.06493,0.150208,24.6921
T000718,alpha,ZnS,binder_void,-0.41794,-0.83606,-0.06493,-1.394834,-2.79937,-0.20745,2.20509,889.987
T000718,alpha,binder_void,BN,-1.394834,-2.79937,-0.20745,-1.710208,-3.36279,-0.37417,0.667336,102.645
T000718,alpha,BN,binder_void,-1.710208,-3.36279,-0.37417,-1.920865,-3.78407,-0.48333,0.485461,170.939
T000718,alpha,binder_void,binder_void,-1.920865,-3.78407,-0.48333,-1.929183,-3.82897,-0.47774,0.0553367,1.06469
T000718,alpha,binder_void,ZnS,-1.929183,-3.82897,-0.47774,-1.928792,-3.83307,-0.47699,0.00437409,0.0599409
T000718,alpha,ZnS,ZnS,-1.928792,-3.83307,-0.47699,-1.92363,-3.8387,-0.47004,0.0489519,0.841451
T000718,alpha,ZnS,ZnS,-1.92363,-3.8387,-0.47004,-1.926165,-3.83195,-0.47366,0.0440712,0.764029
T000718,alpha,ZnS,ZnS,-1.926165,-3.83195,-0.47366,-1.926165,-3.83195,-0.47366,0,0
T000719,Li7,BN,binder_void,0,0,0,0.00159,0.00595,-0.00108,0.00625303,3.81354
T000719,Li7,binder_void,BN,0.00159,0.00595,-0.00108,0.38683,1.444674,-0.26186,1.51282,240.147
T000719,Li7,BN,binder_void,0.38683,1.444674,-0.26186,0.69109,2.3189679,-0.49177,0.955764,447.499
T000719,Li7,binder_void,ZnS,0.69109,2.3189679,-0.49177,0.80878,2.731146,-0.53112,0.431881,36.4304
T000719,Li7,ZnS,ZnS,0.80878,2.731146,-0.53112,0.79469,3.182193,-0.5412,0.474581,82.4267
T000719,Li7,ZnS,ZnS,0.79469,3.182193,-0.5412,0.77777,3.408763,-0.50019,0.510106,29.6833
T000719,Li7,ZnS,ZnS,0.77777,3.408763,-0.50019,0.77777,3.408763,-0.50019,0,0
T000720,alpha,BN,binder_void,0,0,0,-0.17601,-0.65768,0.11966,0.691335,260.905
T000720,alpha,binder_void,ZnS,-0.17601,-0.65768,0.11966,-0.31119,-1.17738,0.20305,0.543447,83.3797
T000720,alpha,ZnS,binder_void,-0.31119,-1.17738,0.20305,-0.617044,-2.35375,0.38635,1.23152,435.686
T000720,alpha,binder_void,ZnS,-0.617044,-2.35375,0.38635,-0.905959,-3.58304,0.55651,1.27452,226.641
T000720,alpha,ZnS,ZnS,-0.905959,-3.58304,0.55651,-1.4872843,-6.16066,0.92905,2.76984,463.389
T000720,alpha,ZnS,ZnS,-1.4872843,-6.16066,0.92905,-1.4872843,-6.16066,0.92905,0,0
T000721,Li7,BN,binder_void,0,0,0,-0.3151,0.5067,0.45296,0.749734,435.217
T000721,Li7,binder_void,BN,-0.3151,0.5067,0.45296,-0.4049,0.6554,0.59701,0.225751,31.939
T000721,Li7,BN,binder_void,-0.4049,0.6554,0.59701,-0.6822,1.1295,1.07172,0.72843,251.516
T000721,Li7,binder_void,BN,-0.6822,1.1295,1.07172,-0.7924,1.2654,1.20398,0.219877,18.5173
T000721,Li7,BN,binder_void,-0.7924,1.2654,1.20398,-1.11132,1.7208,1.60332,0.71772,101.491
T000721,Li7,binder_void,binder_void,-1.11132,1.7208,1.60332,-1.10956,1.7363,1.60555,0.0489853,1.34595
T000721,Li7,binder_void,binder_void,-1.10956,1.7363,1.60555,-1.10956,1.7363,1.60555,0,0
T000722,alpha,BN,binder_void,0,0,0,0.0097,-0.0156,-0.01392,0.0230367,6.64176
T000722,alpha,binder_void,ZnS,0.0097,-0.0156,-0.01392,0.1778,-0.2862,-0.25553,0.39976,55.5135
T000722,alpha,ZnS,binder_void,0.1778,-0.2862,-0.25553,0.8934,-1.4444,-1.28467,1.70972,595.897
T000722,alpha,binder_void,BN,0.8934,-1.4444,-1.28467,1.1161,-1.8397,-1.6054,0.555637,95.437
T000722,alpha,BN,binder_void,1.1161,-1.8397,-1.6054,1.4453,-2.4335,-2.09531,0.837615,352.435
T000722,alpha,binder_void,BN,1.4453,-2.4335,-2.09531,1.4618,-2.4638,-2.11941,0.0421297,9.13128
T000722,alpha,BN,BN,1.4618,-2.4638,-2.11941,1.824,-3.0949,-2.6482,0.90141,354.944
T000722,alpha,BN,BN,1.824,-3.0949,-2.6482,1.824,-3.0949,-2.6482,0,0
T000723,Li7,BN,binder_void,0,0,0,0.0234,0.141,-0.2356,0.275628,175.629
T000723,Li7,binder_void,BN,0.0234,0.141,-0.2356,0.0261,0.1561,-0.26033,0.0291419,4.71324
T000723,Li7,BN,binder_void,0.0261,0.1561,-0.26033,0.078,0.4517,-0.7435,0.569241,303.197
T000723,Li7,binder_void,ZnS,0.078,0.4517,-0.7435,0.1197,0.6644,-1.07943,0.400026,54.5447
T000723,Li7,ZnS,ZnS,0.1197,0.6644,-1.07943,0.0213,1.6529,-2.04226,1.43046,301.916
T000723,Li7,ZnS,ZnS,0.0213,1.6529,-2.04226,0.0213,1.6529,-2.04226,0,0
T000724,alpha,BN,binder_void,0,0,0,-0.0053,-0.0321,0.05355,0.062631,22.9653
T000724,alpha,binder_void,ZnS,-0.0053,-0.0321,0.05355,-0.0196,-0.1203,0.19997,0.171548,24.1781
T000724,alpha,ZnS,ZnS,-0.0196,-0.1203,0.19997,-0.3229,-1.9706,3.26608,3.60968,1422.86
T000724,alpha,ZnS,ZnS,-0.3229,-1.9706,3.26608,-0.3229,-1.9706,3.26608,0,0
T000725,Li7,BN,binder_void,0,0,0,0.2731,0.5882,0.32368,0.725328,439.847
T000725,Li7,binder_void,BN,0.2731,0.5882,0.32368,0.37173,0.7891,0.42046,0.243867,35.3093
T000725,Li7,BN,binder_void,0.37173,0.7891,0.42046,0.52107,1.0622,0.5521,0.338468,145.339
T000725,Li7,binder_void,BN,0.52107,1.0622,0.5521,0.61417,1.1474,0.58685,0.130967,13.1855
T000725,Li7,BN,binder_void,0.61417,1.1474,0.58685,1.25098,1.7558,0.84446,0.933709,184.86
T000725,Li7,binder_void,binder_void,1.25098,1.7558,0.84446,1.5334,1.9703,0.96446,0.426864,18.3506
T000725,Li7,binder_void,ZnS,1.5334,1.9703,0.96446,1.53524,1.973,0.96573,0.00365037,0.0979863
T000725,Li7,ZnS,ZnS,1.53524,1.973,0.96573,1.54024,1.9763,0.97199,0.0348812,2.38549
T000725,Li7,ZnS,ZnS,1.54024,1.9763,0.97199,1.54354,1.976,0.97219,0.0423546,0.626055
T000725,Li7,ZnS,ZnS,1.54354,1.976,0.97219,1.54354,1.976,0.97219,0,0
T000726,alpha,BN,binder_void,0,0,0,-0.08545,-0.184,-0.10127,0.226787,83.4152
T000726,alpha,binder_void,BN,-0.08545,-0.184,-0.10127,-0.33894,-0.7256,-0.40086,0.668873,101.599
T000726,alpha,BN,binder_void,-0.33894,-0.7256,-0.40086,-0.58149,-1.2357,-0.68701,0.633247,255.774
T000726,alpha,binder_void,BN,-0.58149,-1.2357,-0.68701,-1.08105,-2.2878,-1.28977,1.3115,212.144
T000726,alpha,BN,binder_void,-1.08105,-2.2878,-1.28977,-1.30713,-2.7649,-1.56527,0.595706,271.841
T000726,alpha,binder_void,BN,-1.30713,-2.7649,-1.56527,-2.15294,-4.4476,-2.52495,2.11526,335.105
T000726,alpha,BN,binder_void,-2.15294,-4.4476,-2.52495,-2.35729,-4.88147,-2.75532,0.533676,170.567
T000726,alpha,binder_void,BN,-2.35729,-4.88147,-2.75532,-2.52879,-5.28929,-3.04037,0.539691,38.1648
T000726,alpha,BN,BN,-2.52879,-5.28929,-3.04037,-2.52395,-5.2981,-3.04458,0.0129045,1.38958
T000726,alpha,BN,BN,-2.52395,-5.2981,-3.04458,-2.52395,-5.2981,-3.04458,0,0
T000727,Li7,BN,binder_void,0,0,0,0.2613,0.0468,-0.20252,0.333995,205.862
T000727,Li7,binder_void,BN,0.2613,0.0468,-0.20252,0.60969,0.1166,-0.48621,0.454767,70.7523
T000727,Li7,BN,binder_void,0.60969,0.1166,-0.48621,0.7753,0.1463,-0.62141,0.215936,119.253
T000727,Li7,binder_void,ZnS,0.7753,0.1463,-0.62141,0.88968,0.1682,-0.71617,0.150152,23.9367
T000727,Li7,ZnS,ZnS,0.88968,0.1682,-0.71617,2.16591,0.2863,-1.41614,1.49094,420.196
T000727,Li7,ZnS,ZnS,2.16591,0.2863,-1.41614,2.16591,0.2863,-1.41614,0,0
T000728,alpha,BN,binder_void,0,0,0,-0.38526,-0.069,0.29859,0.492321,186.922
T000728,alpha,binder_void,BN,-0.38526,-0.069,0.29859,-0.42286,-0.0757,0.32747,0.0478817,5.38471
T000728,alpha,BN,binder_void,-0.42286,-0.0757,0.32747,-1.03304,-0.1846,0.79686,0.777604,308.532
T000728,alpha,binder_void,BN,-1.03304,-0.1846,0.79686,-1.43927,-0.2527,1.10809,0.516294,81.2201
T000728,alpha,BN,binder_void,-1.43927,-0.2527,1.10809,-1.72929,-0.3039,1.33409,0.371269,160.454
T000728,alpha,binder_void,BN,-1.72929,-0.3039,1.33409,-2.10773,-0.3741,1.621,0.480109,79.3418
T000728,alpha,BN,binder_void,-2.10773,-0.3741,1.621,-2.50017,-0.4504,1.92026,0.499547,236.405
T000728,alpha,binder_void,BN,-2.50017,-0.4504,1.92026,-2.71243,-0.4943,2.08107,0.269928,49.8982
T000728,alpha,BN,binder_void,-2.71243,-0.4943,2.08107,-3.44128,-0.6445,2.61892,0.920103,350.891
T000728,alpha,binder_void,binder_void,-3.44128,-0.6445,2.61892,-3.62655,-0.7948,2.70651,0.279489,10.9517
T000728,alpha,binder_void,binder_void,-3.62655,-0.7948,2.70651,-3.62655,-0.7948,2.70651,0,0
T000729,Li7,BN,binder_void,0,0,0,0.3294,0.1928,-0.26949,0.467417,295.428
T000729,Li7,binder_void,ZnS,0.3294,0.1928,-0.26949,0.62579,0.3685,-0.51,0.420315,60.4368
T000729,Li7,ZnS,ZnS,0.62579,0.3685,-0.51,1.7392,1.153,-1.12347,1.51585,484.135
T000729,Li7,ZnS,ZnS,1.7392,1.153,-1.12347,1.7392,1.153,-1.12347,0,0
T000730,alpha,BN,binder_void,0,0,0,-0.17256,-0.101,0.14116,0.244749,88.1729
T000730,alpha,binder_void,BN,-0.17256,-0.101,0.14116,-0.68242,-0.403,0.56299,0.72746,111.3
T000730,alpha,BN,binder_void,-0.68242,-0.403,0.56299,-1.19588,-0.7007,0.98706,0.729533,310.944
T000730,alpha,binder_void,BN,-1.19588,-0.7007,0.98706,-2.06628,-1.1888,1.68608,1.21856,200.671
T000730,alpha,BN,binder_void,-2.06628,-1.1888,1.68608,-2.2992,-1.3194,1.87315,0.326087,140.07
T000730,alpha,binder_void,BN,-2.2992,-1.3194,1.87315,-2.69951,-1.5477,2.2029,0.566734,106.935
T000730,alpha,BN,binder_void,-2.69951,-1.5477,2.2029,-2.96446,-1.6972,2.41869,0.373102,173.109
T000730,alpha,binder_void,BN,-2.96446,-1.6972,2.41869,-3.15341,-1.8079,2.57742,0.270508,42.7624
T000730,alpha,BN,binder_void,-3.15341,-1.8079,2.57742,-3.42824,-1.9695,2.80701,0.393344,139.396
T000730,alpha,binder_void,BN,-3.42824,-1.9695,2.80701,-3.49875,-2.0099,2.86441,0.0995202,12.5768
T000730,alpha,BN,BN,-3.49875,-2.0099,2.86441,-4.11658,-2.3708,3.35293,0.880397,144.063
T000730,alpha,BN,BN,-4.11658,-2.3708,3.35293,-4.11658,-2.3708,3.35293,0,0
T000731,Li7,BN,binder_void,0,0,0,0.34823,0.1574,-0.36531,0.528918,319.23
T000731,Li7,binder_void,ZnS,0.34823,0.1574,-0.36531,0.55952,0.255,-0.58558,0.320541,52.3903
T000731,Li7,ZnS,ZnS,0.55952,0.255,-0.58558,1.57268,0.3977,-1.66429,1.51004,418.564
T000731,Li7,ZnS,ZnS,1.57268,0.3977,-1.66429,1.79887,0.435,-1.89681,0.810153,49.8161
T000731,Li7,ZnS,ZnS,1.79887,0.435,-1.89681,1.79887,0.435,-1.89681,0,0
T000732,alpha,BN,binder_void,0,0,0,-0.14248,-0.0644,0.14946,0.216303,82.7475
T000732,alpha,binder_void,BN,-0.14248,-0.0644,0.14946,-0.61074,-0.2772,0.63612,0.708118,104.677
T000732,alpha,BN,binder_void,-0.61074,-0.2772,0.63612,-1.18259,-0.5371,1.23018,0.864707,363.99
T000732,alpha,binder_void,BN,-1.18259,-0.5371,1.23018,-1.34516,-0.6047,1.39399,0.240477,34.2339
T000732,alpha,BN,binder_void,-1.34516,-0.6047,1.39399,-1.69351,-0.7484,1.74238,0.513295,239.98
T000732,alpha,binder_void,BN,-1.69351,-0.7484,1.74238,-2.38443,-1.0337,2.43487,1.0192,186.073
T000732,alpha,BN,binder_void,-2.38443,-1.0337,2.43487,-3.02314,-1.2987,3.04821,0.925526,251.901
T000732,alpha,binder_void,ZnS,-3.02314,-1.2987,3.04821,-4.30027,-1.6956,4.05166,1.67833,119.75
T000732,alpha,ZnS,ZnS,-4.30027,-1.6956,4.05166,-4.6812,-1.8061,4.58246,0.700645,12.581
T000732,alpha,ZnS,ZnS,-4.6812,-1.8061,4.58246,-5.04325,-2.1129,4.96076,0.648968,24.247
T000732,alpha,ZnS,ZnS,-5.04325,-2.1129,4.96076,-5.3553,-2.4685,5.26986,1.04486,49.8184
T000732,alpha,ZnS,ZnS,-5.3553,-2.4685,5.26986,-5.3553,-2.4685,5.26986,0,0
T000733,Li7,BN,binder_void,0,0,0,0.4784,0.0037,-0.184,0.512842,312.097
T000733,Li7,binder_void,BN,0.4784,0.0037,-0.184,0.7313,-0.0032,-0.27486,0.268837,39.7196
T000733,Li7,BN,binder_void,0.7313,-0.0032,-0.27486,1.3057,-0.0268,-0.48524,0.613191,280.667
T000733,Li7,binder_void,BN,1.3057,-0.0268,-0.48524,1.9193,0.028,-0.74391,0.670039,70.1657
T000733,Li7,BN,binder_void,1.9193,0.028,-0.74391,1.931,0.0291,-0.74762,0.0123411,3.69954
T000733,Li7,binder_void,BN,1.931,0.0291,-0.74762,2.3466,0.0609,-0.85925,0.433188,34.6744
T000733,Li7,BN,BN,2.3466,0.0609,-0.85925,3.0193,0.014,-0.93966,0.715002,98.976
T000733,Li7,BN,BN,3.0193,0.014,-0.93966,3.0193,0.014,-0.93966,0,0
T000734,alpha,BN,binder_void,0,0,0,-0.1093,-0.0009,0.04203,0.117088,43.1625
T000734,alpha,binder_void,BN,-0.1093,-0.0009,0.04203,-0.391,-0.0054,0.15062,0.301969,48.8315
T000734,alpha,BN,binder_void,-0.391,-0.0054,0.15062,-0.9366,-0.0165,0.36281,0.585603,237.965
T000734,alpha,binder_void,BN,-0.9366,-0.0165,0.36281,-1.5363,-0.0219,0.60174,0.645541,103.689
T000734,alpha,BN,binder_void,-1.5363,-0.0219,0.60174,-1.864,-0.0263,0.7317,0.352637,147.791
T000734,alpha,binder_void,BN,-1.864,-0.0263,0.7317,-2.4465,-0.0336,0.96827,0.628813,106.762
T000734,alpha,BN,binder_void,-2.4465,-0.0336,0.96827,-2.6341,-0.0376,1.04291,0.20191,95.4147
T000734,alpha,binder_void,BN,-2.6341,-0.0376,1.04291,-2.6895,-0.0389,1.065121,0.0596966,10.4312
T000734,alpha,BN,binder_void,-2.6895,-0.0389,1.065121,-2.8835,-0.044,1.143018,0.2092,92.192
T000734,alpha,binder_void,BN,-2.8835,-0.044,1.143018,-3.4683,-0.0521,1.385942,0.633329,115.76
T000734,alpha,BN,binder_void,-3.4683,-0.0521,1.385942,-4.2205,-0.0668,1.708382,0.819474,356.97
T000734,alpha,binder_void,BN,-4.2205,-0.0668,1.708382,-4.5919,-0.0667,1.852163,0.399149,56.5851
T000734,alpha,BN,binder_void,-4.5919,-0.0667,1.852163,-4.7975,-0.0727,1.945057,0.229471,31.2817
T000734,alpha,binder_void,ZnS,-4.7975,-0.0727,1.945057,-5.176,0.0965,2.1382297,0.487503,4.45486
T000734,alpha,ZnS,ZnS,-5.176,0.0965,2.1382297,-5.2635,0.1763,2.171627,0.138607,3.64074
T000734,alpha,ZnS,ZnS,-5.2635,0.1763,2.171627,-5.3198,0.2292,2.1321209,0.125709,5.0588
T000734,alpha,ZnS,binder_void,-5.3198,0.2292,2.1321209,-5.3209,0.2305,2.1300492,0.00276001,0.0326072
T000734,alpha,binder_void,BN,-5.3209,0.2305,2.1300492,-5.3304,0.2426,2.1088834,0.0265,0.194166
T000734,alpha,BN,BN,-5.3304,0.2426,2.1088834,-5.3818,0.2905,2.0648601,0.0882406,8.47567
T000734,alpha,BN,BN,-5.3818,0.2905,2.0648601,-5.3875,0.3268,2.0363559,0.0713676,1.30672
T000734,alpha,BN,BN,-5.3875,0.3268,2.0363559,-5.3875,0.3268,2.0363559,0,0
T000735,Li7,BN,binder_void,0,0,0,-0.0753,0.1234,0.20147,0.248034,150.408
T000735,Li7,binder_void,BN,-0.0753,0.1234,0.20147,-0.1424,0.2311,0.3805,0.219486,35.8767
T000735,Li7,BN,binder_void,-0.1424,0.2311,0.3805,-0.3713,0.5995,0.99321,0.751607,393.663
T000735,Li7,binder_void,BN,-0.3713,0.5995,0.99321,-0.3917,0.622,1.04422,0.0593286,6.47094
T000735,Li7,BN,binder_void,-0.3917,0.622,1.04422,-0.493,0.7359,1.296563,0.295526,113.491
T000735,Li7,binder_void,BN,-0.493,0.7359,1.296563,-0.5126,0.7554,1.3498,0.0600529,4.64316
T000735,Li7,BN,binder_void,-0.5126,0.7554,1.3498,-0.6799,0.9212,1.821867,0.536637,115.314
T000735,Li7,binder_void,binder_void,-0.6799,0.9212,1.821867,-0.7746,1.0942,2.0842545,0.34563,14.5705
T000735,Li7,binder_void,binder_void,-0.7746,1.0942,2.0842545,-0.9552,1.0481,2.231203,0.332267,5.58516
T000735,Li7,binder_void,binder_void,-0.9552,1.0481,2.231203,-0.9552,1.0481,2.231203,0,0
T000736,alpha,BN,binder_void,0,0,0,0.0736,-0.1205,-0.19663,0.242036,87.2621
T000736,alpha,binder_void,BN,0.0736,-0.1205,-0.19663,0.2116,-0.3387,-0.56181,0.447247,70.65
T000736,alpha,BN,binder_void,0.2116,-0.3387,-0.56181,0.4829,-0.7592,-1.27158,0.868591,359.444
T000736,alpha,binder_void,BN,0.4829,-0.7592,-1.27158,0.6263,-0.9968,-1.68452,0.497525,73.2711
T000736,alpha,BN,binder_void,0.6263,-0.9968,-1.68452,0.8634,-1.3953,-2.38001,0.836197,391.207
T000736,alpha,binder_void,ZnS,0.8634,-1.3953,-2.38001,0.9367,-1.5208,-2.62474,0.284638,50.8034
T000736,alpha,ZnS,ZnS,0.9367,-1.5208,-2.62474,1.5921,-2.6821,-4.84215,2.69374,437.362
T000736,alpha,ZnS,ZnS,1.5921,-2.6821,-4.84215,1.5921,-2.6821,-4.84215,0,0
T000737,Li7,BN,binder_void,0,0,0,-0.12572,0.0823,-0.07266,0.166936,105.764
T000737,Li7,binder_void,BN,-0.12572,0.0823,-0.07266,-0.21991,0.14674,-0.12813,0.126886,23.6792
T000737,Li7,BN,binder_void,-0.21991,0.14674,-0.12813,-0.81561,0.55257,-0.47927,0.802686,429.333
T000737,Li7,binder_void,BN,-0.81561,0.55257,-0.47927,-0.8467,0.57001,-0.49787,0.0402089,5.64351
T000737,Li7,BN,binder_void,-0.8467,0.57001,-0.49787,-1.26999,0.81023,-0.74807,0.549631,193.742
T000737,Li7,binder_void,binder_void,-1.26999,0.81023,-0.74807,-2.24293,1.22497,-1.16422,1.17593,86.4425
T000737,Li7,binder_void,binder_void,-2.24293,1.22497,-1.16422,-2.24293,1.22497,-1.16422,0,0
T000738,alpha,BN,binder_void,0,0,0,0.62309,-0.4079,0.36013,0.827334,303
T000738,alpha,binder_void,BN,0.62309,-0.4079,0.36013,1.55763,-1.008191,0.89211,1.23166,195.5
T000738,alpha,BN,binder_void,1.55763,-1.008191,0.89211,1.65444,-1.070338,0.94771,0.12777,58.6994
T000738,alpha,binder_void,BN,1.65444,-1.070338,0.94771,3.92481,-2.53318,2.25746,3.00283,507.645
T000738,alpha,BN,binder_void,3.92481,-2.53318,2.25746,4.66335,-3.01549,2.66121,0.971819,395.21
T000738,alpha,binder_void,binder_void,4.66335,-3.01549,2.66121,4.78248,-3.04538,2.80408,0.197923,7.6427
T000738,alpha,binder_void,binder_void,4.78248,-3.04538,2.80408,4.69171,-3.07395,2.88868,0.210521,2.30372
T000738,alpha,binder_void,binder_void,4.69171,-3.07395,2.88868,4.69171,-3.07395,2.88868,0,0
T000739,Li7,BN,binder_void,0,0,0,-0.01171,0.09133,-0.20377,0.223648,144.292
T000739,Li7,binder_void,BN,-0.01171,0.09133,-0.20377,-0.06002,0.6382,-1.41143,1.32741,197.529
T000739,Li7,BN,binder_void,-0.06002,0.6382,-1.41143,-0.09543,0.97318,-2.11307,0.779985,328.004
T000739,Li7,binder_void,ZnS,-0.09543,0.97318,-2.11307,-0.07182,1.1862,-2.65413,0.584029,53.6564
T000739,Li7,ZnS,ZnS,-0.07182,1.1862,-2.65413,-0.12745,1.51614,-3.03826,0.537448,72.4731
T000739,Li7,ZnS,binder_void,-0.12745,1.51614,-3.03826,-0.1477,1.76819,-3.10082,0.48079,38.1011
T000739,Li7,binder_void,binder_void,-0.1477,1.76819,-3.10082,-0.21103,1.82937,-3.07597,0.102341,4.3285
T000739,Li7,binder_void,binder_void,-0.21103,1.82937,-3.07597,-0.28173,1.81606,-3.08779,0.0981006,1.6289
T000739,Li7,binder_void,binder_void,-0.28173,1.81606,-3.08779,-0.28173,1.81606,-3.08779,0,0
T000740,alpha,BN,binder_void,0,0,0,0.03234,-0.2522,0.56272,0.617554,241.039
T000740,alpha,binder_void,BN,0.03234,-0.2522,0.56272,0.04639,-0.34805,0.77822,0.236272,34.8794
T000740,alpha,BN,binder_void,0.04639,-0.34805,0.77822,0.07754,-0.595951,1.34918,0.623318,255.127
T000740,alpha,binder_void,BN,0.07754,-0.595951,1.34918,0.08199,-0.634801,1.44245,0.101131,13.9564
T000740,alpha,BN,binder_void,0.08199,-0.634801,1.44245,0.10951,-0.877104,2.02475,0.631441,269.596
T000740,alpha,binder_void,BN,0.10951,-0.877104,2.02475,0.11174,-0.894085,2.06523,0.0439498,6.46698
T000740,alpha,BN,binder_void,0.11174,-0.894085,2.06523,0.15862,-1.2403565,2.89537,0.901253,401.021
T000740,alpha,binder_void,ZnS,0.15862,-1.2403565,2.89537,0.15501,-1.2893895,3.0615,0.173281,29.4569
T000740,alpha,ZnS,ZnS,0.15501,-1.2893895,3.0615,0.12005,-1.799764,4.76297,1.96868,218.458
T000740,alpha,ZnS,ZnS,0.12005,-1.799764,4.76297,0.12005,-1.799764,4.76297,0,0
T000741,Li7,BN,binder_void,0,0,0,-0.0785,0.2034,-0.01239,0.218398,140.438
T000741,Li7,binder_void,ZnS,-0.0785,0.2034,-0.01239,-0.5701,1.499,-0.10552,1.38969,221.086
T000741,Li7,ZnS,ZnS,-0.5701,1.499,-0.10552,-1.1937,2.8148,-0.42739,1.51378,372.533
T000741,Li7,ZnS,ZnS,-1.1937,2.8148,-0.42739,-1.6572,2.7507,-1.30223,1.15857,69.0134
T000741,Li7,ZnS,ZnS,-1.6572,2.7507,-1.30223,-1.8219,2.7717,-1.44784,0.697545,36.93
T000741,Li7,ZnS,ZnS,-1.8219,2.7717,-1.44784,-1.8219,2.7717,-1.44784,0,0
T000742,alpha,BN,binder_void,0,0,0,0.2508,-0.6499,0.03961,0.697818,262.638
T000742,alpha,binder_void,BN,0.2508,-0.6499,0.03961,0.7124,-1.81401,0.1122,1.25449,191.218
T000742,alpha,BN,binder_void,0.7124,-1.81401,0.1122,0.7745,-1.97133,0.12263,0.169487,75.1412
T000742,alpha,binder_void,BN,0.7745,-1.97133,0.12263,0.9089,-2.3154,0.14402,0.370008,63.9466
T000742,alpha,BN,binder_void,0.9089,-2.3154,0.14402,1.0856,-2.7582,0.16861,0.477475,209.215
T000742,alpha,binder_void,BN,1.0856,-2.7582,0.16861,1.1522,-2.91802,0.17653,0.173321,27.6681
T000742,alpha,BN,binder_void,1.1522,-2.91802,0.17653,1.472,-3.6904,0.21579,0.837383,374.632
T000742,alpha,binder_void,BN,1.472,-3.6904,0.21579,1.5297,-3.85894,0.23303,0.179015,24.7684
T000742,alpha,BN,binder_void,1.5297,-3.85894,0.23303,1.6696,-4.2772,0.27564,0.44392,96.203
T000742,alpha,binder_void,ZnS,1.6696,-4.2772,0.27564,1.724,-4.48168,0.2772,0.211747,25.4182
T000742,alpha,ZnS,ZnS,1.724,-4.48168,0.2772,1.7209,-5.58569,0.59549,1.22488,119.152
T000742,alpha,ZnS,ZnS,1.7209,-5.58569,0.59549,1.7209,-5.58569,0.59549,0,0
T000743,Li7,BN,binder_void,0,0,0,-0.2768,-0.0095,-0.16848,0.324272,189.974
T000743,Li7,binder_void,BN,-0.2768,-0.0095,-0.16848,-0.3804,-0.0059,-0.2215,0.116459,17.4855
T000743,Li7,BN,binder_void,-0.3804,-0.0059,-0.2215,-1.1894,0.0197,-0.63819,0.911893,443.422
T000743,Li7,binder_void,ZnS,-1.1894,0.0197,-0.63819,-1.4028,0.0524,-0.7813,0.259347,24.8265
T000743,Li7,ZnS,ZnS,-1.4028,0.0524,-0.7813,-1.8776,0.0793,-1.43381,0.848429,92.3914
T000743,Li7,ZnS,binder_void,-1.8776,0.0793,-1.43381,-1.8716,-0.0176,-1.56181,0.175421,39.3373
T000743,Li7,binder_void,BN,-1.8716,-0.0176,-1.56181,-1.9122,-0.5371,-1.76391,0.612981,25.1829
T000743,Li7,BN,BN,-1.9122,-0.5371,-1.76391,-1.8995,-0.569,-1.79094,0.0487072,3.40716
T000743,Li7,BN,BN,-1.8995,-0.569,-1.79094,-1.9011,-0.5765,-1.75129,0.05064,3.97324
T000743,Li7,BN,BN,-1.9011,-0.5765,-1.75129,-1.9011,-0.5765,-1.75129,0,0
T000744,alpha,BN,binder_void,0,0,0,0.4013,0.0138,0.24426,0.470013,170.257
T000744,alpha,binder_void,ZnS,0.4013,0.0138,0.24426,1.0491,0.0347,0.63122,0.754916,110.313
T000744,alpha,ZnS,binder_void,1.0491,0.0347,0.63122,3.729,0.1781,2.17618,3.11262,1053.85
T000744,alpha,binder_void,BN,3.729,0.1781,2.17618,3.7901,0.1844,2.21845,0.0746025,9.69997
T000744,alpha,BN,BN,3.7901,0.1844,2.21845,4.45661,0.2525,2.68857,0.835751,125.878
T000744,alpha,BN,BN,4.45661,0.2525,2.68857,4.45661,0.2525,2.68857,0,0
T000745,Li7,BN,binder_void,0,0,0,-0.2179,0.1742,-0.23463,0.364652,234.436
T000745,Li7,binder_void,BN,-0.2179,0.1742,-0.23463,-0.3575,0.2808,-0.37673,0.225951,35.4219
T000745,Li7,BN,binder_void,-0.3575,0.2808,-0.37673,-0.8291,0.6372,-0.86453,0.767672,411.309
T000745,Li7,binder_void,BN,-0.8291,0.6372,-0.86453,-1.3547,1.042,-1.50308,0.927029,76.2427
T000745,Li7,BN,BN,-1.3547,1.042,-1.50308,-1.697,1.348,-1.99204,0.732583,82.5896
T000745,Li7,BN,BN,-1.697,1.348,-1.99204,-1.697,1.348,-1.99204,0,0
T000746,alpha,BN,binder_void,0,0,0,0.3729,-0.2983,0.4016,0.623996,244.555
T000746,alpha,binder_void,BN,0.3729,-0.2983,0.4016,0.6564,-0.5241,0.71059,0.476306,77.8795
T000746,alpha,BN,binder_void,0.6564,-0.5241,0.71059,1.1895,-0.9473,1.29331,0.896213,377.299
T000746,alpha,binder_void,BN,1.1895,-0.9473,1.29331,1.2459,-0.9918,1.35802,0.0966639,11.8964
T000746,alpha,BN,binder_void,1.2459,-0.9918,1.35802,1.7415,-1.3815,1.928599,0.850654,382.296
T000746,alpha,binder_void,BN,1.7415,-1.3815,1.928599,2.2657,-1.7797,2.4973705,0.87042,127.424
T000746,alpha,BN,BN,2.2657,-1.7797,2.4973705,2.6771,-2.1236,2.978759,0.722985,248.65
T000746,alpha,BN,BN,2.6771,-2.1236,2.978759,2.6771,-2.1236,2.978759,0,0
T000747,Li7,BN,binder_void,0,0,0,-0.0809,-0.4888,0.14784,0.517257,308.739
T000747,Li7,binder_void,ZnS,-0.0809,-0.4888,0.14784,-0.0926,-0.5555,0.16787,0.0706214,10.0783
T000747,Li7,ZnS,ZnS,-0.0926,-0.5555,0.16787,-0.5715,-1.893,0.67742,1.52883,368.236
T000747,Li7,ZnS,ZnS,-0.5715,-1.893,0.67742,-1.3009,-2.7892,0.60721,1.27798,152.947
T000747,Li7,ZnS,ZnS,-1.3009,-2.7892,0.60721,-1.3009,-2.7892,0.60721,0,0
T000748,alpha,BN,binder_void,0,0,0,0.0689,0.4159,-0.1258,0.439957,170.973
T000748,alpha,binder_void,BN,0.0689,0.4159,-0.1258,0.0969,0.5823,-0.17575,0.176,24.2205
T000748,alpha,BN,binder_void,0.0969,0.5823,-0.17575,0.1918,1.1496,-0.34802,0.60051,241.231
T000748,alpha,binder_void,BN,0.1918,1.1496,-0.34802,0.4574,2.7676,-0.82168,1.70701,287.152
T000748,alpha,BN,binder_void,0.4574,2.7676,-0.82168,0.4981,3.0124,-0.89282,0.258174,118.283
T000748,alpha,binder_void,BN,0.4981,3.0124,-0.89282,0.5336,3.2286,-0.95583,0.227942,40.4395
T000748,alpha,BN,binder_void,0.5336,3.2286,-0.95583,0.6629,4.0292,-1.18626,0.843695,373.738
T000748,alpha,binder_void,ZnS,0.6629,4.0292,-1.18626,0.6843,4.2273,-1.24502,0.207796,26.2226
T000748,alpha,ZnS,ZnS,0.6843,4.2273,-1.24502,0.85,5.7804,-1.69593,1.84368,187.74
T000748,alpha,ZnS,ZnS,0.85,5.7804,-1.69593,0.85,5.7804,-1.69593,0,0
T000749,Li7,BN,binder_void,0,0,0,0.13344,-0.1578,0.51391,0.554208,352.237
T000749,Li7,binder_void,BN,0.13344,-0.1578,0.51391,0.37226,-0.3881,1.29324,0.847614,118.696
T000749,Li7,BN,binder_void,0.37226,-0.3881,1.29324,0.52967,-0.5512,1.84588,0.598948,258.767
T000749,Li7,binder_void,ZnS,0.52967,-0.5512,1.84588,0.58906,-0.618,2.06828,0.240455,18.7504
T000749,Li7,ZnS,ZnS,0.58906,-0.618,2.06828,0.6962,-0.6011,2.35568,0.3222,71.5301
T000749,Li7,ZnS,ZnS,0.6962,-0.6011,2.35568,0.95566,-0.592,2.38088,0.346431,14.387
T000749,Li7,ZnS,ZnS,0.95566,-0.592,2.38088,0.961,-0.588,2.36648,0.272447,5.6337
T000749,Li7,ZnS,ZnS,0.961,-0.588,2.36648,0.961,-0.588,2.36648,0,0
T000750,alpha,BN,binder_void,0,0,0,-0.09011,0.1067,-0.34706,0.374102,136.857
T000750,alpha,binder_void,BN,-0.09011,0.1067,-0.34706,-0.09521,0.1129,-0.36725,0.0217311,3.14887
T000750,alpha,BN,binder_void,-0.09521,0.1129,-0.36725,-0.27763,0.3344,-1.09059,0.778295,317.573
T000750,alpha,binder_void,BN,-0.27763,0.3344,-1.09059,-0.60468,0.6837,-2.26954,1.27251,210.29
T000750,alpha,BN,binder_void,-0.60468,0.6837,-2.26954,-0.7396,0.8553,-2.83976,0.61073,292.677
T000750,alpha,binder_void,BN,-0.7396,0.8553,-2.83976,-0.77263,0.8955,-2.97279,0.142844,26.3938
T000750,alpha,BN,binder_void,-0.77263,0.8955,-2.97279,-0.9793,1.1403,-3.78392,0.873053,341.887
T000750,alpha,binder_void,BN,-0.9793,1.1403,-3.78392,-1.06373,1.2422,-4.17885,0.417165,54.4167
T000750,alpha,BN,BN,-1.06373,1.2422,-4.17885,-1.17371,1.3982,-4.81396,0.68637,86.7566
T000750,alpha,BN,BN,-1.17371,1.3982,-4.81396,-1.17371,1.3982,-4.81396,0,0
T000751,Li7,BN,binder_void,0,0,0,0.05642,-0.4554,0.38989,0.602538,367.058
T000751,Li7,binder_void,BN,0.05642,-0.4554,0.38989,0.07599,-0.5991,0.50509,0.185246,26.8901
T000751,Li7,BN,binder_void,0.07599,-0.5991,0.50509,0.13965,-1.1583,0.91033,0.695107,288.643
T000751,Li7,binder_void,BN,0.13965,-1.1583,0.91033,0.21194,-1.7732,1.26232,0.715902,55.4401
T000751,Li7,BN,binder_void,0.21194,-1.7732,1.26232,0.28675,-2.394,1.68288,0.802158,86.7567
T000751,Li7,binder_void,binder_void,0.28675,-2.394,1.68288,0.23618,-2.559,1.74428,0.191729,7.08157
T000751,Li7,binder_void,binder_void,0.23618,-2.559,1.74428,0.1373,-2.6756,1.75398,0.218824,5.04426
T000751,Li7,binder_void,BN,0.1373,-2.6756,1.75398,0.13666,-2.6742,1.75538,0.00210768,0.0586653
T000751,Li7,BN,BN,0.13666,-2.6742,1.75538,0.13753,-2.6693,1.77018,0.0326533,3.38234
T000751,Li7,BN,BN,0.13753,-2.6693,1.77018,0.13753,-2.6693,1.77018,0,0
T000752,alpha,BN,binder_void,0,0,0,-0.03224,0.2603,-0.22278,0.344112,110.828
T000752,alpha,binder_void,BN,-0.03224,0.2603,-0.22278,-0.03574,0.2959,-0.2538,0.0473867,5.13889
T000752,alpha,BN,binder_void,-0.03574,0.2959,-0.2538,-0.09423,0.8911,-0.7713,0.790938,333.505
T000752,alpha,binder_void,BN,-0.09423,0.8911,-0.7713,-0.10741,1.0548,-0.91222,0.216439,37.7284
T000752,alpha,BN,binder_void,-0.10741,1.0548,-0.91222,-0.12675,1.3005,-1.12327,0.324508,151.608
T000752,alpha,binder_void,BN,-0.12675,1.3005,-1.12327,-0.14345,1.5129,-1.30533,0.280232,47.7915
T000752,alpha,BN,binder_void,-0.14345,1.5129,-1.30533,-0.19658,2.19004,-1.88781,0.895159,434.811
T000752,alpha,binder_void,ZnS,-0.19658,2.19004,-1.88781,-0.32118,2.92194,-2.49948,0.962607,166.36
T000752,alpha,ZnS,ZnS,-0.32118,2.92194,-2.49948,-0.47072,4.12602,-3.53756,1.82015,182.229
T000752,alpha,ZnS,ZnS,-0.47072,4.12602,-3.53756,-0.47072,4.12602,-3.53756,0,0
T000753,Li7,BN,binder_void,0,0,0,0.3853,0.48985,-0.140743,0.639201,410.244
T000753,Li7,binder_void,BN,0.3853,0.48985,-0.140743,0.4707,0.60141,-0.177353,0.145221,23.7383
T000753,Li7,BN,binder_void,0.4707,0.60141,-0.177353,0.9672,1.25088,-0.391963,0.846714,421.369
T000753,Li7,binder_void,BN,0.9672,1.25088,-0.391963,1.0691,1.36991,-0.441893,0.164623,14.6172
T000753,Li7,BN,BN,1.0691,1.36991,-0.441893,1.5993,2.03325,-0.709003,0.926999,143.031
T000753,Li7,BN,BN,1.5993,2.03325,-0.709003,1.5993,2.03325,-0.709003,0,0
T000754,alpha,BN,binder_void,0,0,0,-0.1506,-0.19147,0.055013,0.24975,80.9283
T000754,alpha,binder_void,ZnS,-0.1506,-0.19147,0.055013,-0.3965,-0.50816,0.145861,0.411126,53.8008
T000754,alpha,ZnS,binder_void,-0.3965,-0.50816,0.145861,-2.6394,-3.39826,0.9254256,3.75319,1416.03
T000754,alpha,binder_void,BN,-2.6394,-3.39826,0.9254256,-3.2038,-4.16336,0.9890713,0.954385,106.455
T000754,alpha,BN,binder_void,-3.2038,-4.16336,0.9890713,-3.5847,-4.64426,0.9882244,0.621332,115.303
T000754,alpha,binder_void,binder_void,-3.5847,-4.64426,0.9882244,-3.6223,-4.67836,1.0243473,0.0679556,1.08481
T000754,alpha,binder_void,binder_void,-3.6223,-4.67836,1.0243473,-3.571,-4.68706,1.0427898,0.0631714,0.78266
T000754,alpha,binder_void,binder_void,-3.571,-4.68706,1.0427898,-3.5394,-4.70896,1.074464,0.0608119,0.857714
T000754,alpha,binder_void,binder_void,-3.5394,-4.70896,1.074464,-3.5652,-4.71316,1.102748,0.0626297,0.757738
T000754,alpha,binder_void,binder_void,-3.5652,-4.71316,1.102748,-3.5652,-4.71316,1.102748,0,0
T000755,Li7,BN,binder_void,0,0,0,0.1794,-0.14933,0.06099,0.241286,155.512
T000755,Li7,binder_void,BN,0.1794,-0.14933,0.06099,0.323,-0.26575,0.110745,0.191484,34.9951
T000755,Li7,BN,binder_void,0.323,-0.26575,0.110745,0.4193,-0.34235,0.143356,0.127287,79.0638
T000755,Li7,binder_void,BN,0.4193,-0.34235,0.143356,0.5132,-0.41843,0.174539,0.124837,18.6965
T000755,Li7,BN,binder_void,0.5132,-0.41843,0.174539,0.9352,-0.76926,0.314693,0.567075,288.745
T000755,Li7,binder_void,ZnS,0.9352,-0.76926,0.314693,1.6484,-1.38656,0.547452,0.974223,95.3261
T000755,Li7,ZnS,ZnS,1.6484,-1.38656,0.547452,2.2016,-1.92536,0.833023,0.925639,140.985
T000755,Li7,ZnS,ZnS,2.2016,-1.92536,0.833023,2.2988,-2.02436,0.800841,0.592854,26.6765
T000755,Li7,ZnS,ZnS,2.2988,-2.02436,0.800841,2.2988,-2.02436,0.800841,0,0
T000756,alpha,BN,binder_void,0,0,0,-0.4919,0.40946,-0.167233,0.661523,262.525
T000756,alpha,binder_void,BN,-0.4919,0.40946,-0.167233,-1.0746,0.88143,-0.359423,0.774144,120.359
T000756,alpha,BN,binder_void,-1.0746,0.88143,-0.359423,-1.6231,1.32528,-0.546963,0.73024,314.451
T000756,alpha,binder_void,BN,-1.6231,1.32528,-0.546963,-2.3266,1.89012,-0.798253,0.936718,156.403
T000756,alpha,BN,binder_void,-2.3266,1.89012,-0.798253,-2.5785,2.09351,-0.893013,0.337413,140.557
T000756,alpha,binder_void,BN,-2.5785,2.09351,-0.893013,-2.8278,2.29141,-0.985093,0.331346,55.0374
T000756,alpha,BN,binder_void,-2.8278,2.29141,-0.985093,-3.1616,2.54694,-1.108693,0.438484,160.913
T000756,alpha,binder_void,ZnS,-3.1616,2.54694,-1.108693,-4.0017,3.2162,-1.472323,1.13565,171.709
T000756,alpha,ZnS,ZnS,-4.0017,3.2162,-1.472323,-4.4563,3.62283,-1.478573,0.667248,30.2055
T000756,alpha,ZnS,binder_void,-4.4563,3.62283,-1.478573,-4.2512,3.90715,-1.463953,0.403936,11.8612
T000756,alpha,binder_void,BN,-4.2512,3.90715,-1.463953,-4.4911,4.35778,-2.192473,0.924406,18.2149
T000756,alpha,BN,BN,-4.4911,4.35778,-2.192473,-4.5437,4.56689,-2.435273,0.377287,27.7646
T000756,alpha,BN,BN,-4.5437,4.56689,-2.435273,-4.5437,4.56689,-2.435273,0,0
T000757,Li7,BN,binder_void,0,0,0,0.0073,-0.08103,-0.50976,0.51646,315.981
T000757,Li7,binder_void,BN,0.0073,-0.08103,-0.50976,0.0084,-0.09008,-0.64732,0.137879,21.5793
T000757,Li7,BN,binder_void,0.0084,-0.09008,-0.64732,0.0157,-0.11796,-1.06578,0.419871,203.546
T000757,Li7,binder_void,BN,0.0157,-0.11796,-1.06578,0.0191,-0.15094,-1.3772,0.313372,38.6359
T000757,Li7,BN,binder_void,0.0191,-0.15094,-1.3772,0.0473,-0.20241,-1.99111,0.620221,213.009
T000757,Li7,binder_void,BN,0.0473,-0.20241,-1.99111,0.0297,-0.32669,-2.28553,0.327197,16.8643
T000757,Li7,BN,BN,0.0297,-0.32669,-2.28553,0.0149,-0.36713,-2.50005,0.229989,17.7106
T000757,Li7,BN,BN,0.0149,-0.36713,-2.50005,0.1501,-0.24729,-2.4938,0.217538,12.6736
T000757,Li7,BN,BN,0.1501,-0.24729,-2.4938,0.1501,-0.24729,-2.4938,0,0
T000758,alpha,BN,binder_void,0,0,0,-0.0054,0.06095,0.38348,0.388345,157.839
T000758,alpha,binder_void,BN,-0.0054,0.06095,0.38348,-0.0062,0.06985,0.43676,0.0540357,8.31105
T000758,alpha,BN,binder_void,-0.0062,0.06985,0.43676,-0.018,0.20145,1.21888,0.793299,314.59
T000758,alpha,binder_void,BN,-0.018,0.20145,1.21888,-0.0224,0.23125,1.39733,0.180984,24.7602
T000758,alpha,BN,binder_void,-0.0224,0.23125,1.39733,-0.0433,0.36875,2.23607,0.850424,374.422
T000758,alpha,binder_void,BN,-0.0433,0.36875,2.23607,-0.0435,0.37745,2.29285,0.0574397,11.014
T000758,alpha,BN,binder_void,-0.0435,0.37745,2.29285,-0.0443,0.44865,2.7626,0.47529,199.696
T000758,alpha,binder_void,BN,-0.0443,0.44865,2.7626,-0.0435,0.47485,2.96514,0.204247,35.0487
T000758,alpha,BN,binder_void,-0.0435,0.47485,2.96514,-0.0434,0.57895,3.77173,0.814883,317.843
T000758,alpha,binder_void,binder_void,-0.0434,0.57895,3.77173,-0.1335,0.66715,4.32331,0.60376,26.4769
T000758,alpha,binder_void,binder_void,-0.1335,0.66715,4.32331,-0.1335,0.66715,4.32331,0,0
T000759,Li7,BN,binder_void,0,0,0,0.4767,-0.09039,-0.437,0.653378,380.637
T000759,Li7,binder_void,BN,0.4767,-0.09039,-0.437,0.6895,-0.11834,-0.64481,0.298833,44.3674
T000759,Li7,BN,binder_void,0.6895,-0.11834,-0.64481,1.0529,-0.15737,-0.96868,0.489197,229.476
T000759,Li7,binder_void,BN,1.0529,-0.15737,-0.96868,1.2706,-0.19759,-1.16483,0.296206,27.5057
T000759,Li7,BN,BN,1.2706,-0.19759,-1.16483,1.8185,-0.29771,-1.66933,0.767525,158.014
T000759,Li7,BN,BN,1.8185,-0.29771,-1.66933,1.8185,-0.29771,-1.66933,0,0
T000760,alpha,BN,binder_void,0,0,0,-0.2241,0.04245,0.20546,0.307008,111.617
T000760,alpha,binder_void,BN,-0.2241,0.04245,0.20546,-0.3125,0.05915,0.28552,0.120448,18.2012
T000760,alpha,BN,binder_void,-0.3125,0.05915,0.28552,-0.7459,0.13915,0.6789,0.590824,235.388
T000760,alpha,binder_void,BN,-0.7459,0.13915,0.6789,-1.0048,0.19005,0.91621,0.354875,61.9045
T000760,alpha,BN,binder_void,-1.0048,0.19005,0.91621,-1.3011,0.24665,1.18912,0.406814,166.442
T000760,alpha,binder_void,BN,-1.3011,0.24665,1.18912,-1.5148,0.28915,1.39099,0.297035,48.4958
T000760,alpha,BN,binder_void,-1.5148,0.28915,1.39099,-1.902,0.36515,1.75985,0.540283,248.648
T000760,alpha,binder_void,ZnS,-1.902,0.36515,1.75985,-1.937,0.37225,1.79381,0.0492269,8.80197
T000760,alpha,ZnS,ZnS,-1.937,0.37225,1.79381,-4.0581,0.79725,3.85373,3.07331,570.502
T000760,alpha,ZnS,ZnS,-4.0581,0.79725,3.85373,-4.0581,0.79725,3.85373,0,0
T000761,Li7,BN,binder_void,0,0,0,0.004307,-0.818278,0.22824,0.850263,505.282
T000761,Li7,binder_void,BN,0.004307,-0.818278,0.22824,-0.009343,-1.605573,0.48149,0.828324,108.54
T000761,Li7,BN,BN,-0.009343,-1.605573,0.48149,-0.03666,-2.480173,0.78177,0.938507,236.203
T000761,Li7,BN,BN,-0.03666,-2.480173,0.78177,-0.03666,-2.480173,0.78177,0,0
T000762,alpha,BN,binder_void,0,0,0,-0.000557,0.10588,-0.02953,0.109925,37.0095
T000762,alpha,binder_void,ZnS,-0.000557,0.10588,-0.02953,-0.001046,0.213828,-0.05929,0.111977,12.5541
T000762,alpha,ZnS,ZnS,-0.001046,0.213828,-0.05929,-0.028079,4.599037,-1.26044,4.57591,1420.44
T000762,alpha,ZnS,ZnS,-0.028079,4.599037,-1.26044,-0.028079,4.599037,-1.26044,0,0
T000763,Li7,BN,binder_void,0,0,0,-0.263409,-0.009777,0.02148,0.264525,174.699
T000763,Li7,binder_void,BN,-0.263409,-0.009777,0.02148,-0.422604,-0.016904,0.03349,0.159821,28.8231
T000763,Li7,BN,binder_void,-0.422604,-0.016904,0.03349,-0.983934,-0.039252,0.07342,0.563694,299.075
T000763,Li7,binder_void,BN,-0.983934,-0.039252,0.07342,-1.119544,-0.036519,0.08894,0.136555,14.4528
T000763,Li7,BN,binder_void,-1.119544,-0.036519,0.08894,-1.901374,-0.029413,0.17791,0.790988,271.407
T000763,Li7,binder_void,binder_void,-1.901374,-0.029413,0.17791,-2.781974,0.187558,0.16236,0.97033,52.0177
T000763,Li7,binder_void,binder_void,-2.781974,0.187558,0.16236,-2.781974,0.187558,0.16236,0,0
T000764,alpha,BN,binder_void,0,0,0,0.351693,0.013054,-0.02867,0.353118,131.66
T000764,alpha,binder_void,BN,0.351693,0.013054,-0.02867,0.5463,0.02117,-0.04392,0.195375,31.9355
T000764,alpha,BN,binder_void,0.5463,0.02117,-0.04392,1.310185,0.053892,-0.10351,0.767007,309.151
T000764,alpha,binder_void,BN,1.310185,0.053892,-0.10351,1.733136,0.066181,-0.14081,0.424788,73.6519
T000764,alpha,BN,binder_void,1.733136,0.066181,-0.14081,2.446926,0.083656,-0.20154,0.716752,312.434
T000764,alpha,binder_void,BN,2.446926,0.083656,-0.20154,3.636226,0.094794,-0.2782,1.19218,211.25
T000764,alpha,BN,binder_void,3.636226,0.094794,-0.2782,4.545026,0.098638,-0.33622,0.912179,291.832
T000764,alpha,binder_void,binder_void,4.545026,0.098638,-0.33622,5.745326,0.046361,-0.26092,1.21513,108.085
T000764,alpha,binder_void,binder_void,5.745326,0.046361,-0.26092,5.745326,0.046361,-0.26092,0,0
T000765,Li7,BN,binder_void,0,0,0,-0.01183,0.27306,-0.16364,0.318653,189.804
T000765,Li7,binder_void,BN,-0.01183,0.27306,-0.16364,-0.01838,0.42169,-0.25328,0.173701,26.4008
T000765,Li7,BN,binder_void,-0.01838,0.42169,-0.25328,-0.03867,0.96104,-0.57803,0.630569,346.774
T000765,Li7,binder_void,BN,-0.03867,0.96104,-0.57803,-0.07807,1.30906,-0.83,0.431905,54.3715
T000765,Li7,BN,binder_void,-0.07807,1.30906,-0.83,-0.08381,1.56038,-1.02039,0.316426,113.805
T000765,Li7,binder_void,binder_void,-0.08381,1.56038,-1.02039,-0.01827,2.7075,-2.07956,1.6077,108.846
T000765,Li7,binder_void,binder_void,-0.01827,2.7075,-2.07956,-0.01827,2.7075,-2.07956,0,0
T000766,alpha,BN,binder_void,0,0,0,0.0075,-0.17303,0.1037,0.201872,73.9132
T000766,alpha,binder_void,ZnS,0.0075,-0.17303,0.1037,0.06118,-1.33075,0.79629,1.35024,198.662
T000766,alpha,ZnS,binder_void,0.06118,-1.33075,0.79629,0.14086,-2.58345,1.55078,1.46748,523.499
T000766,alpha,binder_void,BN,0.14086,-2.58345,1.55078,0.16915,-3.34384,1.96934,0.868597,147.321
T000766,alpha,BN,binder_void,0.16915,-3.34384,1.96934,0.20886,-4.1631,2.43007,0.941694,359.031
T000766,alpha,binder_void,BN,0.20886,-4.1631,2.43007,0.22789,-4.40538,2.59593,0.294442,39.4891
T000766,alpha,BN,binder_void,0.22789,-4.40538,2.59593,0.23787,-4.50238,2.66496,0.11968,29.1537
T000766,alpha,binder_void,ZnS,0.23787,-4.50238,2.66496,0.25766,-4.72288,2.81914,0.270342,34.2782
T000766,alpha,ZnS,ZnS,0.25766,-4.72288,2.81914,0.23066,-5.02688,2.94368,0.34402,11.8313
T000766,alpha,ZnS,ZnS,0.23066,-5.02688,2.94368,0.38451,-5.34908,3.02529,0.392175,38.8744
T000766,alpha,ZnS,ZnS,0.38451,-5.34908,3.02529,0.27791,-5.51448,3.2171,0.36012,3.64101
T000766,alpha,ZnS,ZnS,0.27791,-5.51448,3.2171,0.25969,-5.53478,3.289,0.524049,10.3051
T000766,alpha,ZnS,ZnS,0.25969,-5.53478,3.289,0.25969,-5.53478,3.289,0,0
T000767,Li7,BN,binder_void,0,0,0,0.04818,-0.13898,-0.02743,0.149649,96.3966
T000767,Li7,binder_void,BN,0.04818,-0.13898,-0.02743,0.12795,-0.39203,-0.06551,0.26807,47.5011
T000767,Li7,BN,binder_void,0.12795,-0.39203,-0.06551,0.35244,-1.10847,-0.18098,0.760443,421.196
T000767,Li7,binder_void,ZnS,0.35244,-1.10847,-0.18098,0.38948,-1.21108,-0.19866,0.110537,11.2643
T000767,Li7,ZnS,ZnS,0.38948,-1.21108,-0.19866,1.06082,-2.32252,-0.33366,1.40377,263.642
T000767,Li7,ZnS,ZnS,1.06082,-2.32252,-0.33366,1.06082,-2.32252,-0.33366,0,0
T000768,alpha,BN,binder_void,0,0,0,-0.13836,0.39919,0.0788,0.429799,159.963
T000768,alpha,binder_void,BN,-0.13836,0.39919,0.0788,-0.23116,0.67021,0.13106,0.2912,52.3497
T000768,alpha,BN,binder_void,-0.23116,0.67021,0.13106,-0.49734,1.43369,0.27659,0.821676,318.98
T000768,alpha,binder_void,BN,-0.49734,1.43369,0.27659,-0.64354,1.87102,0.36191,0.468953,79.2419
T000768,alpha,BN,binder_void,-0.64354,1.87102,0.36191,-0.91844,2.71184,0.51709,0.898458,414.983
T000768,alpha,binder_void,BN,-0.91844,2.71184,0.51709,-0.97224,2.87693,0.54984,0.176725,32.3163
T000768,alpha,BN,binder_void,-0.97224,2.87693,0.54984,-1.18944,3.55508,0.68694,0.726018,224.672
T000768,alpha,binder_void,ZnS,-1.18944,3.55508,0.68694,-1.21934,3.63037,0.69576,0.0814976,10.6986
T000768,alpha,ZnS,ZnS,-1.21934,3.63037,0.69576,-1.79294,5.080284,0.85773,1.79658,176.795
T000768,alpha,ZnS,ZnS,-1.79294,5.080284,0.85773,-1.79294,5.080284,0.85773,0,0
T000769,Li7,BN,binder_void,0,0,0,0.09445,0.1841,-0.14397,0.252143,160.203
T000769,Li7,binder_void,binder_void,0.09445,0.1841,-0.14397,0.80266,1.5693,-1.302741,1.94075,289.675
T000769,Li7,binder_void,BN,0.80266,1.5693,-1.302741,0.91265,1.7418,-1.434744,0.243606,30.7986
T000769,Li7,BN,binder_void,0.91265,1.7418,-1.434744,1.24434,2.2766,-1.850334,0.757056,347.916
T000769,Li7,binder_void,binder_void,1.24434,2.2766,-1.850334,1.28821,2.3494,-1.960748,0.147595,5.456
T000769,Li7,binder_void,binder_void,1.28821,2.3494,-1.960748,1.33101,2.3304,-2.059101,0.146938,5.14711
T000769,Li7,binder_void,binder_void,1.33101,2.3304,-2.059101,1.32697,2.3085,-2.066954,0.147258,0.803333
T000769,Li7,binder_void,binder_void,1.32697,2.3085,-2.066954,1.32697,2.3085,-2.066954,0,0
T000770,alpha,BN,binder_void,0,0,0,-0.23541,-0.459,0.35887,0.628439,244.755
T000770,alpha,binder_void,ZnS,-0.23541,-0.459,0.35887,-0.31098,-0.6042,0.46991,0.19781,29.8135
T000770,alpha,ZnS,ZnS,-0.31098,-0.6042,0.46991,-1.97408,-3.7683,2.86658,4.34195,1195.43
T000770,alpha,ZnS,ZnS,-1.97408,-3.7683,2.86658,-1.97408,-3.7683,2.86658,0,0
T000771,Li7,BN,binder_void,0,0,0,0.20166,-0.3066,-0.08532,0.376889,234.244
T000771,Li7,binder_void,BN,0.20166,-0.3066,-0.08532,0.39639,-0.6078,-0.17188,0.369034,58.6128
T000771,Li7,BN,binder_void,0.39639,-0.6078,-0.17188,0.68189,-1.0408,-0.28783,0.532026,274.053
T000771,Li7,binder_void,BN,0.68189,-1.0408,-0.28783,0.73977,-1.1231,-0.30828,0.102738,12.2526
T000771,Li7,BN,BN,0.73977,-1.1231,-0.30828,1.19734,-1.8133,-0.46319,0.849985,260.838
T000771,Li7,BN,BN,1.19734,-1.8133,-0.46319,1.19734,-1.8133,-0.46319,0,0
T000772,alpha,BN,binder_void,0,0,0,-0.22504,0.3421,0.0952,0.42047,163.771
T000772,alpha,binder_void,BN,-0.22504,0.3421,0.0952,-0.66825,1.0123,0.28033,0.824579,119.761
T000772,alpha,BN,binder_void,-0.66825,1.0123,0.28033,-0.95085,1.4414,0.39746,0.526995,208.85
T000772,alpha,binder_void,ZnS,-0.95085,1.4414,0.39746,-1.34589,2.0377,0.55713,0.732959,111.74
T000772,alpha,ZnS,binder_void,-1.34589,2.0377,0.55713,-2.97062,4.5275,1.23073,3.07927,672.572
T000772,alpha,binder_void,BN,-2.97062,4.5275,1.23073,-3.0277,4.6398,1.27439,0.133357,20.1081
T000772,alpha,BN,binder_void,-3.0277,4.6398,1.27439,-3.19461,4.9695,1.40584,0.393414,93.1462
T000772,alpha,binder_void,BN,-3.19461,4.9695,1.40584,-3.23698,5.0518,1.43945,0.0986158,6.77354
T000772,alpha,BN,BN,-3.23698,5.0518,1.43945,-3.49874,5.5661,1.60903,0.627961,73.2792
T000772,alpha,BN,BN,-3.49874,5.5661,1.60903,-3.49874,5.5661,1.60903,0,0
T000773,Li7,BN,binder_void,0,0,0,0.249683,-0.58719,-0.06175,0.641453,387.499
T000773,Li7,binder_void,BN,0.249683,-0.58719,-0.06175,0.441548,-1.12382,-0.09716,0.571304,75.7769
T000773,Li7,BN,binder_void,0.441548,-1.12382,-0.09716,0.768492,-1.9599,-0.14041,0.902948,344.319
T000773,Li7,binder_void,ZnS,0.768492,-1.9599,-0.14041,0.942982,-2.40016,-0.20937,0.516268,15.5329
T000773,Li7,ZnS,ZnS,0.942982,-2.40016,-0.20937,0.967672,-2.45541,-0.23097,0.102409,11.882
T000773,Li7,ZnS,ZnS,0.967672,-2.45541,-0.23097,0.947242,-2.45696,-0.26646,0.0757042,4.41966
T000773,Li7,ZnS,ZnS,0.947242,-2.45696,-0.26646,0.946702,-2.45618,-0.26704,0.0867604,0.571323
T000773,Li7,ZnS,ZnS,0.946702,-2.45618,-0.26704,0.946702,-2.45618,-0.26704,0,0
T000774,alpha,BN,binder_void,0,0,0,-0.118585,0.27889,0.02932,0.304479,112.211
T000774,alpha,binder_void,ZnS,-0.118585,0.27889,0.02932,-0.130606,0.30665,0.0323,0.0303972,5.72954
T000774,alpha,ZnS,ZnS,-0.130606,0.30665,0.0323,-1.912308,4.41702,0.47409,4.5336,1352.06
T000774,alpha,ZnS,ZnS,-1.912308,4.41702,0.47409,-1.912308,4.41702,0.47409,0,0
T000775,Li7,BN,binder_void,0,0,0,-0.4863398,-0.14147,-0.29214,0.585035,349.655
T000775,Li7,binder_void,BN,-0.4863398,-0.14147,-0.29214,-0.5137686,-0.15,-0.30915,0.0333822,5.04576
T000775,Li7,BN,binder_void,-0.5137686,-0.15,-0.30915,-1.128912,-0.33935,-0.69306,0.751047,344.445
T000775,Li7,binder_void,BN,-1.128912,-0.33935,-0.69306,-1.179877,-0.35342,-0.73429,0.0670865,6.75404
T000775,Li7,BN,BN,-1.179877,-0.35342,-0.73429,-1.841108,-0.5524,-1.26265,0.909298,134.101
T000775,Li7,BN,BN,-1.841108,-0.5524,-1.26265,-1.841108,-0.5524,-1.26265,0,0
T000776,alpha,BN,binder_void,0,0,0,0.277648,0.08077,0.16678,0.333822,127.465
T000776,alpha,binder_void,BN,0.277648,0.08077,0.16678,0.494122,0.14276,0.29423,0.258743,38.4338
T000776,alpha,BN,binder_void,0.494122,0.14276,0.29423,0.903012,0.25968,0.53581,0.489151,194.979
T000776,alpha,binder_void,BN,0.903012,0.25968,0.53581,1.157932,0.329,0.68611,0.303947,49.744
T000776,alpha,BN,binder_void,1.157932,0.329,0.68611,1.835322,0.51436,1.08098,0.805855,351.815
T000776,alpha,binder_void,ZnS,1.835322,0.51436,1.08098,2.371712,0.67617,1.36602,0.628678,119.088
T000776,alpha,ZnS,ZnS,2.371712,0.67617,1.36602,4.963462,1.49143,2.72749,3.12317,588.474
T000776,alpha,ZnS,ZnS,4.963462,1.49143,2.72749,4.963462,1.49143,2.72749,0,0
T000777,Li7,BN,binder_void,0,0,0,0.00283,0.00129,-0.01455,0.0148743,10.8043
T000777,Li7,binder_void,BN,0.00283,0.00129,-0.01455,0.01881,0.0085,-0.0965,0.0838085,19.8273
T000777,Li7,BN,binder_void,0.01881,0.0085,-0.0965,0.19228,0.08289,-0.97904,0.903121,536.659
T000777,Li7,binder_void,BN,0.19228,0.08289,-0.97904,0.25662,0.08419,-1.35923,0.385739,48.6988
T000777,Li7,BN,binder_void,0.25662,0.08419,-1.35923,0.37528,0.05443,-2.10345,0.756648,313.955
T000777,Li7,binder_void,BN,0.37528,0.05443,-2.10345,0.38174,0.04972,-2.13525,0.0328137,2.56566
T000777,Li7,BN,BN,0.38174,0.04972,-2.13525,0.54878,-0.07164,-2.7622,0.72311,80.4898
T000777,Li7,BN,BN,0.54878,-0.07164,-2.7622,0.54878,-0.07164,-2.7622,0,0
T000778,alpha,BN,binder_void,0,0,0,-0.08177,-0.03756,0.42115,0.430674,140.879
T000778,alpha,binder_void,BN,-0.08177,-0.03756,0.42115,-0.10004,-0.04666,0.51682,0.0978217,11.2468
T000778,alpha,BN,binder_void,-0.10004,-0.04666,0.51682,-0.17234,-0.08257,0.89725,0.388923,138.789
T000778,alpha,binder_void,BN,-0.17234,-0.08257,0.89725,-0.3529,-0.17048,1.79897,0.923852,132.541
T000778,alpha,BN,binder_void,-0.3529,-0.17048,1.79897,-0.41217,-0.19786,2.09548,0.303624,118.335
T000778,alpha,binder_void,BN,-0.41217,-0.19786,2.09548,-0.45372,-0.2158,2.30843,0.217712,32.0291
T000778,alpha,BN,binder_void,-0.45372,-0.2158,2.30843,-0.60552,-0.28045,3.09433,0.803165,340.62
T000778,alpha,binder_void,BN,-0.60552,-0.28045,3.09433,-0.87177,-0.44463,4.416132,1.35855,233.917
T000778,alpha,BN,binder_void,-0.87177,-0.44463,4.416132,-0.93273,-0.4816,4.700906,0.293619,131.88
T000778,alpha,binder_void,BN,-0.93273,-0.4816,4.700906,-0.95975,-0.49982,4.8292161,0.132391,18.5012
T000778,alpha,BN,binder_void,-0.95975,-0.49982,4.8292161,-1.13748,-0.60713,5.655229,0.852619,323.611
T000778,alpha,binder_void,BN,-1.13748,-0.60713,5.655229,-1.19825,-0.66495,6.01045,0.365416,37.9171
T000778,alpha,BN,BN,-1.19825,-0.66495,6.01045,-1.30711,-0.78424,6.77442,0.799306,115.734
T000778,alpha,BN,BN,-1.30711,-0.78424,6.77442,-1.30711,-0.78424,6.77442,0,0
T000779,Li7,BN,binder_void,0,0,0,-0.61345,0.34543,-0.17512,0.725989,416.567
T000779,Li7,binder_void,BN,-0.61345,0.34543,-0.17512,-0.82063,0.4711,-0.2518,0.254228,33.6572
T000779,Li7,BN,binder_void,-0.82063,0.4711,-0.2518,-1.49587,0.87498,-0.49177,0.825711,312.771
T000779,Li7,binder_void,BN,-1.49587,0.87498,-0.49177,-2.26309,1.55635,-0.69015,1.08175,70.6079
T000779,Li7,BN,BN,-2.26309,1.55635,-0.69015,-2.28278,1.59246,-0.69615,0.0472755,5.34601
T000779,Li7,BN,BN,-2.28278,1.59246,-0.69615,-2.29801,1.5874,-0.67257,0.0389355,1.05158
T000779,Li7,BN,BN,-2.29801,1.5874,-0.67257,-2.29801,1.5874,-0.67257,0,0
T000780,alpha,BN,binder_void,0,0,0,0.00747,-0.00421,0.00213,0.00882964,2.46646
T000780,alpha,binder_void,BN,0.00747,-0.00421,0.00213,1.81463,-1.0223,0.51661,2.13731,315.273
T000780,alpha,BN,binder_void,1.81463,-1.0223,0.51661,2.46063,-1.38651,0.71257,0.767175,323.118
T000780,alpha,binder_void,ZnS,2.46063,-1.38651,0.71257,3.20723,-1.77872,0.94101,0.873795,162.487
T000780,alpha,ZnS,ZnS,3.20723,-1.77872,0.94101,5.98173,-3.25122,1.81771,3.33809,666.656
T000780,alpha,ZnS,ZnS,5.98173,-3.25122,1.81771,5.98173,-3.25122,1.81771,0,0
T000781,Li7,BN,binder_void,0,0,0,-0.1368,-0.60004,-0.2492,0.664409,385.84
T000781,Li7,binder_void,BN,-0.1368,-0.60004,-0.2492,-0.2252,-1.279,-0.5229,0.737918,106.052
T000781,Li7,BN,binder_void,-0.2252,-1.279,-0.5229,-0.3352,-2.0202,-0.7824,0.796547,290.892
T000781,Li7,binder_void,BN,-0.3352,-2.0202,-0.7824,-0.5187,-2.74786,-1.17681,0.890024,40.1879
T000781,Li7,BN,binder_void,-0.5187,-2.74786,-1.17681,-0.5187,-2.74786,-1.17681,0,0
T000781,Li7,binder_void,binder_void,-0.5187,-2.74786,-1.17681,-0.586,-2.95554,-1.28675,0.257131,9.40593
T000781,Li7,binder_void,BN,-0.586,-2.95554,-1.28675,-0.558,-3.03441,-1.28524,0.100255,3.49807
T000781,Li7,BN,BN,-0.558,-3.03441,-1.28524,-0.5441,-3.04799,-1.29436,0.0353573,2.93053
T000781,Li7,BN,binder_void,-0.5441,-3.04799,-1.29436,-0.5441,-3.048,-1.29451,0.000153772,0.0180933
T000781,Li7,binder_void,binder_void,-0.5441,-3.048,-1.29451,-0.5477,-3.03768,-1.3067,0.0398727,1.17452
T000781,Li7,binder_void,binder_void,-0.5477,-3.03768,-1.3067,-0.5477,-3.03768,-1.3067,0,0
T000782,alpha,BN,binder_void,0,0,0,0.0502,0.22027,0.0915,0.243756,90.3517
T000782,alpha,binder_void,ZnS,0.0502,0.22027,0.0915,0.0525,0.23006,0.0953,0.010747,2.28721
T000782,alpha,ZnS,ZnS,0.0525,0.23006,0.0953,1.0482,4.58248,1.7899,4.81202,1377.36
T000782,alpha,ZnS,ZnS,1.0482,4.58248,1.7899,1.0482,4.58248,1.7899,0,0
T000783,Li7,BN,binder_void,0,0,0,0.0822,0.36171,-0.2098,0.426359,263.189
T000783,Li7,binder_void,ZnS,0.0822,0.36171,-0.2098,0.1798,0.85346,-0.5049,0.581905,88.9316
T000783,Li7,ZnS,binder_void,0.1798,0.85346,-0.5049,0.2087,0.985,-0.5872,0.158198,94.6176
T000783,Li7,binder_void,BN,0.2087,0.985,-0.5872,0.4261,1.72015,-1.0451,0.893987,105.896
T000783,Li7,BN,binder_void,0.4261,1.72015,-1.0451,0.6117,2.33678,-1.44688,0.76376,272.927
T000783,Li7,binder_void,BN,0.6117,2.33678,-1.44688,0.6539,2.40678,-1.52097,0.118112,4.87728
T000783,Li7,BN,BN,0.6539,2.40678,-1.52097,0.6685,2.45068,-1.548,0.058338,3.00734
T000783,Li7,BN,BN,0.6685,2.45068,-1.548,0.6356,2.47138,-1.56638,0.0488665,4.00493
T000783,Li7,BN,BN,0.6356,2.47138,-1.56638,0.6128,2.47158,-1.55389,0.0576846,3.89228
T000783,Li7,BN,BN,0.6128,2.47158,-1.55389,0.6128,2.47158,-1.55389,0,0
T000784,alpha,BN,binder_void,0,0,0,-0.0732,-0.32229,0.187,0.379763,131.93
T000784,alpha,binder_void,BN,-0.0732,-0.32229,0.187,-0.1862,-0.84099,0.4865,0.609507,94.2447
T000784,alpha,BN,binder_void,-0.1862,-0.84099,0.4865,-0.2402,-1.08939,0.6311,0.292473,113.12
T000784,alpha,binder_void,BN,-0.2402,-1.08939,0.6311,-0.3218,-1.47453,0.8596,0.45519,68.9225
T000784,alpha,BN,binder_void,-0.3218,-1.47453,0.8596,-0.4107,-1.90112,1.1126,0.503993,212.286
T000784,alpha,binder_void,BN,-0.4107,-1.90112,1.1126,-0.4326,-2.01298,1.1806,0.132713,24.7019
T000784,alpha,BN,binder_void,-0.4326,-2.01298,1.1806,-0.5882,-2.79878,1.6619,0.934897,451.242
T000784,alpha,binder_void,BN,-0.5882,-2.79878,1.6619,-0.6169,-2.9469,1.7581,0.178932,30.6735
T000784,alpha,BN,binder_void,-0.6169,-2.9469,1.7581,-0.659,-3.15592,1.8926,0.252253,105.806
T000784,alpha,binder_void,BN,-0.659,-3.15592,1.8926,-0.7369,-3.61395,2.1854,0.54959,83.7653
T000784,alpha,BN,binder_void,-0.7369,-3.61395,2.1854,-0.8329,-4.0954,2.5166,0.596278,73.8834
T000784,alpha,binder_void,BN,-0.8329,-4.0954,2.5166,-0.9117,-4.35116,2.6495,0.29984,32.2348
T000784,alpha,BN,BN,-0.9117,-4.35116,2.6495,-1.0198,-4.74543,2.8637,0.498305,47.1903
T000784,alpha,BN,BN,-1.0198,-4.74543,2.8637,-1.0198,-4.74543,2.8637,0,0
T000785,Li7,BN,binder_void,0,0,0,-0.37295,-0.1933,-0.46092,0.623992,379.827
T000785,Li7,binder_void,BN,-0.37295,-0.1933,-0.46092,-0.41295,-0.2117,-0.50811,0.0645444,10.8117
T000785,Li7,BN,binder_void,-0.41295,-0.2117,-0.50811,-0.92537,-0.4467,-1.11169,0.828256,380.998
T000785,Li7,binder_void,ZnS,-0.92537,-0.4467,-1.11169,-0.94833,-0.4535,-1.1342,0.0328965,2.46283
T000785,Li7,ZnS,ZnS,-0.94833,-0.4535,-1.1342,-1.03177,-0.5293,-1.25648,0.173994,40.4121
T000785,Li7,ZnS,ZnS,-1.03177,-0.5293,-1.25648,-1.01177,-0.6213,-1.37229,0.178494,21.4843
T000785,Li7,ZnS,ZnS,-1.01177,-0.6213,-1.37229,-0.9346,-0.5184,-1.42738,0.191452,4.00427
T000785,Li7,ZnS,ZnS,-0.9346,-0.5184,-1.42738,-0.9346,-0.5184,-1.42738,0,0
T000786,alpha,BN,binder_void,0,0,0,0.21091,0.1093,0.26066,0.352697,129.795
T000786,alpha,binder_void,BN,0.21091,0.1093,0.26066,0.55861,0.2872,0.69228,0.582113,88.7597
T000786,alpha,BN,binder_void,0.55861,0.2872,0.69228,0.78096,0.402,0.97051,0.374229,158.33
T000786,alpha,binder_void,BN,0.78096,0.402,0.97051,1.17106,0.6023,1.454851,0.653388,111.999
T000786,alpha,BN,binder_void,1.17106,0.6023,1.454851,1.32414,0.6839,1.65147,0.262225,120.081
T000786,alpha,binder_void,BN,1.32414,0.6839,1.65147,1.3578,0.7017,1.694821,0.057697,12.6895
T000786,alpha,BN,binder_void,1.3578,0.7017,1.694821,1.70054,0.8827,2.135019,0.586652,277.168
T000786,alpha,binder_void,BN,1.70054,0.8827,2.135019,1.74797,0.9085,2.197701,0.0827559,14.5345
T000786,alpha,BN,binder_void,1.74797,0.9085,2.197701,2.01455,1.0562,2.550839,0.466625,205.162
T000786,alpha,binder_void,BN,2.01455,1.0562,2.550839,2.44823,1.2977,3.11022,0.748256,111.067
T000786,alpha,BN,binder_void,2.44823,1.2977,3.11022,2.80053,1.4886,3.58042,0.619561,179.541
T000786,alpha,binder_void,BN,2.80053,1.4886,3.58042,2.93474,1.5515,3.76611,0.238626,20.515
T000786,alpha,BN,binder_void,2.93474,1.5515,3.76611,3.05596,1.6007,3.90803,0.197922,18.3907
T000786,alpha,binder_void,binder_void,3.05596,1.6007,3.90803,3.41058,1.9532,4.39509,0.831044,21.9671
T000786,alpha,binder_void,binder_void,3.41058,1.9532,4.39509,3.41058,1.9532,4.39509,0,0
T000787,Li7,BN,binder_void,0,0,0,0.0711,-0.2772,0.25605,0.384106,244.236
T000787,Li7,binder_void,BN,0.0711,-0.2772,0.25605,0.07934,-0.3102,0.28565,0.045088,9.82198
T000787,Li7,BN,binder_void,0.07934,-0.3102,0.28565,0.25546,-1.0114,0.91591,0.961198,470.401
T000787,Li7,binder_void,BN,0.25546,-1.0114,0.91591,0.27272,-1.0921,1.00693,0.123013,11.0908
T000787,Li7,BN,binder_void,0.27272,-1.0921,1.00693,0.33878,-1.4339,1.378305,0.523414,87.1551
T000787,Li7,binder_void,binder_void,0.33878,-1.4339,1.378305,0.21666,-1.4605,1.594588,0.262699,8.75581
T000787,Li7,binder_void,binder_void,0.21666,-1.4605,1.594588,0.13195,-1.345,1.66057,0.220256,7.58535
T000787,Li7,binder_void,binder_void,0.13195,-1.345,1.66057,0.1304,-1.3361,1.661721,0.204514,0.954706
T000787,Li7,binder_void,binder_void,0.1304,-1.3361,1.661721,0.1304,-1.3361,1.661721,0,0
T000788,alpha,BN,binder_void,0,0,0,-0.10608,0.4135,-0.38196,0.57284,214.993
T000788,alpha,binder_void,BN,-0.10608,0.4135,-0.38196,-0.2108,0.8556,-0.78588,0.608018,90.101
T000788,alpha,BN,binder_void,-0.2108,0.8556,-0.78588,-0.33682,1.4098,-1.28557,0.756844,318.596
T000788,alpha,binder_void,BN,-0.33682,1.4098,-1.28557,-0.34394,1.4421,-1.31476,0.0441115,6.23039
T000788,alpha,BN,binder_void,-0.34394,1.4421,-1.31476,-0.41492,1.7673,-1.61023,0.445174,189.901
T000788,alpha,binder_void,BN,-0.41492,1.7673,-1.61023,-0.43384,1.8491,-1.68466,0.112168,22.2092
T000788,alpha,BN,binder_void,-0.43384,1.8491,-1.68466,-0.5714,2.4594,-2.24324,0.839244,330.705
T000788,alpha,binder_void,ZnS,-0.5714,2.4594,-2.24324,-0.65988,2.8305,-2.59633,0.520067,80.5857
T000788,alpha,ZnS,binder_void,-0.65988,2.8305,-2.59633,-0.86108,3.7113,-3.43526,1.29347,201.673
T000788,alpha,binder_void,ZnS,-0.86108,3.7113,-3.43526,-0.86108,3.7113,-3.43526,0,0
T000788,alpha,ZnS,ZnS,-0.86108,3.7113,-3.43526,-0.89921,3.749,-3.5191,0.135994,2.48041
T000788,alpha,ZnS,binder_void,-0.89921,3.749,-3.5191,-0.88539,3.7628,-3.52995,0.0246498,10.2894
T000788,alpha,binder_void,binder_void,-0.88539,3.7628,-3.52995,-0.87019,3.7915,-3.56175,0.0515842,0.675934
T000788,alpha,binder_void,binder_void,-0.87019,3.7915,-3.56175,-0.8681,3.7888,-3.60792,0.0563046,0.823253
T000788,alpha,binder_void,binder_void,-0.8681,3.7888,-3.60792,-0.86182,3.7802,-3.59492,0.0476518,0.737292
T000788,alpha,binder_void,binder_void,-0.86182,3.7802,-3.59492,-0.86182,3.7802,-3.59492,0,0
T000789,Li7,BN,binder_void,0,0,0,-0.62579,-0.2777,0.152182,0.70181,440.662
T000789,Li7,binder_void,BN,-0.62579,-0.2777,0.152182,-1.1071,-0.4701,0.267421,0.531328,68.1057
T000789,Li7,BN,binder_void,-1.1071,-0.4701,0.267421,-1.80145,-0.7473,0.438622,0.770642,316.708
T000789,Li7,binder_void,binder_void,-1.80145,-0.7473,0.438622,-1.96153,-0.6971,0.462159,0.177319,7.73166
T000789,Li7,binder_void,binder_void,-1.96153,-0.6971,0.462159,-2.073,-0.6717,0.488184,0.171015,5.04522
T000789,Li7,binder_void,binder_void,-2.073,-0.6717,0.488184,-2.076,-0.6666,0.465691,0.210852,1.74787
T000789,Li7,binder_void,binder_void,-2.076,-0.6666,0.465691,-2.076,-0.6666,0.465691,0,0
T000790,alpha,BN,binder_void,0,0,0,0.02156,0.0095,-0.005245,0.0241689,8.72465
T000790,alpha,binder_void,BN,0.02156,0.0095,-0.005245,0.04365,0.0193,-0.010609,0.0247433,2.76448
T000790,alpha,BN,binder_void,0.04365,0.0193,-0.010609,0.73124,0.3237,-0.177265,0.770265,309.918
T000790,alpha,binder_void,BN,0.73124,0.3237,-0.177265,0.87485,0.3886,-0.211295,0.16126,25.0109
T000790,alpha,BN,binder_void,0.87485,0.3886,-0.211295,1.1113,0.4966,-0.267305,0.265929,117.544
T000790,alpha,binder_void,ZnS,1.1113,0.4966,-0.267305,1.76082,0.8017,-0.430185,0.735884,124.041
T000790,alpha,ZnS,ZnS,1.76082,0.8017,-0.430185,5.1504,2.4386,-1.289065,3.92558,881.998
T000790,alpha,ZnS,ZnS,5.1504,2.4386,-1.289065,5.1504,2.4386,-1.289065,0,0
T000791,Li7,BN,binder_void,0,0,0,0.01907,0.0184,0.038947,0.0471187,30.1241
T000791,Li7,binder_void,BN,0.01907,0.0184,0.038947,0.02825,0.0272,0.05738,0.0223953,2.72989
T000791,Li7,BN,binder_void,0.02825,0.0272,0.05738,0.23746,0.2269,0.476825,0.509758,300.683
T000791,Li7,binder_void,BN,0.23746,0.2269,0.476825,0.33217,0.316,0.664487,0.228328,33.3885
T000791,Li7,BN,binder_void,0.33217,0.316,0.664487,0.61668,0.5864,1.23603,0.694786,292.126
T000791,Li7,binder_void,ZnS,0.61668,0.5864,1.23603,0.68945,0.6572,1.401936,0.194693,19.7467
T000791,Li7,ZnS,ZnS,0.68945,0.6572,1.401936,1.22105,1.0915,1.954265,0.933464,161.202
T000791,Li7,ZnS,ZnS,1.22105,1.0915,1.954265,1.22105,1.0915,1.954265,0,0
T000792,alpha,BN,binder_void,0,0,0,-0.14561,-0.1407,-0.297365,0.359768,124.523
T000792,alpha,binder_void,ZnS,-0.14561,-0.1407,-0.297365,-0.20616,-0.1983,-0.421285,0.149476,16.0641
T000792,alpha,ZnS,ZnS,-0.20616,-0.1983,-0.421285,-1.60506,-1.5196,-3.294855,3.47491,1329.41
T000792,alpha,ZnS,ZnS,-1.60506,-1.5196,-3.294855,-1.60506,-1.5196,-3.294855,0,0
T000793,Li7,BN,binder_void,0,0,0,-0.004,0.03972,0.040927,0.0571747,36.6122
T000793,Li7,binder_void,BN,-0.004,0.03972,0.040927,-0.05468,0.51225,0.528455,0.680992,114.774
T000793,Li7,BN,binder_void,-0.05468,0.51225,0.528455,-0.07921,0.71342,0.729926,0.285873,170.171
T000793,Li7,binder_void,BN,-0.07921,0.71342,0.729926,-0.11321,1.02044,1.038146,0.436499,65.578
T000793,Li7,BN,binder_void,-0.11321,1.02044,1.038146,-0.14201,1.28714,1.319606,0.389255,181.405
T000793,Li7,binder_void,BN,-0.14201,1.28714,1.319606,-0.16931,1.44809,1.431046,0.19775,22.0286
T000793,Li7,BN,binder_void,-0.16931,1.44809,1.431046,-0.23254,1.83127,1.694626,0.471415,162.609
T000793,Li7,binder_void,ZnS,-0.23254,1.83127,1.694626,-0.30862,2.76424,2.573516,1.33082,85.645
T000793,Li7,ZnS,ZnS,-0.30862,2.76424,2.573516,-0.30717,2.76605,2.574146,0.0279806,1.21334
T000793,Li7,ZnS,ZnS,-0.30717,2.76605,2.574146,-0.30717,2.76605,2.574146,0,0
T000794,alpha,BN,binder_void,0,0,0,0.02246,-0.22327,-0.230047,0.321375,112.1
T000794,alpha,binder_void,ZnS,0.02246,-0.22327,-0.230047,0.17476,-1.61407,-1.660244,2.00097,315.734
T000794,alpha,ZnS,binder_void,0.17476,-1.61407,-1.660244,0.32713,-3.15044,-3.251824,2.22701,688.698
T000794,alpha,binder_void,BN,0.32713,-3.15044,-3.251824,0.37736,-3.271416,-3.374844,0.179721,28.2226
T000794,alpha,BN,binder_void,0.37736,-3.271416,-3.374844,0.62386,-3.886208,-3.975944,0.89671,184.197
T000794,alpha,binder_void,BN,0.62386,-3.886208,-3.975944,0.65745,-3.948586,-4.041774,0.0967381,12.2784
T000794,alpha,BN,BN,0.65745,-3.948586,-4.041774,0.93564,-4.47797,-4.615804,0.8459,128.77
T000794,alpha,BN,BN,0.93564,-4.47797,-4.615804,0.93564,-4.47797,-4.615804,0,0
T000795,Li7,BN,binder_void,0,0,0,0.01965,-0.0008,0.013873,0.0240655,15.9064
T000795,Li7,binder_void,BN,0.01965,-0.0008,0.013873,0.90023,-0.03587,0.635946,1.0791,176.597
T000795,Li7,BN,binder_void,0.90023,-0.03587,0.635946,1.63115,-0.05241,1.135746,0.886966,428.312
T000795,Li7,binder_void,BN,1.63115,-0.05241,1.135746,1.85106,-0.03521,1.260846,0.253823,27.7274
T000795,Li7,BN,binder_void,1.85106,-0.03521,1.260846,2.14489,-0.01243,1.428356,0.340678,97.3886
T000795,Li7,binder_void,BN,2.14489,-0.01243,1.428356,2.68301,-0.03085,1.784476,0.653722,48.8022
T000795,Li7,BN,BN,2.68301,-0.03085,1.784476,3.08681,0.0609,1.887036,0.494862,45.2663
T000795,Li7,BN,BN,3.08681,0.0609,1.887036,3.08681,0.0609,1.887036,0,0
T000796,alpha,BN,binder_void,0,0,0,-0.62334,0.02514,-0.4401148,0.763548,305.614
T000796,alpha,binder_void,BN,-0.62334,0.02514,-0.4401148,-0.66826,0.02708,-0.471695,0.05495,8.94949
T000796,alpha,BN,binder_void,-0.66826,0.02708,-0.471695,-1.4361,0.05952,-1.010214,0.938617,412.167
T000796,alpha,binder_void,ZnS,-1.4361,0.05952,-1.010214,-2.01045,0.07481,-1.421219,0.706507,112.748
T000796,alpha,ZnS,ZnS,-2.01045,0.07481,-1.421219,-4.589313,0.14118,-3.244534,3.23908,630.521
T000796,alpha,ZnS,ZnS,-4.589313,0.14118,-3.244534,-4.589313,0.14118,-3.244534,0,0
T000797,Li7,BN,binder_void,0,0,0,-0.07508,-0.49702,-0.67757,0.844391,489.043
T000797,Li7,binder_void,BN,-0.07508,-0.49702,-0.67757,-0.07875,-0.77783,-1.07379,0.486009,61.7311
T000797,Li7,BN,binder_void,-0.07875,-0.77783,-1.07379,-0.07089,-1.31147,-1.81486,0.920787,288.732
T000797,Li7,binder_void,binder_void,-0.07089,-1.31147,-1.81486,-0.06849,-1.31531,-1.81503,0.0291656,0.494131
T000797,Li7,binder_void,binder_void,-0.06849,-1.31531,-1.81503,-0.06849,-1.31531,-1.81503,0,0
T000798,alpha,BN,binder_void,0,0,0,0.011,0.0728,0.09924,0.123568,47.4178
T000798,alpha,binder_void,BN,0.011,0.0728,0.09924,0.01905,0.1244,0.16945,0.0875301,12.8927
T000798,alpha,BN,binder_void,0.01905,0.1244,0.16945,0.08433,0.5488,0.74262,0.71621,281.688
T000798,alpha,binder_void,ZnS,0.08433,0.5488,0.74262,0.13057,0.8205,1.11669,0.464689,74.4309
T000798,alpha,ZnS,ZnS,0.13057,0.8205,1.11669,0.4993,3.0715,4.21136,3.88194,1053.57
T000798,alpha,ZnS,ZnS,0.4993,3.0715,4.21136,0.4993,3.0715,4.21136,0,0
T000799,Li7,BN,binder_void,0,0,0,0.06351,0.0282,0.14384,0.159765,97.9559
T000799,Li7,binder_void,BN,0.06351,0.0282,0.14384,0.1177,0.0534,0.26961,0.139267,24.7762
T000799,Li7,BN,binder_void,0.1177,0.0534,0.26961,0.25815,0.1165,0.59449,0.359658,224.091
T000799,Li7,binder_void,BN,0.25815,0.1165,0.59449,0.33008,0.1491,0.76376,0.186821,31.2785
T000799,Li7,BN,binder_void,0.33008,0.1491,0.76376,0.60051,0.2678,1.41463,0.716341,305.277
T000799,Li7,binder_void,ZnS,0.60051,0.2678,1.41463,0.64516,0.2774,1.52069,0.115567,12.0145
T000799,Li7,ZnS,ZnS,0.64516,0.2774,1.52069,0.70814,0.5128,2.25476,0.826723,144.607
T000799,Li7,ZnS,ZnS,0.70814,0.5128,2.25476,0.70814,0.5128,2.25476,0,0
T000800,alpha,BN,binder_void,0,0,0,-0.25945,-0.1152,-0.58763,0.652656,247.386
T000800,alpha,binder_void,BN,-0.25945,-0.1152,-0.58763,-1.17201,-0.52199,-2.740131,2.37348,409.651
T000800,alpha,BN,binder_void,-1.17201,-0.52199,-2.740131,-1.38409,-0.62746,-3.234866,0.54864,239.515
T000800,alpha,binder_void,BN,-1.38409,-0.62746,-3.234866,-1.42764,-0.64935,-3.335644,0.111946,17.265
T000800,alpha,BN,binder_void,-1.42764,-0.64935,-3.335644,-1.73861,-0.80603,-4.052729,0.797742,337.712
T000800,alpha,binder_void,BN,-1.73861,-0.80603,-4.052729,-2.01474,-0.91071,-4.593106,0.616443,83.3643
T000800,alpha,BN,BN,-2.01474,-0.91071,-4.593106,-2.34445,-1.03802,-5.36777,0.867791,135.106
T000800,alpha,BN,BN,-2.34445,-1.03802,-5.36777,-2.34445,-1.03802,-5.36777,0,0
T000801,Li7,BN,binder_void,0,0,0,0.422254,0.03402,0.518386,0.669894,406.515
T000801,Li7,binder_void,BN,0.422254,0.03402,0.518386,1.265142,0.03413,1.578216,1.35623,162.643
T000801,Li7,BN,BN,1.265142,0.03413,1.578216,1.831544,0.04631,2.359886,0.975571,270.842
T000801,Li7,BN,BN,1.831544,0.04631,2.359886,1.831544,0.04631,2.359886,0,0
T000802,alpha,BN,binder_void,0,0,0,-0.19609,-0.0158,-0.240724,0.310894,114.776
T000802,alpha,binder_void,BN,-0.19609,-0.0158,-0.240724,-0.2167,-0.01738,-0.266139,0.0327611,4.13308
T000802,alpha,BN,binder_void,-0.2167,-0.01738,-0.266139,-0.72616,-0.05658,-0.893465,0.809194,295.931
T000802,alpha,binder_void,BN,-0.72616,-0.05658,-0.893465,-0.96603,-0.07048,-1.185061,0.377851,55.3589
T000802,alpha,BN,binder_void,-0.96603,-0.07048,-1.185061,-1.59999,-0.11,-1.953454,0.997239,416.299
T000802,alpha,binder_void,ZnS,-1.59999,-0.11,-1.953454,-1.65754,-0.11538,-2.024024,0.0912232,17.6228
T000802,alpha,ZnS,ZnS,-1.65754,-0.11538,-2.024024,-3.53409,-0.30246,-4.323334,3.06044,565.879
T000802,alpha,ZnS,ZnS,-3.53409,-0.30246,-4.323334,-3.53409,-0.30246,-4.323334,0,0
T000803,Li7,BN,binder_void,0,0,0,0.02461,-0.28599,-0.158534,0.328015,207.074
T000803,Li7,binder_void,ZnS,0.02461,-0.28599,-0.158534,0.08117,-1.08966,-0.6065261,0.922281,147.628
T000803,Li7,ZnS,ZnS,0.08117,-1.08966,-0.6065261,0.07258,-2.497693,-1.106845,1.51627,473.053
T000803,Li7,ZnS,ZnS,0.07258,-2.497693,-1.106845,0.05016,-2.491467,-1.066094,0.401671,12.2454
T000803,Li7,ZnS,ZnS,0.05016,-2.491467,-1.066094,0.05016,-2.491467,-1.066094,0,0
T000804,alpha,BN,binder_void,0,0,0,-0.04764,0.55353,0.306836,0.63473,240.736
T000804,alpha,binder_void,BN,-0.04764,0.55353,0.306836,-0.20643,2.27066,1.261106,1.97114,315.985
T000804,alpha,BN,binder_void,-0.20643,2.27066,1.261106,-0.22954,2.50355,1.392466,0.268411,118.504
T000804,alpha,binder_void,BN,-0.22954,2.50355,1.392466,-0.23723,2.58314,1.437716,0.0918721,12.0033
T000804,alpha,BN,binder_void,-0.23723,2.58314,1.437716,-0.28002,3.06348,1.712436,0.55514,235.09
T000804,alpha,binder_void,ZnS,-0.28002,3.06348,1.712436,-0.30837,3.3499,1.875816,0.330989,62.1855
T000804,alpha,ZnS,binder_void,-0.30837,3.3499,1.875816,-0.52385,5.60783,3.175636,2.69321,454.698
T000804,alpha,binder_void,ZnS,-0.52385,5.60783,3.175636,-0.52385,5.60783,3.175636,0,0
T000804,alpha,ZnS,ZnS,-0.52385,5.60783,3.175636,-0.44042,5.7005,3.068586,0.179351,20.8209
T000804,alpha,ZnS,ZnS,-0.44042,5.7005,3.068586,-0.46047,5.66283,2.983546,0.194844,3.48723
T000804,alpha,ZnS,ZnS,-0.46047,5.66283,2.983546,-0.47413,5.67102,2.948166,0.100617,6.49029
T000804,alpha,ZnS,ZnS,-0.47413,5.67102,2.948166,-0.47413,5.67102,2.948166,0,0
T000805,Li7,BN,binder_void,0,0,0,-0.16234,0.1641,-0.05484,0.237267,155.686
T000805,Li7,binder_void,BN,-0.16234,0.1641,-0.05484,-0.51424,0.5213,-0.1743,0.515615,78.7379
T000805,Li7,BN,binder_void,-0.51424,0.5213,-0.1743,-1.13377,1.1555,-0.38212,0.912241,406.44
T000805,Li7,binder_void,BN,-1.13377,1.1555,-0.38212,-1.56938,1.5372,-0.57056,0.610739,58.9238
T000805,Li7,BN,binder_void,-1.56938,1.5372,-0.57056,-1.90859,1.8651,-0.78386,0.525877,95.8018
T000805,Li7,binder_void,BN,-1.90859,1.8651,-0.78386,-2.13845,2.0797,-0.9437,0.3627,17.4913
T000805,Li7,BN,binder_void,-2.13845,2.0797,-0.9437,-2.25456,2.0867,-0.9545,0.125384,22.4724
T000805,Li7,binder_void,binder_void,-2.25456,2.0867,-0.9545,-2.31553,2.0996,-0.95427,0.084655,2.8885
T000805,Li7,binder_void,binder_void,-2.31553,2.0996,-0.95427,-2.30981,2.1181,-0.96006,0.0938329,1.55879
T000805,Li7,binder_void,binder_void,-2.30981,2.1181,-0.96006,-2.30981,2.1181,-0.96006,0,0
T000806,alpha,BN,binder_void,0,0,0,0.1406,-0.142,0.04749,0.205445,74.6406
T000806,alpha,binder_void,ZnS,0.1406,-0.142,0.04749,0.45629,-0.462,0.15483,0.46216,65.4895
T000806,alpha,ZnS,ZnS,0.45629,-0.462,0.15483,3.56813,-3.64937,1.22828,4.61719,1329.87
T000806,alpha,ZnS,ZnS,3.56813,-3.64937,1.22828,3.56813,-3.64937,1.22828,0,0
T000807,Li7,BN,binder_void,0,0,0,0.36591,0.0336,0.15237,0.397931,251.135
T000807,Li7,binder_void,BN,0.36591,0.0336,0.15237,0.72595,0.0617,0.30303,0.391386,62.1902
T000807,Li7,BN,binder_void,0.72595,0.0617,0.30303,1.01143,0.1032,0.40206,0.305179,162.039
T000807,Li7,binder_void,BN,1.01143,0.1032,0.40206,1.27373,0.1426,0.49418,0.28095,36.2679
T000807,Li7,BN,BN,1.27373,0.1426,0.49418,2.15533,0.2745,0.79438,0.946805,328.368
T000807,Li7,BN,BN,2.15533,0.2745,0.79438,2.15533,0.2745,0.79438,0,0
T000808,alpha,BN,binder_void,0,0,0,-0.11269,-0.0103,-0.04693,0.122514,47.3728
T000808,alpha,binder_void,BN,-0.11269,-0.0103,-0.04693,-0.18747,-0.0177,-0.07845,0.0814836,13.1638
T000808,alpha,BN,binder_void,-0.18747,-0.0177,-0.07845,-1.02962,-0.0994,-0.43621,0.918764,371.662
T000808,alpha,binder_void,BN,-1.02962,-0.0994,-0.43621,-1.16126,-0.1112,-0.48963,0.142554,24.2929
T000808,alpha,BN,binder_void,-1.16126,-0.1112,-0.48963,-1.51617,-0.1421,-0.63617,0.385259,174.286
T000808,alpha,binder_void,BN,-1.51617,-0.1421,-0.63617,-1.63653,-0.1526,-0.68754,0.131287,26.366
T000808,alpha,BN,binder_void,-1.63653,-0.1526,-0.68754,-2.18124,-0.1995,-0.91773,0.593357,266.792
T000808,alpha,binder_void,BN,-2.18124,-0.1995,-0.91773,-2.94557,-0.2736,-1.23522,0.831164,150.505
T000808,alpha,BN,binder_void,-2.94557,-0.2736,-1.23522,-3.35424,-0.3068,-1.41621,0.448514,164.443
T000808,alpha,binder_void,BN,-3.35424,-0.3068,-1.41621,-3.38677,-0.3121,-1.43761,0.0392977,4.20204
T000808,alpha,BN,binder_void,-3.38677,-0.3121,-1.43761,-3.76334,-0.3766,-1.6838,0.455512,133.321
T000808,alpha,binder_void,ZnS,-3.76334,-0.3766,-1.6838,-3.81798,-0.3843,-1.71796,0.0649374,6.52961
T000808,alpha,ZnS,ZnS,-3.81798,-0.3843,-1.71796,-4.32741,-0.2521,-2.04913,0.654515,87.0629
T000808,alpha,ZnS,ZnS,-4.32741,-0.2521,-2.04913,-4.32741,-0.2521,-2.04913,0,0
T000809,Li7,BN,binder_void,0,0,0,-0.06228,-0.01461,0.005672,0.0642218,46.35
T000809,Li7,binder_void,ZnS,-0.06228,-0.01461,0.005672,-0.20073,-0.04725,0.018492,0.142831,25.9894
T000809,Li7,ZnS,ZnS,-0.20073,-0.04725,0.018492,-1.71816,-0.52365,0.011538,1.60083,684.75
T000809,Li7,ZnS,ZnS,-1.71816,-0.52365,0.011538,-2.30756,-0.56455,0.012256,1.04379,75.3664
T000809,Li7,ZnS,ZnS,-2.30756,-0.56455,0.012256,-2.33081,-0.56616,0.012284,0.315281,7.54444
T000809,Li7,ZnS,ZnS,-2.33081,-0.56616,0.012284,-2.33081,-0.56616,0.012284,0,0
T000810,alpha,BN,binder_void,0,0,0,0.70846,0.16626,-0.064527,0.730639,261.307
T000810,alpha,binder_void,ZnS,0.70846,0.16626,-0.064527,0.74621,0.17472,-0.068833,0.0389198,6.2486
T000810,alpha,ZnS,binder_void,0.74621,0.17472,-0.068833,4.803,1.08001,-0.53409,4.21707,1177.07
T000810,alpha,binder_void,BN,4.803,1.08001,-0.53409,4.85676,1.08913,-0.554167,0.0584543,5.46811
T000810,alpha,BN,BN,4.85676,1.08913,-0.554167,5.06206,1.20024,-0.595601,0.252147,4.71488
T000810,alpha,BN,BN,5.06206,1.20024,-0.595601,5.24526,1.28645,-0.58621,0.275123,15.1939
T000810,alpha,BN,BN,5.24526,1.28645,-0.58621,5.24526,1.28645,-0.58621,0,0
T000811,Li7,BN,binder_void,0,0,0,0.75491,-0.07848,0.417475,0.86699,500.434
T000811,Li7,binder_void,BN,0.75491,-0.07848,0.417475,1.0961,-0.11966,0.619687,0.398996,49.0648
T000811,Li7,BN,binder_void,1.0961,-0.11966,0.619687,1.56805,-0.17911,0.898381,0.553494,210.69
T000811,Li7,binder_void,BN,1.56805,-0.17911,0.898381,1.67028,-0.19664,0.923815,0.107065,7.64965
T000811,Li7,BN,BN,1.67028,-0.19664,0.923815,2.2494,-0.34587,1.07171,0.684474,72.161
T000811,Li7,BN,BN,2.2494,-0.34587,1.07171,2.2494,-0.34587,1.07171,0,0
T000812,alpha,BN,binder_void,0,0,0,-0.0472,0.00491,-0.026103,0.0541619,24.3366
T000812,alpha,binder_void,ZnS,-0.0472,0.00491,-0.026103,-0.2175,0.02271,-0.120446,0.195501,27.9859
T000812,alpha,ZnS,binder_void,-0.2175,0.02271,-0.120446,-2.18444,0.21801,-1.213762,2.26429,760.308
T000812,alpha,binder_void,ZnS,-2.18444,0.21801,-1.213762,-3.89006,0.36927,-2.076172,1.91807,346.155
T000812,alpha,ZnS,ZnS,-3.89006,0.36927,-2.076172,-5.869726,0.56044,-2.918202,2.30142,311.214
T000812,alpha,ZnS,ZnS,-5.869726,0.56044,-2.918202,-5.869726,0.56044,-2.918202,0,0
T000813,Li7,BN,binder_void,0,0,0,0.02977,0.09316,-0.2295,0.249565,158.459
T000813,Li7,binder_void,BN,0.02977,0.09316,-0.2295,0.0785,0.24495,-0.6074,0.410231,66.6617
T000813,Li7,BN,binder_void,0.0785,0.24495,-0.6074,0.15711,0.50207,-1.2162,0.666258,351.174
T000813,Li7,binder_void,BN,0.15711,0.50207,-1.2162,0.18885,0.75523,-1.7757,0.615996,73.7791
T000813,Li7,BN,BN,0.18885,0.75523,-1.7757,0.19763,1.19561,-2.6064,0.961676,189.927
T000813,Li7,BN,BN,0.19763,1.19561,-2.6064,0.19763,1.19561,-2.6064,0,0
T000814,alpha,BN,binder_void,0,0,0,-0.03045,-0.0953,0.2348,0.255229,90.1937
T000814,alpha,binder_void,BN,-0.03045,-0.0953,0.2348,-0.05353,-0.1668,0.4203,0.200101,33.6821
T000814,alpha,BN,binder_void,-0.05353,-0.1668,0.4203,-0.07013,-0.21824,0.5547,0.144898,53.5677
T000814,alpha,binder_void,BN,-0.07013,-0.21824,0.5547,-0.14776,-0.46297,1.1909,0.686014,101.143
T000814,alpha,BN,binder_void,-0.14776,-0.46297,1.1909,-0.24855,-0.78938,2.04,0.915417,373.953
T000814,alpha,binder_void,outside,-0.24855,-0.78938,2.04,-0.28741,-0.93059,2.3815,0.371641,62.336
T000815,Li7,BN,binder_void,0,0,0,-0.09778,0.45787,0.3794,0.602942,371.236
T000815,Li7,binder_void,BN,-0.09778,0.45787,0.3794,-0.13746,0.61471,0.5225,0.216007,37.5166
T000815,Li7,BN,binder_void,-0.13746,0.61471,0.5225,-0.24663,1.20177,1.0167,0.777361,328.844
T000815,Li7,binder_void,BN,-0.24663,1.20177,1.0167,-0.24256,1.28301,1.0909,0.11023,7.94724
T000815,Li7,BN,binder_void,-0.24256,1.28301,1.0909,-0.23885,1.61984,1.4062,0.475465,87.4923
T000815,Li7,binder_void,binder_void,-0.23885,1.61984,1.4062,-0.22447,1.65085,1.4834,0.0915974,5.64908
T000815,Li7,binder_void,binder_void,-0.22447,1.65085,1.4834,-0.26248,1.60267,1.5047,0.097787,1.32618
T000815,Li7,binder_void,binder_void,-0.26248,1.60267,1.5047,-0.26248,1.60267,1.5047,0,0
T000816,alpha,BN,binder_void,0,0,0,0.01715,-0.0803,-0.0665,0.105678,43.2068
T000816,alpha,binder_void,BN,0.01715,-0.0803,-0.0665,0.06894,-0.32312,-0.2682,0.319894,37.8472
T000816,alpha,BN,binder_void,0.06894,-0.32312,-0.2682,0.17654,-0.84786,-0.7078,0.693001,256.13
T000816,alpha,binder_void,ZnS,0.17654,-0.84786,-0.7078,0.19634,-0.93592,-0.782,0.116904,18.6789
T000816,alpha,ZnS,ZnS,0.19634,-0.93592,-0.782,0.99171,-4.3195,-3.66049,4.57063,1114.14
T000816,alpha,ZnS,ZnS,0.99171,-4.3195,-3.66049,0.99171,-4.3195,-3.66049,0,0
T000817,Li7,BN,binder_void,0,0,0,-0.1893,0.31746,-0.01105,0.369924,238.729
T000817,Li7,binder_void,BN,-0.1893,0.31746,-0.01105,-0.7903,1.28568,-0.05931,1.14139,170.164
T000817,Li7,BN,binder_void,-0.7903,1.28568,-0.05931,-0.8618,1.39513,-0.06326,0.130823,60.3181
T000817,Li7,binder_void,BN,-0.8618,1.39513,-0.06326,-1.0414,1.68845,-0.06444,0.344122,49.5336
T000817,Li7,BN,binder_void,-1.0414,1.68845,-0.06444,-1.5632,2.53356,-0.07958,1.00096,308.26
T000817,Li7,binder_void,binder_void,-1.5632,2.53356,-0.07958,-1.6728,2.60222,-0.03118,0.144454,5.65616
T000817,Li7,binder_void,binder_void,-1.6728,2.60222,-0.03118,-1.7758,2.65559,-0.03535,0.128407,4.51252
T000817,Li7,binder_void,binder_void,-1.7758,2.65559,-0.03535,-1.8883,2.67932,-0.10715,0.18061,2.86379
T000817,Li7,binder_void,binder_void,-1.8883,2.67932,-0.10715,-1.8883,2.67932,-0.10715,0,0
T000818,alpha,BN,binder_void,0,0,0,0.2357,-0.39514,0.01375,0.460328,166.751
T000818,alpha,binder_void,BN,0.2357,-0.39514,0.01375,1.0615,-1.77707,0.08014,1.61137,237.8
T000818,alpha,BN,binder_void,1.0615,-1.77707,0.08014,1.4747,-2.47448,0.11993,0.8118,365.041
T000818,alpha,binder_void,BN,1.4747,-2.47448,0.11993,1.4963,-2.51121,0.12298,0.0426871,7.66872
T000818,alpha,BN,binder_void,1.4963,-2.51121,0.12298,1.752,-2.94914,0.15835,0.508499,258.074
T000818,alpha,binder_void,BN,1.752,-2.94914,0.15835,2.7664,-4.64664,0.30674,1.98517,315.147
T000818,alpha,BN,BN,2.7664,-4.64664,0.30674,3.1495,-5.34304,0.32868,0.813064,119.519
T000818,alpha,BN,BN,3.1495,-5.34304,0.32868,3.1495,-5.34304,0.32868,0,0
T000819,Li7,BN,binder_void,0,0,0,-0.4096,0.20436,0.23997,0.517117,320.903
T000819,Li7,binder_void,BN,-0.4096,0.20436,0.23997,-0.8179,0.40345,0.4688,0.508834,79.8997
T000819,Li7,BN,binder_void,-0.8179,0.40345,0.4688,-0.8678,0.42788,0.49703,0.0623374,34.0469
T000819,Li7,binder_void,BN,-0.8678,0.42788,0.49703,-1.6612,0.82739,0.96575,1.00558,127.362
T000819,Li7,BN,binder_void,-1.6612,0.82739,0.96575,-2.0712,1.02126,1.1789,0.503037,181.815
T000819,Li7,binder_void,ZnS,-2.0712,1.02126,1.1789,-2.3254,1.13978,1.28738,0.302304,20.3161
T000819,Li7,ZnS,ZnS,-2.3254,1.13978,1.28738,-2.5122,1.1718,1.36299,0.213129,54.2618
T000819,Li7,ZnS,ZnS,-2.5122,1.1718,1.36299,-2.4888,1.35462,1.35451,0.235383,22.7202
T000819,Li7,ZnS,ZnS,-2.4888,1.35462,1.35451,-2.4888,1.35462,1.35451,0,0
T000820,alpha,BN,binder_void,0,0,0,0.261,-0.13021,-0.1529,0.329342,129.251
T000820,alpha,binder_void,BN,0.261,-0.13021,-0.1529,0.4621,-0.22844,-0.27007,0.252621,38.7416
T000820,alpha,BN,binder_void,0.4621,-0.22844,-0.27007,0.9653,-0.47407,-0.56419,0.632535,257.495
T000820,alpha,binder_void,BN,0.9653,-0.47407,-0.56419,1.6399,-0.80156,-0.96084,0.848401,141.683
T000820,alpha,BN,binder_void,1.6399,-0.80156,-0.96084,2.0645,-1.00042,-1.20063,0.526754,231.893
T000820,alpha,binder_void,BN,2.0645,-1.00042,-1.20063,2.4071,-1.15686,-1.39941,0.425907,78.2128
T000820,alpha,BN,binder_void,2.4071,-1.15686,-1.39941,2.7866,-1.32399,-1.63336,0.476233,195.991
T000820,alpha,binder_void,BN,2.7866,-1.32399,-1.63336,2.9948,-1.42451,-1.77045,0.26881,50.5562
T000820,alpha,BN,binder_void,2.9948,-1.42451,-1.77045,3.7016,-1.7651,-2.251057,0.922223,186.241
T000820,alpha,binder_void,BN,3.7016,-1.7651,-2.251057,4.0243,-1.97041,-2.480689,0.446692,39.2664
T000820,alpha,BN,binder_void,4.0243,-1.97041,-2.480689,4.3085,-2.14777,-2.677142,0.390906,92.6849
T000820,alpha,binder_void,BN,4.3085,-2.14777,-2.677142,4.7501,-2.49205,-2.9243642,0.653062,14.6284
T000820,alpha,BN,BN,4.7501,-2.49205,-2.9243642,4.8343,-2.58926,-2.9449928,0.138263,1.73149
T000820,alpha,BN,BN,4.8343,-2.58926,-2.9449928,4.8499,-2.69493,-3.0064267,0.132467,12.4332
T000820,alpha,BN,BN,4.8499,-2.69493,-3.0064267,4.8499,-2.69493,-3.0064267,0,0
T000821,Li7,BN,binder_void,0,0,0,0.065367,-0.3358,0.10618,0.358316,229.303
T000821,Li7,binder_void,BN,0.065367,-0.3358,0.10618,0.089978,-0.4516,0.14363,0.124165,17.3321
T000821,Li7,BN,binder_void,0.089978,-0.4516,0.14363,0.2601873,-1.2929,0.41989,0.903383,463.427
T000821,Li7,binder_void,BN,0.2601873,-1.2929,0.41989,0.4077886,-1.7238,0.56064,0.479073,35.3258
T000821,Li7,BN,BN,0.4077886,-1.7238,0.56064,0.744161,-2.3416,0.7531,0.784974,94.6123
T000821,Li7,BN,BN,0.744161,-2.3416,0.7531,0.744161,-2.3416,0.7531,0,0
T000822,alpha,BN,binder_void,0,0,0,-0.068423,0.3515,-0.11114,0.374965,141.996
T000822,alpha,binder_void,BN,-0.068423,0.3515,-0.11114,-0.161768,0.827,-0.25925,0.506748,71.3071
T000822,alpha,BN,binder_void,-0.161768,0.827,-0.25925,-0.348492,1.7606,-0.54872,0.995282,424.937
T000822,alpha,binder_void,BN,-0.348492,1.7606,-0.54872,-0.371738,1.8866,-0.58657,0.133632,20.5592
T000822,alpha,BN,binder_void,-0.371738,1.8866,-0.58657,-0.460491,2.3723,-0.7321,0.514793,245.36
T000822,alpha,binder_void,ZnS,-0.460491,2.3723,-0.7321,-0.754868,4.0279,-1.24863,1.76008,275.92
T000822,alpha,ZnS,ZnS,-0.754868,4.0279,-1.24863,-1.195388,5.9235,-1.97987,2.22954,289.921
T000822,alpha,ZnS,ZnS,-1.195388,5.9235,-1.97987,-1.195388,5.9235,-1.97987,0,0
T000823,Li7,BN,binder_void,0,0,0,-0.063536,0.3621,-0.10165,0.381572,238.351
T000823,Li7,binder_void,BN,-0.063536,0.3621,-0.10165,-0.1501,0.8399,-0.23675,0.504104,76.5497
T000823,Li7,BN,binder_void,-0.1501,0.8399,-0.23675,-0.342491,1.7596,-0.55532,0.994876,431.622
T000823,Li7,binder_void,BN,-0.342491,1.7596,-0.55532,-0.382847,1.9029,-0.6076,0.1583,10.448
T000823,Li7,BN,BN,-0.382847,1.9029,-0.6076,-0.476593,2.2635,-0.73607,0.406775,83.0297
T000823,Li7,BN,BN,-0.476593,2.2635,-0.73607,-0.476593,2.2635,-0.73607,0,0
T000824,alpha,BN,binder_void,0,0,0,0.058649,-0.3342,0.09384,0.352118,127.843
T000824,alpha,binder_void,BN,0.058649,-0.3342,0.09384,0.080786,-0.4666,0.13119,0.139261,19.2962
T000824,alpha,BN,binder_void,0.080786,-0.4666,0.13119,0.220343,-1.2876,0.36567,0.865345,355.817
T000824,alpha,binder_void,BN,0.220343,-1.2876,0.36567,0.34446313,-1.9931,0.56876,0.744644,117.47
T000824,alpha,BN,binder_void,0.34446313,-1.9931,0.56876,0.3700701,-2.128,0.60647,0.142351,59.1246
T000824,alpha,binder_void,BN,0.3700701,-2.128,0.60647,0.4116657,-2.3473,0.66779,0.231484,41.9755
T000824,alpha,BN,binder_void,0.4116657,-2.3473,0.66779,0.572342,-3.1925,0.90857,0.893835,426.575
T000824,alpha,binder_void,BN,0.572342,-3.1925,0.90857,0.617073,-3.4908,0.99142,0.312831,39.9149
T000824,alpha,BN,BN,0.617073,-3.4908,0.99142,0.7178,-4.1358,1.16068,0.676048,281.983
T000824,alpha,BN,BN,0.7178,-4.1358,1.16068,0.7178,-4.1358,1.16068,0,0
T000825,Li7,BN,binder_void,0,0,0,0.43267,0.0966,-0.18242,0.479613,292.203
T000825,Li7,binder_void,BN,0.43267,0.0966,-0.18242,0.48044,0.1082,-0.20354,0.0534907,7.66742
T000825,Li7,BN,binder_void,0.48044,0.1082,-0.20354,1.12694,0.2657,-0.48812,0.724918,336.247
T000825,Li7,binder_void,BN,1.12694,0.2657,-0.48812,1.18447,0.2787,-0.51059,0.0631432,4.9579
T000825,Li7,BN,binder_void,1.18447,0.2787,-0.51059,1.64577,0.3857,-0.68952,0.510037,159.551
T000825,Li7,binder_void,BN,1.64577,0.3857,-0.68952,1.74163,0.4013,-0.73194,0.107004,7.78137
T000825,Li7,BN,BN,1.74163,0.4013,-0.73194,1.95922,0.3161,-0.90547,0.311207,31.5929
T000825,Li7,BN,BN,1.95922,0.3161,-0.90547,1.95922,0.3161,-0.90547,0,0
T000826,alpha,BN,binder_void,0,0,0,-0.41721,-0.0932,0.17589,0.462288,173.992
T000826,alpha,binder_void,BN,-0.41721,-0.0932,0.17589,-1.13463,-0.2613,0.47674,0.79593,113.633
T000826,alpha,BN,binder_void,-1.13463,-0.2613,0.47674,-1.73452,-0.4024,0.7217,0.663266,269.525
T000826,alpha,binder_void,BN,-1.73452,-0.4024,0.7217,-2.18915,-0.513,0.8983,0.500131,87.4819
T000826,alpha,BN,binder_void,-2.18915,-0.513,0.8983,-3.08755,-0.731,1.25457,0.991171,487.198
T000826,alpha,binder_void,ZnS,-3.08755,-0.731,1.25457,-3.58291,-0.831,1.45346,0.543301,92.5444
T000826,alpha,ZnS,ZnS,-3.58291,-0.831,1.45346,-5.30053,-1.1834,2.18096,2.07204,245.625
T000826,alpha,ZnS,ZnS,-5.30053,-1.1834,2.18096,-5.30053,-1.1834,2.18096,0,0
T000827,Li7,BN,binder_void,0,0,0,0.17814,-0.1333,-0.29556,0.370056,247.459
T000827,Li7,binder_void,BN,0.17814,-0.1333,-0.29556,0.20645,-0.1546,-0.34307,0.0592884,9.8309
T000827,Li7,BN,binder_void,0.20645,-0.1546,-0.34307,0.56218,-0.4221,-0.9469,0.751261,370.84
T000827,Li7,binder_void,BN,0.56218,-0.4221,-0.9469,1.04197,-0.7308,-1.66483,0.920573,88.4513
T000827,Li7,BN,binder_void,1.04197,-0.7308,-1.66483,1.34659,-0.9694,-2.25497,0.728958,92.8453
T000827,Li7,binder_void,BN,1.34659,-0.9694,-2.25497,1.43175,-0.8939,-2.28689,0.12027,6.77027
T000827,Li7,BN,BN,1.43175,-0.8939,-2.28689,1.55927,-0.84,-2.29775,0.145495,23.0319
T000827,Li7,BN,BN,1.55927,-0.84,-2.29775,1.56152,-0.8395,-2.2979,0.0707403,0.771059
T000827,Li7,BN,BN,1.56152,-0.8395,-2.2979,1.56152,-0.8395,-2.2979,0,0
T000828,alpha,BN,binder_void,0,0,0,-0.28847,0.2158,0.4786,0.599096,215.108
T000828,alpha,binder_void,ZnS,-0.28847,0.2158,0.4786,-0.35716,0.2644,0.58952,0.139198,19.7312
T000828,alpha,ZnS,binder_void,-0.35716,0.2644,0.58952,-2.1945,1.5487,3.52479,3.71639,1039.36
T000828,alpha,binder_void,BN,-2.1945,1.5487,3.52479,-2.61553,2.2086,4.20659,1.04044,110.269
T000828,alpha,BN,binder_void,-2.61553,2.2086,4.20659,-2.67579,2.3338,4.33723,0.191796,48.6007
T000828,alpha,binder_void,BN,-2.67579,2.3338,4.33723,-2.74584,2.4732,4.54963,0.266907,8.11897
T000828,alpha,BN,binder_void,-2.74584,2.4732,4.54963,-2.76973,2.5392,4.680408,0.153823,18.917
T000828,alpha,binder_void,binder_void,-2.76973,2.5392,4.680408,-2.72798,2.5862,4.850157,0.20242,1.70382
T000828,alpha,binder_void,BN,-2.72798,2.5862,4.850157,-2.72795,2.5861,4.850209,7.9307e-05,0.0051361
T000828,alpha,BN,BN,-2.72795,2.5861,4.850209,-2.71371,2.5514,4.868846,0.0436623,6.82763
T000828,alpha,BN,BN,-2.71371,2.5514,4.868846,-2.72577,2.5275,4.853726,0.04086,1.25239
T000828,alpha,BN,BN,-2.72577,2.5275,4.853726,-2.72563,2.5271,4.85384,0.0216102,0.1021
T000828,alpha,BN,BN,-2.72563,2.5271,4.85384,-2.72563,2.5271,4.85384,0,0
T000829,Li7,BN,binder_void,0,0,0,0.23627,-0.6085,-0.47749,0.809401,502.364
T000829,Li7,binder_void,BN,0.23627,-0.6085,-0.47749,0.52242,-1.3838,-1.09331,1.03251,117.125
T000829,Li7,BN,binder_void,0.52242,-1.3838,-1.09331,0.65762,-1.651,-1.32762,0.38187,121.898
T000829,Li7,binder_void,BN,0.65762,-1.651,-1.32762,0.87275,-2.1067,-1.7006,0.633932,44.9036
T000829,Li7,BN,BN,0.87275,-2.1067,-1.7006,0.96135,-2.2964,-1.90453,0.308371,53.7099
T000829,Li7,BN,BN,0.96135,-2.2964,-1.90453,0.96135,-2.2964,-1.90453,0,0
T000830,alpha,BN,binder_void,0,0,0,-0.01994,0.0514,0.0403,0.0682558,23.9018
T000830,alpha,binder_void,BN,-0.01994,0.0514,0.0403,-0.13331,0.3451,0.2717,0.39077,60.1249
T000830,alpha,BN,binder_void,-0.13331,0.3451,0.2717,-0.31951,0.829,0.65078,0.642357,242.143
T000830,alpha,binder_void,ZnS,-0.31951,0.829,0.65078,-0.45787,1.1723,0.9205,0.457958,78.4527
T000830,alpha,ZnS,binder_void,-0.45787,1.1723,0.9205,-1.64663,4.1995,3.30923,4.07767,938.365
T000830,alpha,binder_void,BN,-1.64663,4.1995,3.30923,-1.87821,4.8385,3.85784,0.877303,43.7129
T000830,alpha,BN,binder_void,-1.87821,4.8385,3.85784,-2.13554,5.2818,4.20255,0.636901,45.9755
T000830,alpha,binder_void,BN,-2.13554,5.2818,4.20255,-2.13554,5.2818,4.20255,0,0
T000830,alpha,BN,binder_void,-2.13554,5.2818,4.20255,-2.13069,5.2983,4.28829,0.0884791,14.7941
T000830,alpha,binder_void,BN,-2.13069,5.2983,4.28829,-2.13069,5.2983,4.28829,0,0
T000830,alpha,BN,binder_void,-2.13069,5.2983,4.28829,-2.1351,5.29,4.42742,0.147285,15.9581
T000830,alpha,binder_void,binder_void,-2.1351,5.29,4.42742,-2.15252,5.3029,4.50688,0.086826,0.831978
T000830,alpha,binder_void,binder_void,-2.15252,5.3029,4.50688,-2.14592,5.3459,4.6069,0.116777,3.93175
T000830,alpha,binder_void,binder_void,-2.14592,5.3459,4.6069,-2.15668,5.3846,4.63109,0.112245,1.52503
T000830,alpha,binder_void,binder_void,-2.15668,5.3846,4.63109,-2.16033,5.3864,4.63199,0.0896288,0.283094
T000830,alpha,binder_void,binder_void,-2.16033,5.3864,4.63199,-2.16033,5.3864,4.63199,0,0
T000831,Li7,BN,binder_void,0,0,0,0.7683,-0.102,0.01302,0.775754,460.582
T000831,Li7,binder_void,ZnS,0.7683,-0.102,0.01302,1.63232,-0.2023,-0.02439,0.871661,107.841
T000831,Li7,ZnS,ZnS,1.63232,-0.2023,-0.02439,2.9159,-0.5194,0.26909,1.40973,279.903
T000831,Li7,ZnS,ZnS,2.9159,-0.5194,0.26909,2.9159,-0.5194,0.26909,0,0
T000832,alpha,BN,binder_void,0,0,0,-0.07058,0.0094,-0.0012,0.0712133,23.8097
T000832,alpha,binder_void,BN,-0.07058,0.0094,-0.0012,-0.23145,0.0307,-0.0043,0.162304,26.9607
T000832,alpha,BN,binder_void,-0.23145,0.0307,-0.0043,-0.76998,0.1016,-0.01476,0.543313,217.285
T000832,alpha,binder_void,ZnS,-0.76998,0.1016,-0.01476,-1.35524,0.1825,-0.02137,0.59089,80.7582
T000832,alpha,ZnS,binder_void,-1.35524,0.1825,-0.02137,-1.68479,0.2292,-0.02405,0.333022,126.486
T000832,alpha,binder_void,BN,-1.68479,0.2292,-0.02405,-2.99252,0.453,-0.01991,1.32693,200.292
T000832,alpha,BN,binder_void,-2.99252,0.453,-0.01991,-3.61192,0.5524,-0.00963,0.627583,271.515
T000832,alpha,binder_void,BN,-3.61192,0.5524,-0.00963,-3.87092,0.5963,-0.0085,0.262685,49.4796
T000832,alpha,BN,binder_void,-3.87092,0.5963,-0.0085,-4.41602,0.6858,0.00149,0.552911,239.501
T000832,alpha,binder_void,BN,-4.41602,0.6858,0.00149,-4.47912,0.6928,-0.00011,0.0635207,11.2437
T000832,alpha,BN,binder_void,-4.47912,0.6928,-0.00011,-5.12542,0.7357,-0.02376,0.650467,145.731
T000832,alpha,binder_void,BN,-5.12542,0.7357,-0.02376,-5.25212,0.7139,-0.02354,0.128756,9.31407
T000832,alpha,BN,BN,-5.25212,0.7139,-0.02354,-5.82012,0.6343,-0.00287,0.601979,67.6241
T000832,alpha,BN,BN,-5.82012,0.6343,-0.00287,-5.82012,0.6343,-0.00287,0,0
T000833,Li7,BN,binder_void,0,0,0,0.31372,-0.2337,0.203944,0.441356,280.65
T000833,Li7,binder_void,BN,0.31372,-0.2337,0.203944,0.47205,-0.3508,0.307334,0.222453,36.2011
T000833,Li7,BN,binder_void,0.47205,-0.3508,0.307334,0.95198,-0.70293,0.620604,0.673729,329.514
T000833,Li7,binder_void,BN,0.95198,-0.70293,0.620604,1.34001,-0.9549,0.880944,0.532203,55.7886
T000833,Li7,BN,BN,1.34001,-0.9549,0.880944,2.02067,-1.38884,1.227304,0.916908,137.847
T000833,Li7,BN,BN,2.02067,-1.38884,1.227304,2.02067,-1.38884,1.227304,0,0
T000834,alpha,BN,binder_void,0,0,0,-0.21869,0.1629,-0.142173,0.307566,109.111
T000834,alpha,binder_void,BN,-0.21869,0.1629,-0.142173,-0.30938,0.2308,-0.202339,0.128264,20.1903
T000834,alpha,BN,binder_void,-0.30938,0.2308,-0.202339,-0.59219,0.4425,-0.38991,0.400014,153.112
T000834,alpha,binder_void,BN,-0.59219,0.4425,-0.38991,-1.81346,1.3188,-1.164285,1.69104,266.514
T000834,alpha,BN,binder_void,-1.81346,1.3188,-1.164285,-2.24394,1.6138,-1.440652,0.590663,260.683
T000834,alpha,binder_void,BN,-2.24394,1.6138,-1.440652,-2.33609,1.6769,-1.500799,0.126848,21.1443
T000834,alpha,BN,binder_void,-2.33609,1.6769,-1.500799,-2.92712,2.0822,-1.880253,0.81135,342.397
T000834,alpha,binder_void,BN,-2.92712,2.0822,-1.880253,-3.46294,2.4625,-2.179406,0.722463,104.101
T000834,alpha,BN,binder_void,-3.46294,2.4625,-2.179406,-3.55195,2.5303,-2.233266,0.124301,36.5051
T000834,alpha,binder_void,ZnS,-3.55195,2.5303,-2.233266,-3.94044,2.8163,-2.482866,0.544075,39.1844
T000834,alpha,ZnS,ZnS,-3.94044,2.8163,-2.482866,-4.7513,3.3512,-2.602636,1.03113,117.058
T000834,alpha,ZnS,ZnS,-4.7513,3.3512,-2.602636,-4.7513,3.3512,-2.602636,0,0
T000835,Li7,BN,binder_void,0,0,0,0.11907,0.2324,-0.047893,0.265526,179.677
T000835,Li7,binder_void,ZnS,0.11907,0.2324,-0.047893,0.38734,0.7836,-0.142696,0.620429,105.318
T000835,Li7,ZnS,ZnS,0.38734,0.7836,-0.142696,0.92567,2.209,-0.557098,1.59032,686.051
T000835,Li7,ZnS,ZnS,0.92567,2.209,-0.557098,0.9821,2.44,-0.665722,0.743481,41.9542
T000835,Li7,ZnS,ZnS,0.9821,2.44,-0.665722,0.9821,2.44,-0.665722,0,0
T000836,alpha,BN,binder_void,0,0,0,-0.22922,-0.4474,0.092204,0.511118,173.149
T000836,alpha,binder_void,BN,-0.22922,-0.4474,0.092204,-0.35923,-0.69935,0.142204,0.28788,35.274
T000836,alpha,BN,binder_void,-0.35923,-0.69935,0.142204,-0.62724,-1.21632,0.246374,0.591603,232.519
T000836,alpha,binder_void,BN,-0.62724,-1.21632,0.246374,-1.02794,-1.99125,0.398764,0.885648,121.318
T000836,alpha,BN,binder_void,-1.02794,-1.99125,0.398764,-1.32359,-2.54001,0.503444,0.632143,257.534
T000836,alpha,binder_void,BN,-1.32359,-2.54001,0.503444,-1.44235,-2.75518,0.543384,0.248997,35.2586
T000836,alpha,BN,binder_void,-1.44235,-2.75518,0.543384,-1.84084,-3.4773,0.679984,0.836254,366.131
T000836,alpha,binder_void,BN,-1.84084,-3.4773,0.679984,-2.01975,-3.78791,0.738274,0.36319,64.4233
T000836,alpha,BN,binder_void,-2.01975,-3.78791,0.738274,-2.15343,-4.02368,0.778954,0.274147,137.292
T000836,alpha,binder_void,BN,-2.15343,-4.02368,0.778954,-2.17413,-4.06204,0.785824,0.0441351,7.47077
T000836,alpha,BN,binder_void,-2.17413,-4.06204,0.785824,-2.2431,-4.18846,0.807824,0.145721,62.78
T000836,alpha,binder_void,BN,-2.2431,-4.18846,0.807824,-2.56567,-4.78773,0.914574,0.689381,100.733
T000836,alpha,BN,binder_void,-2.56567,-4.78773,0.914574,-2.72307,-5.09832,0.973724,0.354081,92.6646
T000836,alpha,binder_void,ZnS,-2.72307,-5.09832,0.973724,-3.22021,-6.21727,1.107284,1.24977,28.9123
T000836,alpha,ZnS,ZnS,-3.22021,-6.21727,1.107284,-3.47551,-6.4649,1.137394,0.376159,11.278
T000836,alpha,ZnS,ZnS,-3.47551,-6.4649,1.137394,-3.77677,-6.58243,1.086144,0.350583,13.5819
T000836,alpha,ZnS,ZnS,-3.77677,-6.58243,1.086144,-4.00957,-6.3942,0.928414,0.381772,33.4865
T000836,alpha,ZnS,ZnS,-4.00957,-6.3942,0.928414,-4.01761,-6.38838,0.924824,0.257075,2.19507
T000836,alpha,ZnS,ZnS,-4.01761,-6.38838,0.924824,-4.01761,-6.38838,0.924824,0,0
T000837,Li7,BN,binder_void,0,0,0,-0.23823,0.0536,-0.01901,0.245011,159.335
T000837,Li7,binder_void,BN,-0.23823,0.0536,-0.01901,-0.66047,0.1513,-0.05206,0.43474,72.3308
T000837,Li7,BN,binder_void,-0.66047,0.1513,-0.05206,-1.3375,0.298,-0.10622,0.695729,349.117
T000837,Li7,binder_void,BN,-1.3375,0.298,-0.10622,-1.95426,0.4362,-0.14407,0.634277,64.0713
T000837,Li7,BN,binder_void,-1.95426,0.4362,-0.14407,-2.39825,0.5313,-0.18041,0.458627,132.254
T000837,Li7,binder_void,BN,-2.39825,0.5313,-0.18041,-2.99106,0.6574,-0.29532,0.63353,37.7995
T000837,Li7,BN,BN,-2.99106,0.6574,-0.29532,-3.16403,0.6714,-0.30874,0.183822,25.0927
T000837,Li7,BN,BN,-3.16403,0.6714,-0.30874,-3.16403,0.6714,-0.30874,0,0
T000838,alpha,BN,binder_void,0,0,0,0.4612,-0.1038,0.03679,0.474126,183.743
T000838,alpha,binder_void,ZnS,0.4612,-0.1038,0.03679,1.4453,-0.3176,0.1214,1.01069,150.373
T000838,alpha,ZnS,binder_void,1.4453,-0.3176,0.1214,4.2667,-0.9008,0.32792,2.90337,791.53
T000838,alpha,binder_void,BN,4.2667,-0.9008,0.32792,5.1234,-1.0794,0.35331,0.876075,158.637
T000838,alpha,BN,BN,5.1234,-1.0794,0.35331,5.7795,-1.1915,0.43704,0.674534,185.717
T000838,alpha,BN,BN,5.7795,-1.1915,0.43704,5.7795,-1.1915,0.43704,0,0
T000839,Li7,BN,binder_void,0,0,0,0.4578,0.369,0.59805,0.839425,492.736
T000839,Li7,binder_void,ZnS,0.4578,0.369,0.59805,0.7561,0.6347,0.95767,0.537927,68.1989
T000839,Li7,ZnS,ZnS,0.7561,0.6347,0.95767,1.5294,0.9546,2.03227,1.41514,281.364
T000839,Li7,ZnS,ZnS,1.5294,0.9546,2.03227,1.5294,0.9546,2.03227,0,0
T000840,alpha,BN,binder_void,0,0,0,-0.07555,-0.0609,-0.09873,0.13847,52.772
T000840,alpha,binder_void,ZnS,-0.07555,-0.0609,-0.09873,-0.24981,-0.2034,-0.32731,0.320812,44.8152
T000840,alpha,ZnS,binder_void,-0.24981,-0.2034,-0.32731,-1.36912,-1.1215,-1.80081,2.07043,784.42
T000840,alpha,binder_void,BN,-1.36912,-1.1215,-1.80081,-1.53728,-1.2754,-2.06925,0.352178,63.5149
T000840,alpha,BN,binder_void,-1.53728,-1.2754,-2.06925,-2.0054,-1.7061,-2.80744,0.975486,328.21
T000840,alpha,binder_void,BN,-2.0054,-1.7061,-2.80744,-2.1069,-1.7873,-2.97384,0.211246,29.4832
T000840,alpha,BN,BN,-2.1069,-1.7873,-2.97384,-2.56389,-2.15747,-3.71439,0.958517,166.785
T000840,alpha,BN,BN,-2.56389,-2.15747,-3.71439,-2.56389,-2.15747,-3.71439,0,0
T000841,Li7,BN,binder_void,0,0,0,-0.08644,-0.0109,0.6061,0.612686,364.514
T000841,Li7,binder_void,BN,-0.08644,-0.0109,0.6061,-0.08844,-0.0106,0.62426,0.0182739,3.43083
T000841,Li7,BN,binder_void,-0.08844,-0.0106,0.62426,-0.15599,0.0021,1.24032,0.620989,313.248
T000841,Li7,binder_void,BN,-0.15599,0.0021,1.24032,-0.16165,0.0077,1.31108,0.0712438,7.05618
T000841,Li7,BN,BN,-0.16165,0.0077,1.31108,-0.23326,0.0652,2.14252,0.860749,151.751
T000841,Li7,BN,BN,-0.23326,0.0652,2.14252,-0.23326,0.0652,2.14252,0,0
T000842,alpha,BN,binder_void,0,0,0,0.02475,0.0031,-0.17355,0.175334,58.6417
T000842,alpha,binder_void,BN,0.02475,0.0031,-0.17355,0.04658,0.0057,-0.3277,0.15571,20.4618
T000842,alpha,BN,binder_void,0.04658,0.0057,-0.3277,0.14752,0.0175,-1.0385,0.71811,261.324
T000842,alpha,binder_void,BN,0.14752,0.0175,-1.0385,0.15605,0.0185,-1.10451,0.0665687,10.701
T000842,alpha,BN,binder_void,0.15605,0.0185,-1.10451,0.19443,0.0227,-1.399685,0.297706,120.856
T000842,alpha,binder_void,BN,0.19443,0.0227,-1.399685,0.25236,0.0298,-1.827414,0.431711,69.3759
T000842,alpha,BN,binder_void,0.25236,0.0298,-1.827414,0.33698,0.0394,-2.459658,0.638088,291.234
T000842,alpha,binder_void,BN,0.33698,0.0394,-2.459658,0.51415,0.0432,-3.7207,1.2738,240.549
T000842,alpha,BN,binder_void,0.51415,0.0432,-3.7207,0.65189,0.0138,-4.70766,0.998882,286.624
T000842,alpha,binder_void,BN,0.65189,0.0138,-4.70766,0.65315,0.0151,-4.73745,0.0298549,3.51249
T000842,alpha,BN,BN,0.65315,0.0151,-4.73745,0.67866,0.0445,-5.48245,0.765709,106.72
T000842,alpha,BN,BN,0.67866,0.0445,-5.48245,0.67866,0.0445,-5.48245,0,0
T000843,Li7,BN,binder_void,0,0,0,0.36698,0.1649,0.7229,0.828015,495.146
T000843,Li7,binder_void,ZnS,0.36698,0.1649,0.7229,0.60235,0.2914,1.19358,0.541692,67.9271
T000843,Li7,ZnS,ZnS,0.60235,0.2914,1.19358,1.04365,0.8717,2.30376,1.41361,276.927
T000843,Li7,ZnS,ZnS,1.04365,0.8717,2.30376,1.04365,0.8717,2.30376,0,0
T000844,alpha,BN,binder_void,0,0,0,-0.05757,-0.0259,-0.11339,0.129771,45.5765
T000844,alpha,binder_void,BN,-0.05757,-0.0259,-0.11339,-1.39851,-0.63357,-2.758383,3.02761,482.36
T000844,alpha,BN,binder_void,-1.39851,-0.63357,-2.758383,-1.74204,-0.80176,-3.45017,0.790691,338.158
T000844,alpha,binder_void,ZnS,-1.74204,-0.80176,-3.45017,-1.75382,-0.80791,-3.47533,0.0284556,6.21909
T000844,alpha,ZnS,ZnS,-1.75382,-0.80791,-3.47533,-3.016136,-1.46217,-6.19108,3.14865,597.686
T000844,alpha,ZnS,ZnS,-3.016136,-1.46217,-6.19108,-3.016136,-1.46217,-6.19108,0,0
T000845,Li7,BN,binder_void,0,0,0,0.088087,-0.16707,-0.0748,0.203188,128.871
T000845,Li7,binder_void,BN,0.088087,-0.16707,-0.0748,0.605748,-1.13632,-0.5087,1.18197,201.591
T000845,Li7,BN,binder_void,0.605748,-1.13632,-0.5087,0.954692,-1.76917,-0.8137,0.78605,323.289
T000845,Li7,binder_void,BN,0.954692,-1.76917,-0.8137,0.982632,-1.8205,-0.8356,0.0624179,5.83631
T000845,Li7,BN,binder_void,0.982632,-1.8205,-0.8356,1.150082,-2.12587,-0.9662,0.374301,108.013
T000845,Li7,binder_void,BN,1.150082,-2.12587,-0.9662,1.282872,-2.29449,-1.0405,0.228646,13.4815
T000845,Li7,BN,binder_void,1.282872,-2.29449,-1.0405,1.519342,-2.57114,-1.195,0.423007,41.0744
T000845,Li7,binder_void,binder_void,1.519342,-2.57114,-1.195,1.717592,-2.71395,-1.1981,0.267106,13.2467
T000845,Li7,binder_void,binder_void,1.717592,-2.71395,-1.1981,1.790662,-2.76594,-1.1536,0.283276,4.59725
T000845,Li7,binder_void,binder_void,1.790662,-2.76594,-1.1536,1.790662,-2.76594,-1.1536,0,0
T000846,alpha,BN,binder_void,0,0,0,-0.00104,0.00197,0.0009,0.00239951,1.19461
T000846,alpha,binder_void,BN,-0.00104,0.00197,0.0009,-0.2629337,0.49878,0.2233,0.604073,75.7645
T000846,alpha,BN,binder_void,-0.2629337,0.49878,0.2233,-0.473225,0.90165,0.4061,0.48987,184.515
T000846,alpha,binder_void,ZnS,-0.473225,0.90165,0.4061,-0.498681,0.9505,0.4285,0.059454,6.60657
T000846,alpha,ZnS,binder_void,-0.498681,0.9505,0.4285,-2.191848,4.207261,1.9233,3.99292,1068.32
T000846,alpha,binder_void,BN,-2.191848,4.207261,1.9233,-2.271298,4.3451,2.0285,0.19086,18.65
T000846,alpha,BN,BN,-2.271298,4.3451,2.0285,-2.593668,4.89552,2.4737,0.796435,114.951
T000846,alpha,BN,BN,-2.593668,4.89552,2.4737,-2.593668,4.89552,2.4737,0,0
T000847,Li7,BN,binder_void,0,0,0,6.7e-05,1e-05,-0.0006,0.000593996,0.642307
T000847,Li7,binder_void,BN,6.7e-05,1e-05,-0.0006,0.050204,0.01079,-0.4416,0.444076,74.3476
T000847,Li7,BN,binder_void,0.050204,0.01079,-0.4416,0.140436,0.01672,-1.2961,0.860135,469.09
T000847,Li7,binder_void,BN,0.140436,0.01672,-1.2961,0.176555,0.03014,-1.53751,0.24459,34.2214
T000847,Li7,BN,binder_void,0.176555,0.03014,-1.53751,0.257583,0.03992,-2.04526,0.516567,207.482
T000847,Li7,binder_void,BN,0.257583,0.03992,-2.04526,0.273949,0.00286,-2.62586,0.601834,30.5773
T000847,Li7,BN,BN,0.273949,0.00286,-2.62586,0.308868,-0.07749,-2.7503,0.16035,15.2369
T000847,Li7,BN,BN,0.308868,-0.07749,-2.7503,0.34452,-0.17544,-2.74689,0.172605,8.40295
T000847,Li7,BN,BN,0.34452,-0.17544,-2.74689,0.34452,-0.17544,-2.74689,0,0
T000848,alpha,BN,binder_void,0,0,0,-0.092689,-0.0208,0.8151,0.82075,321.751
T000848,alpha,binder_void,BN,-0.092689,-0.0208,0.8151,-0.1224335,-0.03252,1.0513,0.238355,31.8936
T000848,alpha,BN,binder_void,-0.1224335,-0.03252,1.0513,-0.2343503,-0.07707,1.9378,0.894798,367.869
T000848,alpha,binder_void,BN,-0.2343503,-0.07707,1.9378,-0.324369,-0.11022,2.6708,0.739378,127.26
T000848,alpha,BN,binder_void,-0.324369,-0.11022,2.6708,-0.425298,-0.13515,3.4657,0.80212,347.552
T000848,alpha,binder_void,outside,-0.425298,-0.13515,3.4657,-0.436281,-0.13453,3.5709,0.105783,18.3942
T000849,Li7,BN,binder_void,0,0,0,-0.3346,0.2157,0.09008,0.408391,255.265
T000849,Li7,binder_void,ZnS,-0.3346,0.2157,0.09008,-0.392,0.2511,0.10211,0.068445,9.99013
T000849,Li7,ZnS,ZnS,-0.392,0.2511,0.10211,-1.64,1.1332,0.16475,1.54623,505.009
T000849,Li7,ZnS,ZnS,-1.64,1.1332,0.16475,-1.9714,1.4491,-0.00318,0.958522,69.7351
T000849,Li7,ZnS,ZnS,-1.9714,1.4491,-0.00318,-1.9714,1.4491,-0.00318,0,0
T000850,alpha,BN,binder_void,0,0,0,0.1102,-0.071,-0.02964,0.134337,49.2424
T000850,alpha,binder_void,BN,0.1102,-0.071,-0.02964,0.5811,-0.3767,-0.15784,0.575919,81.7258
T000850,alpha,BN,binder_void,0.5811,-0.3767,-0.15784,1.3608,-0.8837,-0.37367,0.954905,412.695
T000850,alpha,binder_void,BN,1.3608,-0.8837,-0.37367,1.4745,-0.9549,-0.40291,0.137296,23.6799
T000850,alpha,BN,binder_void,1.4745,-0.9549,-0.40291,1.993,-1.2795,-0.53733,0.626479,285.065
T000850,alpha,binder_void,BN,1.993,-1.2795,-0.53733,3.1595,-1.99463,-0.82565,1.39874,235.981
T000850,alpha,BN,binder_void,3.1595,-1.99463,-0.82565,3.7458,-2.34607,-0.97029,0.69961,228.09
T000850,alpha,binder_void,BN,3.7458,-2.34607,-0.97029,3.9292,-2.46949,-1.0353,0.230599,24.243
T000850,alpha,BN,binder_void,3.9292,-2.46949,-1.0353,4.143,-2.61353,-1.10465,0.267942,73.4147
T000850,alpha,binder_void,ZnS,4.143,-2.61353,-1.10465,4.4187,-2.81764,-1.14523,0.34811,15.7714
T000850,alpha,ZnS,ZnS,4.4187,-2.81764,-1.14523,4.5034,-2.93806,-1.12686,0.154844,12.4568
T000850,alpha,ZnS,ZnS,4.5034,-2.93806,-1.12686,4.5335,-3.12495,-1.12126,0.209239,17.1337
T000850,alpha,ZnS,ZnS,4.5335,-3.12495,-1.12126,4.5086,-3.28325,-1.06593,0.220764,10.5002
T000850,alpha,ZnS,ZnS,4.5086,-3.28325,-1.06593,4.5086,-3.28325,-1.06593,0,0
T000851,Li7,BN,binder_void,0,0,0,0.1772,-0.24,0.41521,0.511497,302.924
T000851,Li7,binder_void,BN,0.1772,-0.24,0.41521,0.1879,-0.2566,0.44291,0.034011,4.45262
T000851,Li7,BN,binder_void,0.1879,-0.2566,0.44291,0.4523,-0.6674,1.12277,0.838934,384.015
T000851,Li7,binder_void,BN,0.4523,-0.6674,1.12277,0.4609,-0.6787,1.14323,0.0248828,2.45265
T000851,Li7,BN,BN,0.4609,-0.6787,1.14323,0.689,-0.9702,1.6924,0.67585,150.43
T000851,Li7,BN,BN,0.689,-0.9702,1.6924,0.689,-0.9702,1.6924,0,0
T000852,alpha,BN,binder_void,0,0,0,-0.0371,0.0503,-0.08712,0.107269,36.6693
T000852,alpha,binder_void,ZnS,-0.0371,0.0503,-0.08712,-0.1258,0.1734,-0.29583,0.258012,40.9308
T000852,alpha,ZnS,binder_void,-0.1258,0.1734,-0.29583,-1.5582,2.1768,-3.668783,4.20059,1065.14
T000852,alpha,binder_void,BN,-1.5582,2.1768,-3.668783,-1.5662,2.1861,-3.683953,0.0195169,1.92475
T000852,alpha,BN,binder_void,-1.5662,2.1861,-3.683953,-1.8929,2.5656,-4.30369,0.798435,165.947
T000852,alpha,binder_void,BN,-1.8929,2.5656,-4.30369,-1.9554,2.6982,-4.49272,0.239383,30.1121
T000852,alpha,BN,binder_void,-1.9554,2.6982,-4.49272,-2.1541,3.0726,-5.05152,0.710678,91.8895
T000852,alpha,binder_void,BN,-2.1541,3.0726,-5.05152,-2.279,3.449,-5.30172,0.480406,18.0324
T000852,alpha,BN,BN,-2.279,3.449,-5.30172,-2.2579,3.6524,-5.36793,0.248471,3.32387
T000852,alpha,BN,binder_void,-2.2579,3.6524,-5.36793,-2.2383,3.6577,-5.36442,0.0208389,1.33784
T000852,alpha,binder_void,BN,-2.2383,3.6577,-5.36442,-1.9692,3.708,-5.33905,0.298973,6.57363
T000852,alpha,BN,BN,-1.9692,3.708,-5.33905,-1.9298,3.7149,-5.34174,0.0417299,1.56057
T000852,alpha,BN,BN,-1.9298,3.7149,-5.34174,-1.8933,3.713,-5.3197,0.0453203,6.17704
T000852,alpha,BN,BN,-1.8933,3.713,-5.3197,-1.8928,3.7122,-5.31801,0.0416895,0.379722
T000852,alpha,BN,BN,-1.8928,3.7122,-5.31801,-1.8928,3.7122,-5.31801,0,0
T000853,Li7,BN,binder_void,0,0,0,0.0228,0.05001,-0.307587,0.312543,198.034
T000853,Li7,binder_void,BN,0.0228,0.05001,-0.307587,0.1082,0.17069,-1.083678,0.790367,127.505
T000853,Li7,BN,binder_void,0.1082,0.17069,-1.083678,0.1864,0.29742,-1.947742,0.878896,397.725
T000853,Li7,binder_void,BN,0.1864,0.29742,-1.947742,0.3141,0.39212,-2.78192,0.85882,65.9562
T000853,Li7,BN,binder_void,0.3141,0.39212,-2.78192,0.3915,0.43836,-3.00951,0.256731,50.2477
T000853,Li7,binder_void,binder_void,0.3915,0.43836,-3.00951,0.3935,0.44081,-3.01248,0.027441,0.532919
T000853,Li7,binder_void,binder_void,0.3935,0.44081,-3.01248,0.3935,0.44081,-3.01248,0,0
T000854,alpha,BN,binder_void,0,0,0,-0.0423,-0.09282,0.57094,0.580028,224.766
T000854,alpha,binder_void,BN,-0.0423,-0.09282,0.57094,-0.0576,-0.12907,0.79801,0.230453,35.1051
T000854,alpha,BN,binder_void,-0.0576,-0.12907,0.79801,-0.0944,-0.21656,1.34187,0.552145,238.733
T000854,alpha,binder_void,BN,-0.0944,-0.21656,1.34187,-0.1134,-0.25809,1.57804,0.240548,34.7463
T000854,alpha,BN,binder_void,-0.1134,-0.25809,1.57804,-0.1818,-0.41571,2.47364,0.912215,429.029
T000854,alpha,binder_void,ZnS,-0.1818,-0.41571,2.47364,-0.189,-0.42695,2.54523,0.0728262,12.5697
T000854,alpha,ZnS,ZnS,-0.189,-0.42695,2.54523,-0.4622,-0.84598,5.26448,2.86095,495.052
T000854,alpha,ZnS,ZnS,-0.4622,-0.84598,5.26448,-0.4622,-0.84598,5.26448,0,0
T000855,Li7,BN,binder_void,0,0,0,-0.3135,0.13394,0.29405,0.450394,275.39
T000855,Li7,binder_void,BN,-0.3135,0.13394,0.29405,-1.0538,0.47016,0.98372,1.06692,157.715
T000855,Li7,BN,binder_void,-1.0538,0.47016,0.98372,-1.5357,0.71911,1.42236,0.699535,314.348
T000855,Li7,binder_void,binder_void,-1.5357,0.71911,1.42236,-2.63388,1.24418,2.29102,1.55497,79.3635
T000855,Li7,binder_void,BN,-2.63388,1.24418,2.29102,-2.7775,1.31782,2.4111,0.238287,9.85247
T000855,Li7,BN,BN,-2.7775,1.31782,2.4111,-2.79484,1.32771,2.42168,0.03573,4.49318
T000855,Li7,BN,BN,-2.79484,1.32771,2.42168,-2.79484,1.32771,2.42168,0,0
T000856,alpha,BN,binder_void,0,0,0,0.2803,-0.11975,-0.2629,0.402544,158.889
T000856,alpha,binder_void,BN,0.2803,-0.11975,-0.2629,0.3109,-0.13323,-0.29144,0.0439596,7.90408
T000856,alpha,BN,binder_void,0.3109,-0.13323,-0.29144,0.8018,-0.34954,-0.750382,0.706055,278.604
T000856,alpha,binder_void,BN,0.8018,-0.34954,-0.750382,1.0292,-0.44893,-0.964438,0.327753,49.2735
T000856,alpha,BN,binder_void,1.0292,-0.44893,-0.964438,1.3455,-0.58802,-1.2598008,0.454664,202.626
T000856,alpha,binder_void,BN,1.3455,-0.58802,-1.2598008,1.634,-0.71986,-1.52898,0.416026,64.4921
T000856,alpha,BN,binder_void,1.634,-0.71986,-1.52898,1.9731,-0.87241,-1.842681,0.486573,210.996
T000856,alpha,binder_void,BN,1.9731,-0.87241,-1.842681,2.3064,-1.02276,-2.144243,0.474036,75.8988
T000856,alpha,BN,binder_void,2.3064,-1.02276,-2.144243,2.56,-1.13819,-2.37732,0.363458,160.174
T000856,alpha,binder_void,BN,2.56,-1.13819,-2.37732,2.7645,-1.23272,-2.56448,0.293021,37.7705
T000856,alpha,BN,binder_void,2.7645,-1.23272,-2.56448,2.9065,-1.29085,-2.70108,0.205621,73.1346
T000856,alpha,binder_void,BN,2.9065,-1.29085,-2.70108,2.9275,-1.29743,-2.72185,0.030265,2.7931
T000856,alpha,BN,binder_void,2.9275,-1.29743,-2.72185,3.2133,-1.39042,-3.00087,0.412023,125.07
T000856,alpha,binder_void,binder_void,3.2133,-1.39042,-3.00087,3.6624,-1.59763,-3.50681,0.839069,22.3739
T000856,alpha,binder_void,binder_void,3.6624,-1.59763,-3.50681,3.6624,-1.59763,-3.50681,0,0
T000857,Li7,BN,binder_void,0,0,0,0.21601,0.0103,-0.24065,0.323633,209.312
T000857,Li7,binder_void,BN,0.21601,0.0103,-0.24065,0.34048,0.0197,-0.37658,0.184568,30.5878
T000857,Li7,BN,binder_void,0.34048,0.0197,-0.37658,0.8174,0.05071,-0.89158,0.703519,385.638
T000857,Li7,binder_void,BN,0.8174,0.05071,-0.89158,0.90615,0.06046,-0.98744,0.131061,13.9184
T000857,Li7,BN,BN,0.90615,0.06046,-0.98744,1.47293,0.09194,-1.593659,0.843227,201.37
T000857,Li7,BN,BN,1.47293,0.09194,-1.593659,1.47293,0.09194,-1.593659,0,0
T000858,alpha,BN,binder_void,0,0,0,-0.33613,-0.01603,0.37449,0.503502,185.797
T000858,alpha,binder_void,BN,-0.33613,-0.01603,0.37449,-0.36923,-0.01763,0.4119,0.0499813,4.33562
T000858,alpha,BN,binder_void,-0.36923,-0.01763,0.4119,-0.88142,-0.04374,0.98876,0.771976,309.261
T000858,alpha,binder_void,BN,-0.88142,-0.04374,0.98876,-1.05482,-0.05034,1.18534,0.262222,48.3068
T000858,alpha,BN,binder_void,-1.05482,-0.05034,1.18534,-1.41774,-0.06512,1.59425,0.547033,263.214
T000858,alpha,binder_void,BN,-1.41774,-0.06512,1.59425,-2.97524,-0.12627,3.27509,2.29355,411.367
T000858,alpha,BN,binder_void,-2.97524,-0.12627,3.27509,-3.32573,-0.12061,3.68695,0.542082,165.093
T000858,alpha,binder_void,ZnS,-3.32573,-0.12061,3.68695,-3.57075,-0.1375,3.99248,0.39363,38.6259
T000858,alpha,ZnS,ZnS,-3.57075,-0.1375,3.99248,-3.69809,-0.14682,4.08061,0.161146,17.39
T000858,alpha,ZnS,ZnS,-3.69809,-0.14682,4.08061,-3.83944,-0.15552,4.06059,0.154969,8.13861
T000858,alpha,ZnS,ZnS,-3.83944,-0.15552,4.06059,-3.89176,-0.07594,4.13987,0.140012,9.15084
T000858,alpha,ZnS,ZnS,-3.89176,-0.07594,4.13987,-3.9407,0.07691,4.10798,0.215467,2.66073
T000858,alpha,ZnS,ZnS,-3.9407,0.07691,4.10798,-3.79244,0.12843,4.13044,0.213495,2.9167
T000858,alpha,ZnS,ZnS,-3.79244,0.12843,4.13044,-3.77469,0.13569,4.13704,0.330356,3.74173
T000858,alpha,ZnS,ZnS,-3.77469,0.13569,4.13704,-3.77469,0.13569,4.13704,0,0
T000859,Li7,BN,binder_void,0,0,0,0.08841,-0.16709,-0.2179,0.288547,187.23
T000859,Li7,binder_void,BN,0.08841,-0.16709,-0.2179,0.30254,-0.58921,-0.78452,0.738569,118.716
T000859,Li7,BN,binder_void,0.30254,-0.58921,-0.78452,0.49452,-0.96002,-1.33808,0.694511,362.61
T000859,Li7,binder_void,BN,0.49452,-0.96002,-1.33808,0.62146,-1.21418,-1.823612,0.564438,50.2583
T000859,Li7,BN,binder_void,0.62146,-1.21418,-1.823612,0.44518,-1.41269,-2.536997,0.791763,103.311
T000859,Li7,binder_void,binder_void,0.44518,-1.41269,-2.536997,0.38626,-1.32917,-2.768453,0.283395,10.5025
T000859,Li7,binder_void,binder_void,0.38626,-1.32917,-2.768453,0.44066,-1.19103,-2.839307,0.271024,9.88006
T000859,Li7,binder_void,binder_void,0.44066,-1.19103,-2.839307,0.44066,-1.19103,-2.839307,0,0
T000860,alpha,BN,binder_void,0,0,0,-0.17306,0.32707,0.42653,0.564713,227.978
T000860,alpha,binder_void,BN,-0.17306,0.32707,0.42653,-0.30017,0.56155,0.74131,0.412589,61.8726
T000860,alpha,BN,binder_void,-0.30017,0.56155,0.74131,-0.3736,0.69506,0.92118,0.235746,101.723
T000860,alpha,binder_void,ZnS,-0.3736,0.69506,0.92118,-0.65265,1.19502,1.60274,0.890207,139.758
T000860,alpha,ZnS,binder_void,-0.65265,1.19502,1.60274,-1.06412,1.90458,2.54281,1.25095,444.112
T000860,alpha,binder_void,BN,-1.06412,1.90458,2.54281,-1.09921,1.96209,2.62579,0.106889,19.5107
T000860,alpha,BN,binder_void,-1.09921,1.96209,2.62579,-1.12078,1.99675,2.67522,0.0641107,31.6462
T000860,alpha,binder_void,BN,-1.12078,1.99675,2.67522,-1.32495,2.31976,3.14109,0.602705,95.9723
T000860,alpha,BN,binder_void,-1.32495,2.31976,3.14109,-1.46774,2.5436,3.46925,0.422486,164.439
T000860,alpha,binder_void,BN,-1.46774,2.5436,3.46925,-1.47431,2.55522,3.48687,0.0221022,3.61408
T000860,alpha,BN,binder_void,-1.47431,2.55522,3.48687,-1.58637,2.74964,3.78913,0.377512,104.365
T000860,alpha,binder_void,BN,-1.58637,2.74964,3.78913,-1.63747,2.85027,3.97039,0.214084,25.245
T000860,alpha,BN,BN,-1.63747,2.85027,3.97039,-1.76396,3.06234,4.37849,0.512387,49.7634
T000860,alpha,BN,BN,-1.76396,3.06234,4.37849,-1.76396,3.06234,4.37849,0,0
T000861,Li7,BN,binder_void,0,0,0,-0.1948,-0.10441,0.0657,0.230609,143.893
T000861,Li7,binder_void,BN,-0.1948,-0.10441,0.0657,-0.4919,-0.25374,0.16656,0.347501,58.9102
T000861,Li7,BN,binder_void,-0.4919,-0.25374,0.16656,-1.019,-0.5172,0.34472,0.616279,332.094
T000861,Li7,binder_void,BN,-1.019,-0.5172,0.34472,-1.6143,-0.78955,0.5099,0.676076,84.9197
T000861,Li7,BN,BN,-1.6143,-0.78955,0.5099,-2.4101,-1.21081,0.65135,0.92501,220.183
T000861,Li7,BN,BN,-2.4101,-1.21081,0.65135,-2.4101,-1.21081,0.65135,0,0
T000862,alpha,BN,binder_void,0,0,0,0.2907,0.15582,-0.098043,0.344106,135.927
T000862,alpha,binder_void,BN,0.2907,0.15582,-0.098043,0.4248,0.22855,-0.144778,0.159555,25.144
T000862,alpha,BN,binder_void,0.4248,0.22855,-0.144778,1.0759,0.58296,-0.371374,0.775238,335.368
T000862,alpha,binder_void,BN,1.0759,0.58296,-0.371374,1.2017,0.65397,-0.416167,0.151277,19.5002
T000862,alpha,BN,binder_void,1.2017,0.65397,-0.416167,1.9504,1.08247,-0.68522,0.903886,403.958
T000862,alpha,binder_void,BN,1.9504,1.08247,-0.68522,2.1345,1.18988,-0.75149,0.223249,34.2276
T000862,alpha,BN,binder_void,2.1345,1.18988,-0.75149,2.6069,1.46555,-0.9203006,0.57277,230.392
T000862,alpha,binder_void,BN,2.6069,1.46555,-0.9203006,2.7686,1.54791,-0.9828781,0.191921,27.7241
T000862,alpha,BN,binder_void,2.7686,1.54791,-0.9828781,3.0881,1.71223,-1.1097665,0.381622,115.428
T000862,alpha,binder_void,BN,3.0881,1.71223,-1.1097665,3.2715,1.81014,-1.202217,0.22769,22.5208
T000862,alpha,BN,BN,3.2715,1.81014,-1.202217,3.90049,2.14472,-1.514252,0.79368,119.81
T000862,alpha,BN,BN,3.90049,2.14472,-1.514252,3.90049,2.14472,-1.514252,0,0
T000863,Li7,BN,binder_void,0,0,0,-0.1531,0.33202,-0.087582,0.376088,231.236
T000863,Li7,binder_void,ZnS,-0.1531,0.33202,-0.087582,-0.1858,0.40362,-0.108219,0.0813535,11.5361
T000863,Li7,ZnS,ZnS,-0.1858,0.40362,-0.108219,-0.7953,1.80617,-0.26709,1.55316,486.257
T000863,Li7,ZnS,ZnS,-0.7953,1.80617,-0.26709,-1.1287,2.64169,-0.700393,1.17927,110.971
T000863,Li7,ZnS,ZnS,-1.1287,2.64169,-0.700393,-1.1287,2.64169,-0.700393,0,0
T000864,alpha,BN,binder_void,0,0,0,0.0859,-0.18635,0.04916,0.211023,85.0305
T000864,alpha,binder_void,BN,0.0859,-0.18635,0.04916,0.371,-0.78147,0.20949,0.679115,102.834
T000864,alpha,BN,binder_void,0.371,-0.78147,0.20949,0.4287,-0.90114,0.2414,0.136622,56.2666
T000864,alpha,binder_void,BN,0.4287,-0.90114,0.2414,0.8238,-1.71415,0.46064,0.930177,143.855
T000864,alpha,BN,binder_void,0.8238,-1.71415,0.46064,1.1079,-2.30529,0.62608,0.676552,253.932
T000864,alpha,binder_void,ZnS,1.1079,-2.30529,0.62608,1.2094,-2.52246,0.68704,0.247332,41.2458
T000864,alpha,ZnS,ZnS,1.2094,-2.52246,0.68704,2.6488,-5.70634,1.53913,3.66568,786.835
T000864,alpha,ZnS,ZnS,2.6488,-5.70634,1.53913,2.6488,-5.70634,1.53913,0,0
T000865,Li7,BN,binder_void,0,0,0,0.042939,-0.01515,0.01933,0.0494709,30.3031
T000865,Li7,binder_void,BN,0.042939,-0.01515,0.01933,1.218465,-0.44012,0.54132,1.35523,235.977
T000865,Li7,BN,binder_void,1.218465,-0.44012,0.54132,2.055835,-0.73327,0.91905,0.96639,503.394
T000865,Li7,binder_void,binder_void,2.055835,-0.73327,0.91905,3.360055,-0.95031,1.28191,1.46277,70.3264
T000865,Li7,binder_void,binder_void,3.360055,-0.95031,1.28191,3.360055,-0.95031,1.28191,0,0
T000866,alpha,BN,binder_void,0,0,0,-0.70151,0.24759,-0.31584,0.808283,301.488
T000866,alpha,binder_void,BN,-0.70151,0.24759,-0.31584,-0.890218,0.31232,-0.4012,0.216998,33.9789
T000866,alpha,BN,binder_void,-0.890218,0.31232,-0.4012,-1.1697,0.40766,-0.52724,0.321093,131.289
T000866,alpha,binder_void,BN,-1.1697,0.40766,-0.52724,-1.233428,0.42916,-0.55631,0.0732715,9.97554
T000866,alpha,BN,binder_void,-1.233428,0.42916,-0.55631,-1.870905,0.64113,-0.84437,0.731105,319.305
T000866,alpha,binder_void,BN,-1.870905,0.64113,-0.84437,-1.903915,0.65244,-0.85942,0.0380043,7.20699
T000866,alpha,BN,binder_void,-1.903915,0.65244,-0.85942,-2.537225,0.871,-1.14975,0.730504,311.429
T000866,alpha,binder_void,ZnS,-2.537225,0.871,-1.14975,-3.700585,1.28843,-1.65985,1.33838,214.662
T000866,alpha,ZnS,ZnS,-3.700585,1.28843,-1.65985,-5.076445,1.2909,-1.99275,1.51127,94.0226
T000866,alpha,ZnS,ZnS,-5.076445,1.2909,-1.99275,-5.506175,0.99147,-2.050444,1.01564,46.6415
T000866,alpha,ZnS,ZnS,-5.506175,0.99147,-2.050444,-5.506175,0.99147,-2.050444,0,0
T000867,Li7,BN,binder_void,0,0,0,0.033038,-0.02902,-0.06787,0.0808739,51.8963
T000867,Li7,binder_void,ZnS,0.033038,-0.02902,-0.06787,0.250369,-0.21929,-0.51703,0.534123,100.309
T000867,Li7,ZnS,ZnS,0.250369,-0.21929,-0.51703,0.748225,-0.92707,-1.82338,1.57935,529.609
T000867,Li7,ZnS,ZnS,0.748225,-0.92707,-1.82338,0.876195,-1.5092,-2.646604,1.27193,158.186
T000867,Li7,ZnS,ZnS,0.876195,-1.5092,-2.646604,0.876195,-1.5092,-2.646604,0,0
T000868,alpha,BN,binder_void,0,0,0,-0.201972,0.17741,0.41491,0.49442,199.751
T000868,alpha,binder_void,BN,-0.201972,0.17741,0.41491,-0.254585,0.22933,0.53211,0.138563,18.5899
T000868,alpha,BN,binder_void,-0.254585,0.22933,0.53211,-0.3331153,0.30671,0.70609,0.20598,88.5665
T000868,alpha,binder_void,ZnS,-0.3331153,0.30671,0.70609,-0.440251,0.41449,0.94489,0.283062,47.2983
T000868,alpha,ZnS,ZnS,-0.440251,0.41449,0.94489,-1.739565,1.722,3.87236,3.48382,1115.79
T000868,alpha,ZnS,ZnS,-1.739565,1.722,3.87236,-1.739565,1.722,3.87236,0,0
T000869,Li7,BN,binder_void,0,0,0,0.021,0.00226,0.06175,0.0652673,40.5823
T000869,Li7,binder_void,ZnS,0.021,0.00226,0.06175,0.041,0.00459,0.11898,0.0606677,11.0697
T000869,Li7,ZnS,ZnS,0.041,0.00459,0.11898,0.4657,-0.09527,1.65449,1.60622,756.907
T000869,Li7,ZnS,ZnS,0.4657,-0.09527,1.65449,0.4994,-0.11587,1.82876,0.643622,31.441
T000869,Li7,ZnS,ZnS,0.4994,-0.11587,1.82876,0.4994,-0.11587,1.82876,0,0
T000870,alpha,BN,binder_void,0,0,0,-0.2056,-0.02213,-0.6039,0.638378,249.755
T000870,alpha,binder_void,BN,-0.2056,-0.02213,-0.6039,-0.3496,-0.03908,-1.03338,0.453328,66.2837
T000870,alpha,BN,binder_void,-0.3496,-0.03908,-1.03338,-0.5929,-0.06728,-1.76069,0.767553,311.366
T000870,alpha,binder_void,BN,-0.5929,-0.06728,-1.76069,-0.7894,-0.09293,-2.353,0.624641,102.982
T000870,alpha,BN,binder_void,-0.7894,-0.09293,-2.353,-1.0155,-0.12016,-3.04895,0.73253,337.195
T000870,alpha,binder_void,BN,-1.0155,-0.12016,-3.04895,-1.1172,-0.13309,-3.37345,0.340364,59.7944
T000870,alpha,BN,BN,-1.1172,-0.13309,-3.37345,-1.3871,-0.16156,-4.24944,0.919217,342.99
T000870,alpha,BN,BN,-1.3871,-0.16156,-4.24944,-1.3871,-0.16156,-4.24944,0,0
T000871,Li7,BN,binder_void,0,0,0,-0.0552,-0.06531,-0.01385,0.0866428,56.1787
T000871,Li7,binder_void,BN,-0.0552,-0.06531,-0.01385,-0.4072,-0.47304,-0.10089,0.54573,93.3378
T000871,Li7,BN,binder_void,-0.4072,-0.47304,-0.10089,-1.0085,-1.1677,-0.2482,0.931807,516.084
T000871,Li7,binder_void,BN,-1.0085,-1.1677,-0.2482,-1.2335,-1.44469,-0.30639,0.362327,36.0167
T000871,Li7,BN,BN,-1.2335,-1.44469,-0.30639,-1.7916,-2.10733,-0.45872,0.917974,138.382
T000871,Li7,BN,BN,-1.7916,-2.10733,-0.45872,-1.7916,-2.10733,-0.45872,0,0
T000872,alpha,BN,binder_void,0,0,0,0.3065,0.36246,0.07688,0.480882,182.258
T000872,alpha,binder_void,BN,0.3065,0.36246,0.07688,0.5601,0.66391,0.14085,0.399101,55.5577
T000872,alpha,BN,binder_void,0.5601,0.66391,0.14085,1.0555,1.258,0.26519,0.783611,348.487
T000872,alpha,binder_void,BN,1.0555,1.258,0.26519,1.3588,1.61389,0.3101,0.469748,81.1974
T000872,alpha,BN,binder_void,1.3588,1.61389,0.3101,1.6605,1.96793,0.35416,0.467333,209.155
T000872,alpha,binder_void,BN,1.6605,1.96793,0.35416,1.8701,2.21389,0.38392,0.324557,63.4049
T000872,alpha,BN,binder_void,1.8701,2.21389,0.38392,2.4385,2.85952,0.45924,0.864266,346.56
T000872,alpha,binder_void,BN,2.4385,2.85952,0.45924,2.5366,2.96282,0.47863,0.143812,18.8399
T000872,alpha,BN,BN,2.5366,2.96282,0.47863,2.9915,3.45002,0.5672,0.677179,164.54
T000872,alpha,BN,BN,2.9915,3.45002,0.5672,2.9915,3.45002,0.5672,0,0
T000873,Li7,BN,binder_void,0,0,0,-0.1102,-0.07836,0.04322,0.141994,83.0637
T000873,Li7,binder_void,BN,-0.1102,-0.07836,0.04322,-1.0901,-0.77636,0.42923,1.2639,226.818
T000873,Li7,BN,binder_void,-1.0901,-0.77636,0.42923,-1.5962,-1.14409,0.63481,0.659094,370.694
T000873,Li7,binder_void,binder_void,-1.5962,-1.14409,0.63481,-3.036,-2.151487,1.04787,1.81157,191.632
T000873,Li7,binder_void,BN,-3.036,-2.151487,1.04787,-3.2524,-2.271351,1.08737,0.250971,19.8705
T000873,Li7,BN,BN,-3.2524,-2.271351,1.08737,-3.9809,-2.671318,1.16955,0.880232,120.922
T000873,Li7,BN,BN,-3.9809,-2.671318,1.16955,-3.9809,-2.671318,1.16955,0,0
T000874,alpha,BN,binder_void,0,0,0,0.3599,0.25579,-0.14109,0.463543,150.023
T000874,alpha,binder_void,BN,0.3599,0.25579,-0.14109,1.4549,1.03644,-0.57185,1.41218,178.316
T000874,alpha,BN,binder_void,1.4549,1.03644,-0.57185,2.1409,1.53134,-0.84263,0.88826,346.102
T000874,alpha,binder_void,ZnS,2.1409,1.53134,-0.84263,2.3683,1.69901,-0.93275,0.296566,43.1187
T000874,alpha,ZnS,binder_void,2.3683,1.69901,-0.93275,4.54678,3.32522,-1.77967,2.86417,1011.99
T000874,alpha,binder_void,BN,4.54678,3.32522,-1.77967,4.65816,3.39651,-1.85199,0.151406,12.2212
T000874,alpha,BN,BN,4.65816,3.39651,-1.85199,4.9156,3.58409,-2.05003,0.421052,34.2297
T000874,alpha,BN,BN,4.9156,3.58409,-2.05003,4.9156,3.58409,-2.05003,0,0
T000875,Li7,BN,binder_void,0,0,0,0.2659,-0.04455,0.23616,0.358533,229.074
T000875,Li7,binder_void,BN,0.2659,-0.04455,0.23616,0.6281,-0.10428,0.55741,0.487947,81.094
T000875,Li7,BN,binder_void,0.6281,-0.10428,0.55741,0.8691,-0.14932,0.76605,0.322104,174.329
T000875,Li7,binder_void,BN,0.8691,-0.14932,0.76605,1.3075,-0.23447,1.16459,0.599115,77.0719
T000875,Li7,BN,binder_void,1.3075,-0.23447,1.16459,1.4141,-0.25541,1.25634,0.142348,56.5354
T000875,Li7,binder_void,BN,1.4141,-0.25541,1.25634,1.5914,-0.29158,1.40725,0.23583,25.0177
T000875,Li7,BN,binder_void,1.5914,-0.29158,1.40725,2.4071,-0.38653,1.80141,0.928498,185.773
T000875,Li7,binder_void,BN,2.4071,-0.38653,1.80141,2.4631,-0.37017,1.90765,0.137879,8.52742
T000875,Li7,BN,binder_void,2.4631,-0.37017,1.90765,2.463,-0.37026,1.91068,0.00337802,0.223455
T000875,Li7,binder_void,BN,2.463,-0.37026,1.91068,2.463,-0.37026,1.91068,0,0
T000875,Li7,BN,BN,2.463,-0.37026,1.91068,2.4645,-0.36721,1.9217,0.0258118,2.1376
T000875,Li7,BN,BN,2.4645,-0.36721,1.9217,2.4651,-0.36786,1.92374,0.0249755,0.21734
T000875,Li7,BN,BN,2.4651,-0.36786,1.92374,2.4651,-0.36786,1.92374,0,0
T000876,alpha,BN,binder_void,0,0,0,-0.1362,0.02282,-0.12098,0.183622,63.6493
T000876,alpha,binder_void,BN,-0.1362,0.02282,-0.12098,-0.3396,0.05662,-0.30258,0.274714,43.8845
T000876,alpha,BN,binder_void,-0.3396,0.05662,-0.30258,-0.981,0.16164,-0.87658,0.867299,350.289
T000876,alpha,binder_void,ZnS,-0.981,0.16164,-0.87658,-1.0843,0.17776,-0.97379,0.142699,25.6628
T000876,alpha,ZnS,binder_void,-1.0843,0.17776,-0.97379,-3.5286,0.55965,-3.278322,3.41143,919.442
T000876,alpha,binder_void,ZnS,-3.5286,0.55965,-3.278322,-3.7855,0.54999,-3.44731,0.309088,17.4166
T000876,alpha,ZnS,ZnS,-3.7855,0.54999,-3.44731,-3.9775,0.57422,-3.547301,0.22756,21.5298
T000876,alpha,ZnS,ZnS,-3.9775,0.57422,-3.547301,-3.9524,0.74618,-3.696699,0.257612,6.64179
T000876,alpha,ZnS,ZnS,-3.9524,0.74618,-3.696699,-3.7632,0.7693,-3.838464,0.283373,2.2836
T000876,alpha,ZnS,ZnS,-3.7632,0.7693,-3.838464,-3.835,0.65626,-3.968617,0.220608,19.2006
T000876,alpha,ZnS,ZnS,-3.835,0.65626,-3.968617,-3.835,0.65626,-3.968617,0,0
T000877,Li7,BN,binder_void,0,0,0,-0.05486,-0.05236,-0.133089,0.153204,99.1262
T000877,Li7,binder_void,ZnS,-0.05486,-0.05236,-0.133089,-0.13152,-0.12908,-0.3248442,0.220317,31.1251
T000877,Li7,ZnS,ZnS,-0.13152,-0.12908,-0.3248442,-0.47398,-0.71581,-1.744245,1.58538,709.749
T000877,Li7,ZnS,ZnS,-0.47398,-0.71581,-1.744245,-0.47398,-0.71581,-1.744245,0,0
T000878,alpha,BN,binder_void,0,0,0,0.24124,0.23026,0.585193,0.673609,258.404
T000878,alpha,binder_void,BN,0.24124,0.23026,0.585193,0.77675,0.74945,1.864175,1.48074,230.958
T000878,alpha,BN,binder_void,0.77675,0.74945,1.864175,1.02385,1.00576,2.490435,0.720554,315.393
T000878,alpha,binder_void,BN,1.02385,1.00576,2.490435,1.07435,1.05461,2.619475,0.146927,26.8669
T000878,alpha,BN,binder_void,1.07435,1.05461,2.619475,1.23175,1.1897,3.022585,0.453476,203.855
T000878,alpha,binder_void,BN,1.23175,1.1897,3.022585,1.37555,1.3092,3.392845,0.414851,72.1875
T000878,alpha,BN,binder_void,1.37555,1.3092,3.392845,1.60175,1.48786,3.965105,0.641615,214.344
T000878,alpha,binder_void,ZnS,1.60175,1.48786,3.965105,1.66405,1.54146,4.121055,0.176393,24.5001
T000878,alpha,ZnS,ZnS,1.66405,1.54146,4.121055,1.74725,1.65706,5.071155,1.00563,123.492
T000878,alpha,ZnS,ZnS,1.74725,1.65706,5.071155,1.74725,1.65706,5.071155,0,0
T000879,Li7,BN,binder_void,0,0,0,-0.38271,0.38284,0.358662,0.649762,369.247
T000879,Li7,binder_void,binder_void,-0.38271,0.38284,0.358662,-1.51631,1.51263,1.318095,1.86967,248.135
T000879,Li7,binder_void,BN,-1.51631,1.51263,1.318095,-1.52755,1.52192,1.329005,0.018217,1.92539
T000879,Li7,BN,binder_void,-1.52755,1.52192,1.329005,-1.79017,1.73894,1.585075,0.428294,154.072
T000879,Li7,binder_void,BN,-1.79017,1.73894,1.585075,-1.92427,1.87079,1.674655,0.209808,14.6852
T000879,Li7,BN,BN,-1.92427,1.87079,1.674655,-2.12295,2.04567,1.810425,0.315495,51.9357
T000879,Li7,BN,BN,-2.12295,2.04567,1.810425,-2.12295,2.04567,1.810425,0,0
T000880,alpha,BN,binder_void,0,0,0,0.09364,-0.09367,-0.08776,0.158894,62.1553
T000880,alpha,binder_void,BN,0.09364,-0.09367,-0.08776,0.27058,-0.26906,-0.252512,0.298686,38.1671
T000880,alpha,BN,binder_void,0.27058,-0.26906,-0.252512,0.62095,-0.61873,-0.57784,0.592385,225.904
T000880,alpha,binder_void,BN,0.62095,-0.61873,-0.57784,0.73545,-0.73301,-0.687053,0.195188,28.6771
T000880,alpha,BN,binder_void,0.73545,-0.73301,-0.687053,1.10505,-1.10134,-1.040228,0.630209,254.728
T000880,alpha,binder_void,BN,1.10505,-1.10134,-1.040228,1.24815,-1.32078,-1.18402,0.298825,57.8837
T000880,alpha,BN,binder_void,1.24815,-1.32078,-1.18402,1.58845,-1.83884,-1.529305,0.709766,325.502
T000880,alpha,binder_void,BN,1.58845,-1.83884,-1.529305,1.61495,-1.88333,-1.558875,0.0596324,9.74586
T000880,alpha,BN,binder_void,1.61495,-1.88333,-1.558875,1.94235,-2.43436,-1.927015,0.739847,305.928
T000880,alpha,binder_void,BN,1.94235,-2.43436,-1.927015,2.27765,-3.000157,-2.307675,0.7617,97.3555
T000880,alpha,BN,BN,2.27765,-3.000157,-2.307675,2.46445,-3.424667,-2.579545,0.562532,63.9537
T000880,alpha,BN,BN,2.46445,-3.424667,-2.579545,2.46445,-3.424667,-2.579545,0,0
T000881,Li7,BN,binder_void,0,0,0,-0.02218,0.09219,0.07015,0.117964,77.7687
T000881,Li7,binder_void,BN,-0.02218,0.09219,0.07015,-0.10591,0.44138,0.33551,0.446567,77.975
T000881,Li7,BN,binder_void,-0.10591,0.44138,0.33551,-0.2639,1.11482,0.86114,0.869941,444.756
T000881,Li7,binder_void,BN,-0.2639,1.11482,0.86114,-0.27044,1.18948,0.90748,0.0881351,12.0296
T000881,Li7,BN,BN,-0.27044,1.18948,0.90748,-0.33392,1.82039,1.29315,0.749391,227.471
T000881,Li7,BN,BN,-0.33392,1.82039,1.29315,-0.33392,1.82039,1.29315,0,0
T000882,alpha,BN,binder_void,0,0,0,0.13701,-0.56958,-0.43344,0.728814,278.57
T000882,alpha,binder_void,ZnS,0.13701,-0.56958,-0.43344,0.23142,-0.9369,-0.713,0.471175,74.9388
T000882,alpha,ZnS,ZnS,0.23142,-0.9369,-0.713,0.966961,-3.77231,-2.84969,3.65331,1116.49
T000882,alpha,ZnS,ZnS,0.966961,-3.77231,-2.84969,0.966961,-3.77231,-2.84969,0,0
T000883,Li7,BN,binder_void,0,0,0,-0.14882,-0.01779,-0.0385,0.154759,96.3025
T000883,Li7,binder_void,BN,-0.14882,-0.01779,-0.0385,-0.38559,-0.04224,-0.09929,0.245697,44.1141
T000883,Li7,BN,binder_void,-0.38559,-0.04224,-0.09929,-1.03188,-0.10838,-0.27141,0.672704,398.512
T000883,Li7,binder_void,ZnS,-1.03188,-0.10838,-0.27141,-1.37166,-0.11475,-0.37014,0.35414,42.7246
T000883,Li7,ZnS,ZnS,-1.37166,-0.11475,-0.37014,-2.56695,-0.34752,-0.80404,1.39964,258.347
T000883,Li7,ZnS,ZnS,-2.56695,-0.34752,-0.80404,-2.56695,-0.34752,-0.80404,0,0
T000884,alpha,BN,binder_void,0,0,0,0.534221,0.06386,0.1382,0.555536,210.988
T000884,alpha,binder_void,BN,0.534221,0.06386,0.1382,1.113224,0.12527,0.30549,0.605829,90.908
T000884,alpha,BN,binder_void,1.113224,0.12527,0.30549,1.670757,0.18841,0.46451,0.583269,254.45
T000884,alpha,binder_void,BN,1.670757,0.18841,0.46451,2.092602,0.23045,0.582,0.439936,63.717
T000884,alpha,BN,binder_void,2.092602,0.23045,0.582,2.51926,0.27446,0.70194,0.44545,198.067
T000884,alpha,binder_void,BN,2.51926,0.27446,0.70194,2.89633,0.29801,0.80549,0.391772,71.7145
T000884,alpha,BN,binder_void,2.89633,0.29801,0.80549,3.53511,0.33542,0.98492,0.664919,290.788
T000884,alpha,binder_void,BN,3.53511,0.33542,0.98492,3.61874,0.34133,1.00413,0.0860114,14.0352
T000884,alpha,BN,binder_void,3.61874,0.34133,1.00413,4.36495,0.39079,1.17367,0.769043,183.806
T000884,alpha,binder_void,BN,4.36495,0.39079,1.17367,4.40017,0.39007,1.17967,0.0357453,2.1042
T000884,alpha,BN,BN,4.40017,0.39007,1.17967,5.06562,0.38571,1.29133,0.697415,89.4227
T000884,alpha,BN,BN,5.06562,0.38571,1.29133,5.06562,0.38571,1.29133,0,0
T000885,Li7,BN,binder_void,0,0,0,0.0491,-0.130175,-0.07392,0.157573,105.24
T000885,Li7,binder_void,BN,0.0491,-0.130175,-0.07392,0.0587,-0.155497,-0.08862,0.0308062,4.36762
T000885,Li7,BN,binder_void,0.0587,-0.155497,-0.08862,0.3304,-0.877649,-0.5066,0.878553,416.758
T000885,Li7,binder_void,BN,0.3304,-0.877649,-0.5066,0.4412,-1.1328522,-0.64894,0.312703,42.4895
T000885,Li7,BN,binder_void,0.4412,-1.1328522,-0.64894,0.5744,-1.403597,-0.80951,0.342668,137.503
T000885,Li7,binder_void,BN,0.5744,-1.403597,-0.80951,0.997,-2.057451,-1.23326,0.894498,62.5453
T000885,Li7,BN,BN,0.997,-2.057451,-1.23326,1.31007,-2.55217,-1.40535,0.679401,71.0971
T000885,Li7,BN,BN,1.31007,-2.55217,-1.40535,1.31007,-2.55217,-1.40535,0,0
T000886,alpha,BN,binder_void,0,0,0,-0.2439,0.64622,0.36696,0.782232,288.559
T000886,alpha,binder_void,BN,-0.2439,0.64622,0.36696,-0.2816,0.74433,0.42227,0.118777,14.3416
T000886,alpha,BN,binder_void,-0.2816,0.74433,0.42227,-0.4141,1.08831,0.61678,0.416798,165.145
T000886,alpha,binder_void,BN,-0.4141,1.08831,0.61678,-0.4216,1.10783,0.62749,0.0235249,2.20243
T000886,alpha,BN,binder_void,-0.4216,1.10783,0.62749,-0.5294,1.38559,0.77983,0.334663,146.423
T000886,alpha,binder_void,ZnS,-0.5294,1.38559,0.77983,-0.6842,1.78898,1.00385,0.486719,87.9869
T000886,alpha,ZnS,ZnS,-0.6842,1.78898,1.00385,-1.8117,4.70906,2.65031,3.60714,765.342
T000886,alpha,ZnS,ZnS,-1.8117,4.70906,2.65031,-1.8117,4.70906,2.65031,0,0
T000887,Li7,BN,binder_void,0,0,0,0.111,0.43968,-0.31266,0.551106,357.18
T000887,Li7,binder_void,binder_void,0.111,0.43968,-0.31266,0.5979,1.92987,-1.33664,1.87412,238.176
T000887,Li7,binder_void,BN,0.5979,1.92987,-1.33664,0.699,2.2562,-1.55241,0.404554,39.3824
T000887,Li7,BN,binder_void,0.699,2.2562,-1.55241,0.8863,2.76777,-1.88875,0.646428,199.566
T000887,Li7,binder_void,binder_void,0.8863,2.76777,-1.88875,0.8877,2.85942,-1.90296,0.107791,3.01657
T000887,Li7,binder_void,binder_void,0.8877,2.85942,-1.90296,0.8816,2.87746,-1.84537,0.11459,3.04892
T000887,Li7,binder_void,binder_void,0.8816,2.87746,-1.84537,0.8816,2.87746,-1.84537,0,0
T000888,alpha,BN,binder_void,0,0,0,-0.0451,-0.178582,0.12699,0.223725,87.2345
T000888,alpha,binder_void,BN,-0.0451,-0.178582,0.12699,-0.0872,-0.343566,0.24387,0.206541,29.708
T000888,alpha,BN,binder_void,-0.0872,-0.343566,0.24387,-0.277,-1.080096,0.76345,0.921243,372.494
T000888,alpha,binder_void,ZnS,-0.277,-1.080096,0.76345,-0.435,-1.746169,1.22149,0.823742,127.789
T000888,alpha,ZnS,binder_void,-0.435,-1.746169,1.22149,-0.7494,-3.01181,2.08921,1.57296,608.455
T000888,alpha,binder_void,BN,-0.7494,-3.01181,2.08921,-0.7764,-3.23311,2.28365,0.295935,43.1321
T000888,alpha,BN,binder_void,-0.7764,-3.23311,2.28365,-0.8567,-3.79743,2.80286,0.775413,144.733
T000888,alpha,binder_void,BN,-0.8567,-3.79743,2.80286,-0.8855,-4.08626,3.0322,0.372968,20.2329
T000888,alpha,BN,BN,-0.8855,-4.08626,3.0322,-0.8886,-4.39593,3.26835,0.43373,36.2218
T000888,alpha,BN,BN,-0.8886,-4.39593,3.26835,-0.8886,-4.39593,3.26835,0,0
T000889,Li7,BN,binder_void,0,0,0,0.03041,0.0211,-0.010703,0.0385284,25.4513
T000889,Li7,binder_void,BN,0.03041,0.0211,-0.010703,0.52026,0.3583,-0.181966,0.618973,109.851
T000889,Li7,BN,binder_void,0.52026,0.3583,-0.181966,0.99428,0.6863,-0.348026,0.600357,336.076
T000889,Li7,binder_void,BN,0.99428,0.6863,-0.348026,2.32518,1.7228,-0.812236,1.75466,181.889
T000889,Li7,BN,binder_void,2.32518,1.7228,-0.812236,2.67291,2.0586,-0.845596,0.488528,128.057
T000889,Li7,binder_void,binder_void,2.67291,2.0586,-0.845596,3.47507,3.0638,-0.862666,1.39897,58.6748
T000889,Li7,binder_void,binder_void,3.47507,3.0638,-0.862666,3.47507,3.0638,-0.862666,0,0
T000890,alpha,BN,binder_void,0,0,0,-0.05622,-0.039,0.019791,0.0712439,23.5909
T000890,alpha,binder_void,BN,-0.05622,-0.039,0.019791,-0.51873,-0.358,0.180075,0.584269,97.3404
T000890,alpha,BN,binder_void,-0.51873,-0.358,0.180075,-0.64862,-0.4471,0.225276,0.163883,59.2674
T000890,alpha,binder_void,BN,-0.64862,-0.4471,0.225276,-0.83738,-0.5769,0.289769,0.23802,34.5033
T000890,alpha,BN,binder_void,-0.83738,-0.5769,0.289769,-1.391169,-0.9589,0.475653,0.69805,286.779
T000890,alpha,binder_void,ZnS,-1.391169,-0.9589,0.475653,-2.383686,-1.6244,0.8093254,1.24083,199.881
T000890,alpha,ZnS,ZnS,-2.383686,-1.6244,0.8093254,-4.3901,-2.9696,1.48975,2.53376,768.638
T000890,alpha,ZnS,ZnS,-4.3901,-2.9696,1.48975,-4.3901,-2.9696,1.48975,0,0
T000891,Li7,BN,binder_void,0,0,0,-0.00753,-0.0007,-0.01105,0.0133914,7.87549
T000891,Li7,binder_void,BN,-0.00753,-0.0007,-0.01105,-0.15121,-0.0146,-0.222616,0.256139,47.9067
T000891,Li7,BN,binder_void,-0.15121,-0.0146,-0.222616,-0.38169,-0.0401,-0.570546,0.418303,265.601
T000891,Li7,binder_void,BN,-0.38169,-0.0401,-0.570546,-0.63707,-0.0688,-0.941436,0.451374,64.4046
T000891,Li7,BN,binder_void,-0.63707,-0.0688,-0.941436,-0.78213,-0.0888,-1.146946,0.252517,130.393
T000891,Li7,binder_void,binder_void,-0.78213,-0.0888,-1.146946,-1.845506,-0.2011,-2.595356,1.80731,164.172
T000891,Li7,binder_void,BN,-1.845506,-0.2011,-2.595356,-2.1128785,-0.2431,-2.895006,0.404867,38.401
T000891,Li7,BN,binder_void,-2.1128785,-0.2431,-2.895006,-2.1128785,-0.2431,-2.895006,0,0
T000891,Li7,binder_void,BN,-2.1128785,-0.2431,-2.895006,-1.676281,-0.6327,-2.100166,0.99942,67.15
T000891,Li7,BN,BN,-1.676281,-0.6327,-2.100166,-1.567378,-0.7764,-1.627086,0.586757,54.0958
T000891,Li7,BN,BN,-1.567378,-0.7764,-1.627086,-1.567378,-0.7764,-1.627086,0,0
T000892,alpha,BN,binder_void,0,0,0,0.11524,0.0112,0.169134,0.204975,74.2561
T000892,alpha,binder_void,BN,0.11524,0.0112,0.169134,0.19822,0.02,0.290521,0.147304,15.9235
T000892,alpha,BN,binder_void,0.19822,0.02,0.290521,0.66879,0.0707,0.978282,0.834983,341.03
T000892,alpha,binder_void,ZnS,0.66879,0.0707,0.978282,1.25851,0.1456,1.819561,1.03021,175.883
T000892,alpha,ZnS,binder_void,1.25851,0.1456,1.819561,1.79756,0.2054,2.592364,0.946299,341.845
T000892,alpha,binder_void,BN,1.79756,0.2054,2.592364,2.44648,0.3638,3.543424,1.16265,204.362
T000892,alpha,BN,binder_void,2.44648,0.3638,3.543424,2.67887,0.4211,3.908624,0.437129,146.782
T000892,alpha,binder_void,BN,2.67887,0.4211,3.908624,2.96198,0.4756,4.364774,0.540411,59.04
T000892,alpha,BN,binder_void,2.96198,0.4756,4.364774,3.139,0.5264,4.654754,0.345796,60.6205
T000892,alpha,binder_void,BN,3.139,0.5264,4.654754,3.35805,0.583,4.888694,0.328351,15.9693
T000892,alpha,BN,BN,3.35805,0.583,4.888694,3.62678,0.6435,5.143904,0.42143,34.2884
T000892,alpha,BN,BN,3.62678,0.6435,5.143904,3.62678,0.6435,5.143904,0,0
T000893,Li7,BN,binder_void,0,0,0,0.1467,0.11565,0.202402,0.275491,168.42
T000893,Li7,binder_void,BN,0.1467,0.11565,0.202402,0.27,0.21918,0.377298,0.237737,34.9283
T000893,Li7,BN,binder_void,0.27,0.21918,0.377298,0.7888,0.65841,1.108061,0.999927,485.029
T000893,Li7,binder_void,BN,0.7888,0.65841,1.108061,0.9683,0.78444,1.299951,0.29204,29.5146
T000893,Li7,BN,binder_void,0.9683,0.78444,1.299951,1.1141,0.90547,1.469161,0.256239,68.5123
T000893,Li7,binder_void,BN,1.1141,0.90547,1.469161,1.3696,1.0696,1.808091,0.466849,25.7486
T000893,Li7,BN,BN,1.3696,1.0696,1.808091,1.5379,1.12198,1.878391,0.199453,27.8469
T000893,Li7,BN,BN,1.5379,1.12198,1.878391,1.5379,1.12198,1.878391,0,0
T000894,alpha,BN,binder_void,0,0,0,-0.0037,-0.00294,-0.005151,0.00700922,3.03961
T000894,alpha,binder_void,ZnS,-0.0037,-0.00294,-0.005151,-0.1555,-0.12262,-0.2144785,0.284902,40.6344
T000894,alpha,ZnS,binder_void,-0.1555,-0.12262,-0.2144785,-2.1516,-1.71421,-2.987629,3.78694,1258.6
T000894,alpha,binder_void,BN,-2.1516,-1.71421,-2.987629,-2.1623,-1.7177,-2.998529,0.0157217,1.79503
T000894,alpha,BN,binder_void,-2.1623,-1.7177,-2.998529,-2.6178,-1.8648,-3.468509,0.675485,150.381
T000894,alpha,binder_void,BN,-2.6178,-1.8648,-3.468509,-2.764,-1.91551,-3.711679,0.311935,1.56998
T000894,alpha,BN,BN,-2.764,-1.91551,-3.711679,-2.7042,-1.99317,-3.787879,0.139517,4.99919
T000894,alpha,BN,binder_void,-2.7042,-1.99317,-3.787879,-2.7014,-1.98014,-3.798679,0.0176845,0.933685
T000894,alpha,binder_void,binder_void,-2.7014,-1.98014,-3.798679,-2.7407,-1.91581,-3.935659,0.165393,8.05073
T000894,alpha,binder_void,binder_void,-2.7407,-1.91581,-3.935659,-2.7407,-1.91581,-3.935659,0,0
T000895,Li7,BN,binder_void,0,0,0,0.6835,-0.57959,-0.0616497,0.899145,499.272
T000895,Li7,binder_void,ZnS,0.6835,-0.57959,-0.0616497,0.771,-0.64795,-0.0711083,0.111411,13.9138
T000895,Li7,ZnS,ZnS,0.771,-0.64795,-0.0711083,2.0415,-1.20192,-0.294238,1.44546,281.154
T000895,Li7,ZnS,ZnS,2.0415,-1.20192,-0.294238,2.3136,-1.09751,-0.314529,0.775624,45.6601
T000895,Li7,ZnS,ZnS,2.3136,-1.09751,-0.314529,2.3136,-1.09751,-0.314529,0,0
T000896,alpha,BN,binder_void,0,0,0,-0.0016,0.00139,0.000147,0.00214906,0.619371
T000896,alpha,binder_void,ZnS,-0.0016,0.00139,0.000147,-0.352,0.29854,0.031911,0.460484,63.6211
T000896,alpha,ZnS,binder_void,-0.352,0.29854,0.031911,-1.9594,1.64777,0.181129,2.10872,760.318
T000896,alpha,binder_void,BN,-1.9594,1.64777,0.181129,-2.7835,2.34468,0.202275,1.07966,204.272
T000896,alpha,BN,binder_void,-2.7835,2.34468,0.202275,-3.2707,2.75838,0.194407,0.639803,230.865
T000896,alpha,binder_void,BN,-3.2707,2.75838,0.194407,-3.4434,2.91408,0.184625,0.232805,30.8724
T000896,alpha,BN,BN,-3.4434,2.91408,0.184625,-3.9763,3.39708,0.152938,0.724707,179.432
T000896,alpha,BN,BN,-3.9763,3.39708,0.152938,-3.9763,3.39708,0.152938,0,0
T000897,Li7,BN,binder_void,0,0,0,0.3574,0.13212,-0.28252,0.474568,295.806
T000897,Li7,binder_void,BN,0.3574,0.13212,-0.28252,1.3894,0.62208,-1.08926,1.39997,205.12
T000897,Li7,BN,binder_void,1.3894,0.62208,-1.08926,1.9542,0.87538,-1.54549,0.772482,295.748
T000897,Li7,binder_void,BN,1.9542,0.87538,-1.54549,2.3761,1.09418,-1.95834,0.66763,39.9397
T000897,Li7,BN,binder_void,2.3761,1.09418,-1.95834,2.3761,1.09418,-1.95834,0,0
T000897,Li7,binder_void,binder_void,2.3761,1.09418,-1.95834,2.3994,1.08118,-1.99551,0.0756609,2.5528
T000897,Li7,binder_void,binder_void,2.3994,1.08118,-1.99551,2.4018,1.07798,-1.98848,0.0961812,0.833776
T000897,Li7,binder_void,binder_void,2.4018,1.07798,-1.98848,2.4018,1.07798,-1.98848,0,0
T000898,alpha,BN,binder_void,0,0,0,-0.1923,-0.07106,0.15198,0.25518,89.6872
T000898,alpha,binder_void,BN,-0.1923,-0.07106,0.15198,-0.537,-0.19736,0.42698,0.458685,65.133
T000898,alpha,BN,binder_void,-0.537,-0.19736,0.42698,-0.6076,-0.22322,0.48361,0.0941626,40.9685
T000898,alpha,binder_void,ZnS,-0.6076,-0.22322,0.48361,-1.6986,-0.62194,1.35403,1.45165,223.889
T000898,alpha,ZnS,ZnS,-1.6986,-0.62194,1.35403,-4.9309,-1.81785,3.978662,4.39124,1050.32
T000898,alpha,ZnS,ZnS,-4.9309,-1.81785,3.978662,-4.9309,-1.81785,3.978662,0,0
T000899,Li7,BN,binder_void,0,0,0,0.0161,-0.06978,-0.18301,0.19656,124.253
T000899,Li7,binder_void,BN,0.0161,-0.06978,-0.18301,0.0191,-0.08133,-0.21319,0.032455,5.45028
T000899,Li7,BN,binder_void,0.0191,-0.08133,-0.21319,0.0719,-0.28607,-0.74379,0.571599,346.607
T000899,Li7,binder_void,BN,0.0719,-0.28607,-0.74379,0.1408,-0.4737,-1.23993,0.535289,70.2874
T000899,Li7,BN,binder_void,0.1408,-0.4737,-1.23993,0.1616,-0.52361,-1.37655,0.147071,62.3919
T000899,Li7,binder_void,BN,0.1616,-0.52361,-1.37655,0.1875,-0.58454,-1.54475,0.180869,23.2659
T000899,Li7,BN,binder_void,0.1875,-0.58454,-1.54475,0.2752,-0.78643,-2.0597,0.564422,152.372
T000899,Li7,binder_void,BN,0.2752,-0.78643,-2.0597,0.2915,-0.8467,-2.15625,0.115607,5.56774
T000899,Li7,BN,BN,0.2915,-0.8467,-2.15625,0.336,-1.1196,-2.54844,0.568644,49.8051
T000899,Li7,BN,BN,0.336,-1.1196,-2.54844,0.336,-1.1196,-2.54844,0,0
T000900,alpha,BN,binder_void,0,0,0,-0.0504,0.21872,0.57356,0.615966,237.23
T000900,alpha,binder_void,BN,-0.0504,0.21872,0.57356,-0.0516,0.22304,0.58479,0.0120843,1.56373
T000900,alpha,BN,binder_void,-0.0516,0.22304,0.58479,-0.1369,0.53068,1.38422,0.860963,349.775
T000900,alpha,binder_void,BN,-0.1369,0.53068,1.38422,-0.1623,0.63308,1.64071,0.277367,43.0229
T000900,alpha,BN,binder_void,-0.1623,0.63308,1.64071,-0.2132,0.83498,2.14637,0.546976,253.045
T000900,alpha,binder_void,BN,-0.2132,0.83498,2.14637,-0.3575,1.42298,3.62938,1.60253,282.004
T000900,alpha,BN,binder_void,-0.3575,1.42298,3.62938,-0.3937,1.67388,4.348758,0.764531,250.554
T000900,alpha,binder_void,ZnS,-0.3937,1.67388,4.348758,-0.3919,1.74818,4.514078,0.182038,10.3654
T000900,alpha,ZnS,ZnS,-0.3919,1.74818,4.514078,-0.4301,1.79918,4.694385,0.201072,21.3313
T000900,alpha,ZnS,ZnS,-0.4301,1.79918,4.694385,-0.487,1.81088,4.822857,0.202806,11.2159
T000900,alpha,ZnS,ZnS,-0.487,1.81088,4.822857,-0.4628,1.86058,4.908939,0.175465,9.89264
T000900,alpha,ZnS,ZnS,-0.4628,1.86058,4.908939,-0.4628,1.86058,4.908939,0,0
T000901,Li7,BN,binder_void,0,0,0,-0.1496,-0.557,0.2152,0.615937,363.471
T000901,Li7,binder_void,BN,-0.1496,-0.557,0.2152,-0.2862,-1.04385,0.39799,0.537926,70.2918
T000901,Li7,BN,binder_void,-0.2862,-1.04385,0.39799,-0.411,-1.50876,0.56819,0.511539,243.147
T000901,Li7,binder_void,BN,-0.411,-1.50876,0.56819,-0.5684,-2.24579,0.75362,0.780241,65.8178
T000901,Li7,BN,binder_void,-0.5684,-2.24579,0.75362,-0.6102,-2.49002,0.81567,0.258909,56.527
T000901,Li7,binder_void,BN,-0.6102,-2.49002,0.81567,-0.6084,-2.60516,0.87234,0.129769,5.88307
T000901,Li7,BN,BN,-0.6084,-2.60516,0.87234,-0.6818,-2.89322,0.93281,0.321532,37.5902
T000901,Li7,BN,BN,-0.6818,-2.89322,0.93281,-0.6818,-2.89322,0.93281,0,0
T000902,alpha,BN,binder_void,0,0,0,0.0495,0.18442,-0.07126,0.203822,70.931
T000902,alpha,binder_void,BN,0.0495,0.18442,-0.07126,0.1023,0.37899,-0.14689,0.21531,32.6652
T000902,alpha,BN,binder_void,0.1023,0.37899,-0.14689,0.152,0.56305,-0.22184,0.204866,83.8295
T000902,alpha,binder_void,ZnS,0.152,0.56305,-0.22184,0.2444,0.9144,-0.36522,0.390588,51.6592
T000902,alpha,ZnS,binder_void,0.2444,0.9144,-0.36522,0.742,2.82854,-1.15229,2.13496,835.036
T000902,alpha,binder_void,ZnS,0.742,2.82854,-1.15229,0.7656,3.19354,-1.31475,0.400274,60.28
T000902,alpha,ZnS,ZnS,0.7656,3.19354,-1.31475,0.9017,5.24184,-2.23214,2.38125,335.599
T000902,alpha,ZnS,ZnS,0.9017,5.24184,-2.23214,0.9017,5.24184,-2.23214,0,0
T000903,Li7,BN,binder_void,0,0,0,0.1526,-0.04766,0.11374,0.196195,128.427
T000903,Li7,binder_void,BN,0.1526,-0.04766,0.11374,0.4434,-0.15269,0.3342,0.379848,61.8424
T000903,Li7,BN,binder_void,0.4434,-0.15269,0.3342,0.614,-0.21682,0.46844,0.22642,141.551
T000903,Li7,binder_void,ZnS,0.614,-0.21682,0.46844,0.838,-0.3018,0.64562,0.298051,43.1917
T000903,Li7,ZnS,ZnS,0.838,-0.3018,0.64562,2.0514,-0.85802,1.296918,1.50876,359.889
T000903,Li7,ZnS,ZnS,2.0514,-0.85802,1.296918,2.7383,-0.46313,1.886817,1.15496,105.099
T000903,Li7,ZnS,ZnS,2.7383,-0.46313,1.886817,2.7383,-0.46313,1.886817,0,0
T000904,alpha,BN,binder_void,0,0,0,-0.4974,0.15538,-0.37088,0.639654,230.47
T000904,alpha,binder_void,ZnS,-0.4974,0.15538,-0.37088,-0.5396,0.1687,-0.40235,0.0542934,8.5917
T000904,alpha,ZnS,binder_void,-0.5396,0.1687,-0.40235,-3.51266,1.10428,-2.6141,3.84719,960.257
T000904,alpha,binder_void,BN,-3.51266,1.10428,-2.6141,-3.54,1.10703,-2.64282,0.0397528,5.78108
T000904,alpha,BN,binder_void,-3.54,1.10703,-2.64282,-3.90629,1.14265,-3.02993,0.535176,211.257
T000904,alpha,binder_void,BN,-3.90629,1.14265,-3.02993,-3.98461,1.15095,-3.10833,0.111406,9.77369
T000904,alpha,BN,BN,-3.98461,1.15095,-3.10833,-4.28927,1.20472,-3.42235,0.479584,43.8698
T000904,alpha,BN,BN,-4.28927,1.20472,-3.42235,-4.28927,1.20472,-3.42235,0,0
T000905,Li7,BN,binder_void,0,0,0,0.02174,0.0055,0.035554,0.0420324,23.2997
T000905,Li7,binder_void,BN,0.02174,0.0055,0.035554,0.21325,0.0527,0.3458562,0.367727,60.7366
T000905,Li7,BN,binder_void,0.21325,0.0527,0.3458562,0.61054,0.1514,1.00202,0.774122,430.269
T000905,Li7,binder_void,binder_void,0.61054,0.1514,1.00202,1.64471,0.4704,2.446583,1.80825,189.709
T000905,Li7,binder_void,BN,1.64471,0.4704,2.446583,1.77804,0.5443,2.589163,0.209112,18.1505
T000905,Li7,BN,BN,1.77804,0.5443,2.589163,2.16028,0.74326,3.067863,0.664138,117.835
T000905,Li7,BN,BN,2.16028,0.74326,3.067863,2.16028,0.74326,3.067863,0,0
T000906,alpha,BN,binder_void,0,0,0,-0.16826,-0.0423,-0.275161,0.325303,115.186
T000906,alpha,binder_void,ZnS,-0.16826,-0.0423,-0.275161,-0.25898,-0.0659,-0.423151,0.175186,29.9271
T000906,alpha,ZnS,ZnS,-0.25898,-0.0659,-0.423151,-2.63653,-0.681,-4.290867,4.61699,1324.89
T000906,alpha,ZnS,ZnS,-2.63653,-0.681,-4.290867,-2.63653,-0.681,-4.290867,0,0
T000907,Li7,BN,binder_void,0,0,0,-0.56661,0.4588,-0.331668,0.801632,463.66
T000907,Li7,binder_void,BN,-0.56661,0.4588,-0.331668,-0.80147,0.635,-0.453039,0.317798,43.3249
T000907,Li7,BN,binder_void,-0.80147,0.635,-0.453039,-1.15307,0.87834,-0.625687,0.462277,198.724
T000907,Li7,binder_void,BN,-1.15307,0.87834,-0.625687,-2.26643,1.46522,-1.152937,1.3858,84.9295
T000907,Li7,BN,BN,-2.26643,1.46522,-1.152937,-2.60573,1.74068,-1.343487,0.566104,49.3612
T000907,Li7,BN,BN,-2.60573,1.74068,-1.343487,-2.60573,1.74068,-1.343487,0,0
T000908,alpha,BN,binder_void,0,0,0,0.01207,-0.0098,0.007068,0.0170692,5.17016
T000908,alpha,binder_void,BN,0.01207,-0.0098,0.007068,0.01931,-0.0156,0.011299,0.0102172,1.71934
T000908,alpha,BN,binder_void,0.01931,-0.0156,0.011299,0.60696,-0.4904,0.3551121,0.830116,303.52
T000908,alpha,binder_void,ZnS,0.60696,-0.4904,0.3551121,1.35476,-1.1146,0.805054,1.07308,180.095
T000908,alpha,ZnS,binder_void,1.35476,-1.1146,0.805054,3.56744,-2.9678,2.152043,3.21134,761.146
T000908,alpha,binder_void,ZnS,3.56744,-2.9678,2.152043,3.63468,-3.1008,2.204873,0.158139,19.9409
T000908,alpha,ZnS,ZnS,3.63468,-3.1008,2.204873,4.35746,-4.5023,2.784343,1.88821,198.408
T000908,alpha,ZnS,ZnS,4.35746,-4.5023,2.784343,4.35746,-4.5023,2.784343,0,0
T000909,Li7,BN,binder_void,0,0,0,0.331,0.5126,-0.215993,0.647594,423.082
T000909,Li7,binder_void,BN,0.331,0.5126,-0.215993,0.3778,0.6014,-0.25548,0.107852,16.3309
T000909,Li7,BN,binder_void,0.3778,0.6014,-0.25548,0.6819,1.18604,-0.516794,0.709939,372.855
T000909,Li7,binder_void,BN,0.6819,1.18604,-0.516794,0.9394,1.67583,-0.765924,0.60851,54.893
T000909,Li7,BN,binder_void,0.9394,1.67583,-0.765924,1.2403,2.17744,-1.059814,0.667805,130.273
T000909,Li7,binder_void,binder_void,1.2403,2.17744,-1.059814,1.2549,2.33427,-1.163184,0.197079,8.64705
T000909,Li7,binder_void,binder_void,1.2549,2.33427,-1.163184,1.2657,2.40751,-1.338584,0.226487,8.17331
T000909,Li7,binder_void,binder_void,1.2657,2.40751,-1.338584,1.2657,2.40751,-1.338584,0,0
T000910,alpha,BN,binder_void,0,0,0,-0.1517,-0.235,0.099024,0.296777,105.157
T000910,alpha,binder_void,BN,-0.1517,-0.235,0.099024,-0.162,-0.2504,0.105444,0.0195527,2.28189
T000910,alpha,BN,binder_void,-0.162,-0.2504,0.105444,-0.6821,-1.034,0.432052,0.995704,368.609
T000910,alpha,binder_void,BN,-0.6821,-1.034,0.432052,-0.7271,-1.1029,0.461003,0.087232,13.2392
T000910,alpha,BN,binder_void,-0.7271,-1.1029,0.461003,-1.1165,-1.6991,0.710302,0.754598,313.988
T000910,alpha,binder_void,BN,-1.1165,-1.6991,0.710302,-1.5523,-2.3573,1.00216,0.841706,142.265
T000910,alpha,BN,binder_void,-1.5523,-2.3573,1.00216,-1.7941,-2.7283,1.171265,0.474071,221.106
T000910,alpha,binder_void,BN,-1.7941,-2.7283,1.171265,-1.85526,-2.8237,1.213229,0.12084,17.2348
T000910,alpha,BN,binder_void,-1.85526,-2.8237,1.213229,-2.2718,-3.48,1.490467,0.825872,360.597
T000910,alpha,binder_void,BN,-2.2718,-3.48,1.490467,-2.4,-3.7066,1.599616,0.282418,42.0238
T000910,alpha,BN,BN,-2.4,-3.7066,1.599616,-2.79625,-4.3512,1.890296,0.816264,189.498
T000910,alpha,BN,BN,-2.79625,-4.3512,1.890296,-2.79625,-4.3512,1.890296,0,0
T000911,Li7,BN,binder_void,0,0,0,-0.0743,-0.2123,-0.133411,0.261596,181.42
T000911,Li7,binder_void,ZnS,-0.0743,-0.2123,-0.133411,-0.2682,-0.794,-0.503284,0.71621,129.173
T000911,Li7,ZnS,ZnS,-0.2682,-0.794,-0.503284,-0.7537,-2.1437,-1.145054,1.58338,706.293
T000911,Li7,ZnS,ZnS,-0.7537,-2.1437,-1.145054,-0.7537,-2.1437,-1.145054,0,0
T000912,alpha,BN,binder_void,0,0,0,0.2088,0.5962,0.374628,0.734515,252.222
T000912,alpha,binder_void,BN,0.2088,0.5962,0.374628,0.2639,0.7551,0.474643,0.195632,27.9251
T000912,alpha,BN,binder_void,0.2639,0.7551,0.474643,0.3917,1.12234,0.704883,0.451953,173.552
T000912,alpha,binder_void,BN,0.3917,1.12234,0.704883,0.4367,1.25108,0.786079,0.158705,24.6189
T000912,alpha,BN,binder_void,0.4367,1.25108,0.786079,0.7052,2.0257,1.273528,0.953978,384.745
T000912,alpha,binder_void,BN,0.7052,2.0257,1.273528,0.7293,2.08704,1.312965,0.0768143,12.8706
T000912,alpha,BN,binder_void,0.7293,2.08704,1.312965,0.9692,2.69402,1.702446,0.760245,336.044
T000912,alpha,binder_void,BN,0.9692,2.69402,1.702446,1.2066,3.29388,2.085866,0.750608,137.129
T000912,alpha,BN,binder_void,1.2066,3.29388,2.085866,1.4565,3.91008,2.498056,0.783306,299.95
T000912,alpha,binder_void,BN,1.4565,3.91008,2.498056,1.6116,4.25182,2.740576,0.447736,50.2473
T000912,alpha,BN,BN,1.6116,4.25182,2.740576,1.8431,4.70955,3.084676,0.64321,76.6963
T000912,alpha,BN,BN,1.8431,4.70955,3.084676,1.8431,4.70955,3.084676,0,0
T000913,Li7,BN,binder_void,0,0,0,0.1325,-0.0648,0.11761991,0.188662,122.228
T000913,Li7,binder_void,BN,0.1325,-0.0648,0.11761991,0.2417,-0.1175,0.21794,0.157425,29.4596
T000913,Li7,BN,binder_void,0.2417,-0.1175,0.21794,0.5314,-0.2583,0.481748,0.416578,246.633
T000913,Li7,binder_void,ZnS,0.5314,-0.2583,0.481748,0.6189,-0.3025,0.557827,0.124109,16.7746
T000913,Li7,ZnS,ZnS,0.6189,-0.3025,0.557827,1.6561,-0.5402,1.565746,1.49291,430.016
T000913,Li7,ZnS,ZnS,1.6561,-0.5402,1.565746,1.6561,-0.5402,1.565746,0,0
T000914,alpha,BN,binder_void,0,0,0,-0.4782,0.2336,-0.424478,0.680819,267.858
T000914,alpha,binder_void,BN,-0.4782,0.2336,-0.424478,-1.4041,0.6921,-1.239144,1.31585,222.166
T000914,alpha,BN,binder_void,-1.4041,0.6921,-1.239144,-1.5649,0.7698,-1.380204,0.227591,111.462
T000914,alpha,binder_void,BN,-1.5649,0.7698,-1.380204,-2.0662,1.0157,-1.819724,0.710626,127.838
T000914,alpha,BN,binder_void,-2.0662,1.0157,-1.819724,-2.2761,1.1211,-1.998044,0.294979,136.817
T000914,alpha,binder_void,BN,-2.2761,1.1211,-1.998044,-2.3146,1.1391,-2.030384,0.053418,10.5198
T000914,alpha,BN,binder_void,-2.3146,1.1391,-2.030384,-2.7995,1.3643,-2.438444,0.672898,301.156
T000914,alpha,binder_void,ZnS,-2.7995,1.3643,-2.438444,-2.8512,1.3864,-2.479864,0.0698993,14.5432
T000914,alpha,ZnS,ZnS,-2.8512,1.3864,-2.479864,-4.3583,2.0378,-3.675044,2.18705,277.641
T000914,alpha,ZnS,ZnS,-4.3583,2.0378,-3.675044,-4.3583,2.0378,-3.675044,0,0
T000915,Li7,BN,binder_void,0,0,0,-0.0902,-0.1967,0.376862,0.434712,286.885
T000915,Li7,binder_void,BN,-0.0902,-0.1967,0.376862,-0.122,-0.2688,0.518966,0.162533,22.8895
T000915,Li7,BN,binder_void,-0.122,-0.2688,0.518966,-0.2654,-0.5973,1.180516,0.753797,356.628
T000915,Li7,binder_void,BN,-0.2654,-0.5973,1.180516,-0.4004,-0.8864,1.856376,0.750747,62.381
T000915,Li7,BN,BN,-0.4004,-0.8864,1.856376,-0.5474,-1.1933,2.584576,0.852957,111.217
T000915,Li7,BN,BN,-0.5474,-1.1933,2.584576,-0.5474,-1.1933,2.584576,0,0
T000916,alpha,BN,binder_void,0,0,0,0.0613,0.1337,-0.256287,0.295524,106.495
T000916,alpha,binder_void,BN,0.0613,0.1337,-0.256287,0.1214,0.2594,-0.495353,0.2767,35.4339
T000916,alpha,BN,binder_void,0.1214,0.2594,-0.495353,0.2162,0.4603,-0.876657,0.44132,165.129
T000916,alpha,binder_void,BN,0.2162,0.4603,-0.876657,0.4718,1.0047,-1.892784,1.18086,180.665
T000916,alpha,BN,binder_void,0.4718,1.0047,-1.892784,0.553,1.1825,-2.213584,0.375735,163.704
T000916,alpha,binder_void,BN,0.553,1.1825,-2.213584,0.623,1.3318,-2.495054,0.326212,61.7084
T000916,alpha,BN,binder_void,0.623,1.3318,-2.495054,0.8131,1.7496,-3.280444,0.910124,421.467
T000916,alpha,binder_void,BN,0.8131,1.7496,-3.280444,0.8923,2.0027,-3.734674,0.526163,81.5643
T000916,alpha,BN,binder_void,0.8923,2.0027,-3.734674,0.9821,2.2596,-4.223324,0.560616,150.158
T000916,alpha,binder_void,BN,0.9821,2.2596,-4.223324,1.0224,2.4865,-4.539864,0.392569,35.0906
T000916,alpha,BN,BN,1.0224,2.4865,-4.539864,1.0936,2.8727,-4.964784,0.606468,68.586
T000916,alpha,BN,BN,1.0936,2.8727,-4.964784,1.0936,2.8727,-4.964784,0,0
T000917,Li7,BN,binder_void,0,0,0,-0.127,0.02559,-0.0334,0.133866,86.8955
T000917,Li7,binder_void,BN,-0.127,0.02559,-0.0334,-0.1907,0.03769,-0.0493,0.0667524,10.9287
T000917,Li7,BN,binder_void,-0.1907,0.03769,-0.0493,-0.6887,0.13172,-0.1716,0.521683,298.931
T000917,Li7,binder_void,BN,-0.6887,0.13172,-0.1716,-1.6864,0.33224,-0.3708,1.0381,130.372
T000917,Li7,BN,binder_void,-1.6864,0.33224,-0.3708,-2.4962,0.44402,-0.577,0.848207,299.164
T000917,Li7,binder_void,ZnS,-2.4962,0.44402,-0.577,-2.5252,0.45226,-0.5834,0.0314815,2.08781
T000917,Li7,ZnS,ZnS,-2.5252,0.45226,-0.5834,-2.553,0.48877,-0.5856,0.0940775,6.71874
T000917,Li7,ZnS,binder_void,-2.553,0.48877,-0.5856,-2.5492,0.49164,-0.5855,0.00584736,0.469996
T000917,Li7,binder_void,BN,-2.5492,0.49164,-0.5855,-2.5233,0.51688,-0.5698,0.0491188,1.41456
T000917,Li7,BN,BN,-2.5233,0.51688,-0.5698,-2.5258,0.53154,-0.5674,0.0294517,3.01683
T000917,Li7,BN,BN,-2.5258,0.53154,-0.5674,-2.5258,0.53154,-0.5674,0,0
T000918,alpha,BN,binder_void,0,0,0,0.4044,-0.08143,0.1061,0.425949,147.672
T000918,alpha,binder_void,BN,0.4044,-0.08143,0.1061,0.5518,-0.11299,0.1443,0.155453,23.2779
T000918,alpha,BN,binder_void,0.5518,-0.11299,0.1443,1.45391,-0.30452,0.3735,0.950468,371.965
T000918,alpha,binder_void,BN,1.45391,-0.30452,0.3735,1.59389,-0.33047,0.4092,0.146777,25.1526
T000918,alpha,BN,binder_void,1.59389,-0.33047,0.4092,2.16929,-0.43856,0.5569,0.603953,257.617
T000918,alpha,binder_void,BN,2.16929,-0.43856,0.5569,2.21367,-0.44754,0.5687,0.046779,9.11553
T000918,alpha,BN,binder_void,2.21367,-0.44754,0.5687,2.74879,-0.55592,0.7106,0.564339,265.484
T000918,alpha,binder_void,BN,2.74879,-0.55592,0.7106,4.85021,-0.97539,1.2507,2.21353,105.351
T000918,alpha,BN,binder_void,4.85021,-0.97539,1.2507,5.25811,-1.050915,1.3894,0.43811,140.885
T000918,alpha,binder_void,BN,5.25811,-1.050915,1.3894,6.39366,-1.326475,1.8367,1.26055,1.99148
T000918,alpha,BN,BN,6.39366,-1.326475,1.8367,7.09292,-1.177514,2.2009,0.820145,121.488
T000918,alpha,BN,BN,7.09292,-1.177514,2.2009,7.09292,-1.177514,2.2009,0,0
T000919,Li7,BN,binder_void,0,0,0,0.4046,-0.62242,-0.3013,0.801789,492.054
T000919,Li7,binder_void,ZnS,0.4046,-0.62242,-0.3013,0.5031,-0.76247,-0.3739,0.186022,24.2226
T000919,Li7,ZnS,ZnS,0.5031,-0.76247,-0.3739,1.53661,-1.616714,-0.7816,1.44368,202.831
T000919,Li7,ZnS,ZnS,1.53661,-1.616714,-0.7816,2.21351,-2.0202794,-0.7566,1.02681,120.892
T000919,Li7,ZnS,ZnS,2.21351,-2.0202794,-0.7566,2.21351,-2.0202794,-0.7566,0,0
T000920,alpha,BN,binder_void,0,0,0,-0.0359,0.05529,0.0267,0.071162,28.3277
T000920,alpha,binder_void,BN,-0.0359,0.05529,0.0267,-0.0675,0.10429,0.0504,0.0629292,9.9507
T000920,alpha,BN,binder_void,-0.0675,0.10429,0.0504,-0.5424,0.8394,0.4067,0.94503,375.438
T000920,alpha,binder_void,BN,-0.5424,0.8394,0.4067,-0.7222,1.11953,0.5409,0.358971,52.2005
T000920,alpha,BN,binder_void,-0.7222,1.11953,0.5409,-1.0196,1.58029,0.7635,0.591952,251.16
T000920,alpha,binder_void,BN,-1.0196,1.58029,0.7635,-1.3706,2.12412,1.0143,0.694199,125.771
T000920,alpha,BN,binder_void,-1.3706,2.12412,1.0143,-1.8207,2.82102,1.3319,0.888925,329.273
T000920,alpha,binder_void,BN,-1.8207,2.82102,1.3319,-1.8505,2.86519,1.3552,0.0581677,8.88487
T000920,alpha,BN,binder_void,-1.8505,2.86519,1.3552,-2.1534,3.31242,1.5891,0.589706,167.528
T000920,alpha,binder_void,BN,-2.1534,3.31242,1.5891,-2.2104,3.39414,1.6409,0.112358,12.7363
T000920,alpha,BN,BN,-2.2104,3.39414,1.6409,-2.599,3.94019,1.9862,0.77331,108.73
T000920,alpha,BN,BN,-2.599,3.94019,1.9862,-2.599,3.94019,1.9862,0,0
T000921,Li7,BN,binder_void,0,0,0,0.03402,-0.02762,-0.10765,0.116238,74.3551
T000921,Li7,binder_void,BN,0.03402,-0.02762,-0.10765,0.43224,-0.35754,-1.40476,1.39715,210.62
T000921,Li7,BN,binder_void,0.43224,-0.35754,-1.40476,0.70149,-0.56647,-2.28706,0.948007,461.354
T000921,Li7,binder_void,binder_void,0.70149,-0.56647,-2.28706,1.29886,-0.683,-3.66216,1.55894,87.1346
T000921,Li7,binder_void,binder_void,1.29886,-0.683,-3.66216,1.37223,-0.64547,-3.72883,0.151716,8.35959
T000921,Li7,binder_void,binder_void,1.37223,-0.64547,-3.72883,1.37223,-0.64547,-3.72883,0,0
T000922,alpha,BN,binder_void,0,0,0,-0.24107,0.19576,0.76288,0.823763,305.484
T000922,alpha,binder_void,BN,-0.24107,0.19576,0.76288,-0.28279,0.2302,0.89471,0.142495,19.8204
T000922,alpha,BN,binder_void,-0.28279,0.2302,0.89471,-0.43855,0.35529,1.38792,0.532199,218.64
T000922,alpha,binder_void,BN,-0.43855,0.35529,1.38792,-0.58633,0.479883,1.87272,0.521942,80.7215
T000922,alpha,BN,binder_void,-0.58633,0.479883,1.87272,-0.66322,0.546405,2.13265,0.279139,124.919
T000922,alpha,binder_void,BN,-0.66322,0.546405,2.13265,-0.72146,0.590019,2.29244,0.175579,31.9864
T000922,alpha,BN,binder_void,-0.72146,0.590019,2.29244,-1.04008,0.828731,3.168001,0.962406,434.379
T000922,alpha,binder_void,BN,-1.04008,0.828731,3.168001,-1.11821,0.871265,3.372218,0.222808,37.2205
T000922,alpha,BN,binder_void,-1.11821,0.871265,3.372218,-1.4367,1.069891,4.258249,0.968976,203.652
T000922,alpha,binder_void,binder_void,-1.4367,1.069891,4.258249,-1.57976,1.090574,4.495793,0.302164,2.81148
T000922,alpha,binder_void,binder_void,-1.57976,1.090574,4.495793,-1.67703,0.885754,4.37786,0.300902,10.3647
T000922,alpha,binder_void,binder_void,-1.67703,0.885754,4.37786,-1.67703,0.885754,4.37786,0,0
T000923,Li7,BN,binder_void,0,0,0,0.23639,0.631425,0.35879,0.764328,462.319
T000923,Li7,binder_void,BN,0.23639,0.631425,0.35879,0.28551,0.745273,0.42959,0.142807,20.9068
T000923,Li7,BN,binder_void,0.28551,0.745273,0.42959,0.45804,1.138106,0.67533,0.495595,209.617
T000923,Li7,binder_void,BN,0.45804,1.138106,0.67533,0.58155,1.3283154,0.78531,0.252534,21.0253
T000923,Li7,BN,binder_void,0.58155,1.3283154,0.78531,0.7736,1.584491,0.95731,0.367911,101.168
T000923,Li7,binder_void,BN,0.7736,1.584491,0.95731,0.97003,1.766139,1.09703,0.324772,18.5091
T000923,Li7,BN,BN,0.97003,1.766139,1.09703,0.99928,1.78671,1.10431,0.0408412,2.24195
T000923,Li7,BN,BN,0.99928,1.78671,1.10431,1.02662,1.768131,1.09493,0.0416546,4.01726
T000923,Li7,BN,BN,1.02662,1.768131,1.09493,1.02654,1.767748,1.09502,0.0356498,0.195754
T000923,Li7,BN,BN,1.02654,1.767748,1.09502,1.02654,1.767748,1.09502,0,0
T000924,alpha,BN,binder_void,0,0,0,-0.03879,-0.10363,-0.05889,0.125347,44.6287
T000924,alpha,binder_void,ZnS,-0.03879,-0.10363,-0.05889,-0.09055,-0.23959,-0.13614,0.164716,24.2524
T000924,alpha,ZnS,binder_void,-0.09055,-0.23959,-0.13614,-1.54538,-4.03209,-2.28388,4.62585,1349.98
T000924,alpha,binder_void,binder_void,-1.54538,-4.03209,-2.28388,-1.71653,-4.49517,-2.44928,0.528402,51.1415
T000924,alpha,binder_void,binder_void,-1.71653,-4.49517,-2.44928,-1.71653,-4.49517,-2.44928,0,0
T000925,Li7,BN,binder_void,0,0,0,-0.28895,-0.31227,0.11086,0.439776,292.329
T000925,Li7,binder_void,BN,-0.28895,-0.31227,0.11086,-0.49458,-0.53053,0.19291,0.310926,55.0743
T000925,Li7,BN,binder_void,-0.49458,-0.53053,0.19291,-0.91643,-0.98433,0.34703,0.639087,349.197
T000925,Li7,binder_void,BN,-0.91643,-0.98433,0.34703,-0.92808,-0.99751,0.35137,0.0181142,2.96701
T000925,Li7,BN,binder_void,-0.92808,-0.99751,0.35137,-1.34365,-1.4658,0.50543,0.647467,223.507
T000925,Li7,binder_void,BN,-1.34365,-1.4658,0.50543,-1.64486,-1.91819,0.55473,0.551953,33.8289
T000925,Li7,BN,BN,-1.64486,-1.91819,0.55473,-1.95374,-2.33816,0.57041,0.603499,56.0979
T000925,Li7,BN,BN,-1.95374,-2.33816,0.57041,-1.95374,-2.33816,0.57041,0,0
T000926,alpha,BN,binder_void,0,0,0,0.19808,0.21406,-0.07599,0.301388,109.813
T000926,alpha,binder_void,BN,0.19808,0.21406,-0.07599,0.41743,0.44937,-0.15853,0.332122,45.2994
T000926,alpha,BN,binder_void,0.41743,0.44937,-0.15853,0.71796,0.77037,-0.27089,0.453876,161.662
T000926,alpha,binder_void,BN,0.71796,0.77037,-0.27089,1.03958,1.115245,-0.39395,0.487374,69.5373
T000926,alpha,BN,binder_void,1.03958,1.115245,-0.39395,1.428,1.529267,-0.54002,0.586243,235.325
T000926,alpha,binder_void,BN,1.428,1.529267,-0.54002,2.1174,2.243934,-0.77959,1.02158,169.939
T000926,alpha,BN,binder_void,2.1174,2.243934,-0.77959,2.3471,2.484785,-0.86192,0.342861,149.945
T000926,alpha,binder_void,BN,2.3471,2.484785,-0.86192,2.3936,2.531068,-0.87703,0.0673543,8.8024
T000926,alpha,BN,binder_void,2.3936,2.531068,-0.87703,2.8487,2.983171,-1.02541,0.658559,261.434
T000926,alpha,binder_void,BN,2.8487,2.983171,-1.02541,3.7216,3.83683,-1.30402,1.25279,214.214
T000926,alpha,BN,binder_void,3.7216,3.83683,-1.30402,3.9457,4.07606,-1.37658,0.33599,130.003
T000926,alpha,binder_void,ZnS,3.9457,4.07606,-1.37658,4.5004,4.66375,-1.52488,0.82274,88.3858
T000926,alpha,ZnS,ZnS,4.5004,4.66375,-1.52488,5.0704,5.68434,-1.51854,1.23333,131.64
T000926,alpha,ZnS,ZnS,5.0704,5.68434,-1.51854,5.0704,5.68434,-1.51854,0,0
T000927,Li7,BN,binder_void,0,0,0,0.10505,-0.56024,-0.01453,0.57049,346.835
T000927,Li7,binder_void,BN,0.10505,-0.56024,-0.01453,0.12533,-0.67695,-0.02116,0.11866,19.7403
T000927,Li7,BN,binder_void,0.12533,-0.67695,-0.02116,0.26614,-1.47884,-0.06222,0.817267,373.942
T000927,Li7,binder_void,BN,0.26614,-1.47884,-0.06222,0.28222,-1.5607,-0.0561,0.083751,4.79768
T000927,Li7,BN,BN,0.28222,-1.5607,-0.0561,0.42627,-2.27436,-0.00887,0.785282,94.6849
T000927,Li7,BN,BN,0.42627,-2.27436,-0.00887,0.42627,-2.27436,-0.00887,0,0
T000928,alpha,BN,binder_void,0,0,0,-0.04281,0.22833,0.00592,0.232392,94.44
T000928,alpha,binder_void,BN,-0.04281,0.22833,0.00592,-0.40734,2.16395,0.05406,1.97045,303.908
T000928,alpha,BN,binder_void,-0.40734,2.16395,0.05406,-0.57094,3.08063,0.06296,0.931429,425.289
T000928,alpha,binder_void,BN,-0.57094,3.08063,0.06296,-0.9698,5.2061,0.22342,2.16965,337.281
T000928,alpha,BN,binder_void,-0.9698,5.2061,0.22342,-1.1847,6.10704,0.29405,0.931655,280.055
T000928,alpha,binder_void,BN,-1.1847,6.10704,0.29405,-1.19439,6.14415,0.30442,0.0398389,2.54553
T000928,alpha,BN,BN,-1.19439,6.14415,0.30442,-1.29523,6.42117,0.41229,0.368044,26.4814
T000928,alpha,BN,BN,-1.29523,6.42117,0.41229,-1.29523,6.42117,0.41229,0,0
T000929,Li7,BN,binder_void,0,0,0,-0.07163,-0.08934,-0.03609,0.120072,80.4747
T000929,Li7,binder_void,ZnS,-0.07163,-0.08934,-0.03609,-0.27645,-0.34477,-0.13679,0.342587,59.8924
T000929,Li7,ZnS,ZnS,-0.27645,-0.34477,-0.13679,-1.33638,-1.46751,-0.42432,1.58262,696.995
T000929,Li7,ZnS,ZnS,-1.33638,-1.46751,-0.42432,-1.34056,-1.47183,-0.42532,0.186446,2.63835
T000929,Li7,ZnS,ZnS,-1.34056,-1.47183,-0.42532,-1.34056,-1.47183,-0.42532,0,0
T000930,alpha,BN,binder_void,0,0,0,0.41025,0.51165,0.20668,0.687675,276.694
T000930,alpha,binder_void,BN,0.41025,0.51165,0.20668,0.46523,0.58136,0.23459,0.0930674,18.1593
T000930,alpha,BN,binder_void,0.46523,0.58136,0.23459,1.04294,1.311426,0.5285,0.97649,407.866
T000930,alpha,binder_void,BN,1.04294,1.311426,0.5285,1.05275,1.323428,0.53362,0.0163273,1.70994
T000930,alpha,BN,binder_void,1.05275,1.323428,0.53362,1.64815,2.052939,0.84581,0.992547,457.392
T000930,alpha,binder_void,BN,1.64815,2.052939,0.84581,1.73039,2.1496624,0.88486,0.132842,21.8128
T000930,alpha,BN,binder_void,1.73039,2.1496624,0.88486,2.12534,2.623002,1.08317,0.648966,219.853
T000930,alpha,binder_void,BN,2.12534,2.623002,1.08317,2.3267,2.938973,1.20599,0.396813,25.6703
T000930,alpha,BN,binder_void,2.3267,2.938973,1.20599,2.50077,3.149823,1.261272,0.290281,30.864
T000930,alpha,binder_void,BN,2.50077,3.149823,1.261272,2.50077,3.149823,1.261272,0,0
T000930,alpha,BN,BN,2.50077,3.149823,1.261272,2.53437,3.184705,1.299782,0.0646411,1.82173
T000930,alpha,BN,binder_void,2.53437,3.184705,1.299782,2.55349,3.197071,1.311612,0.0271471,3.16963
T000930,alpha,binder_void,binder_void,2.55349,3.197071,1.311612,2.59368,3.219953,1.357341,0.0731608,0.842916
T000930,alpha,binder_void,BN,2.59368,3.219953,1.357341,2.59388,3.219643,1.359062,0.00176755,0.0166134
T000930,alpha,BN,BN,2.59388,3.219643,1.359062,2.59107,3.207819,1.380467,0.0265711,2.2346
T000930,alpha,BN,BN,2.59107,3.207819,1.380467,2.5761,3.205369,1.399633,0.0303487,0.849012
T000930,alpha,BN,BN,2.5761,3.205369,1.399633,2.56797,3.212426,1.381372,0.0282081,0.86466
T000930,alpha,BN,BN,2.56797,3.212426,1.381372,2.56724,3.212534,1.381002,0.0286617,0.179479
T000930,alpha,BN,BN,2.56724,3.212534,1.381002,2.56724,3.212534,1.381002,0,0
T000931,Li7,BN,binder_void,0,0,0,-0.09409,0.01789,-0.0046,0.0958919,58.9538
T000931,Li7,binder_void,binder_void,-0.09409,0.01789,-0.0046,-2.03641,0.33434,-0.13254,1.97281,295.507
T000931,Li7,binder_void,BN,-2.03641,0.33434,-0.13254,-2.07961,0.34085,-0.13512,0.0438017,6.4166
T000931,Li7,BN,binder_void,-2.07961,0.34085,-0.13512,-2.94481,0.47538,-0.18707,0.879556,372.546
T000931,Li7,binder_void,BN,-2.94481,0.47538,-0.18707,-3.19441,0.54697,-0.17286,0.26098,22.2093
T000931,Li7,BN,binder_void,-3.19441,0.54697,-0.17286,-3.68051,0.66739,-0.15757,0.523257,66.3259
T000931,Li7,binder_void,binder_void,-3.68051,0.66739,-0.15757,-3.84791,0.82292,-0.03928,0.270004,11.688
T000931,Li7,binder_void,binder_void,-3.84791,0.82292,-0.03928,-3.84431,0.97779,0.05476,0.300543,7.72235
T000931,Li7,binder_void,binder_void,-3.84431,0.97779,0.05476,-3.84431,0.97779,0.05476,0,0
T000932,alpha,BN,binder_void,0,0,0,0.84485,-0.16064,0.04134,0.861087,332.879
T000932,alpha,binder_void,BN,0.84485,-0.16064,0.04134,1.60767,-0.30229,0.06774,0.776351,128.312
T000932,alpha,BN,binder_void,1.60767,-0.30229,0.06774,2.36999,-0.44406,0.09465,0.776032,344.264
T000932,alpha,binder_void,ZnS,2.36999,-0.44406,0.09465,2.50951,-0.47669,0.11105,0.144229,28.3349
T000932,alpha,ZnS,ZnS,2.50951,-0.47669,0.11105,5.58381,-1.18605,0.46756,3.2547,636.211
T000932,alpha,ZnS,ZnS,5.58381,-1.18605,0.46756,5.58381,-1.18605,0.46756,0,0
T000933,Li7,BN,binder_void,0,0,0,0.45547,0.0745,-0.2766,0.538314,336.053
T000933,Li7,binder_void,BN,0.45547,0.0745,-0.2766,0.55585,0.0915,-0.3388,0.119303,19.9204
T000933,Li7,BN,binder_void,0.55585,0.0915,-0.3388,1.28774,0.21,-0.792,0.871277,414.208
T000933,Li7,binder_void,BN,1.28774,0.21,-0.792,1.84138,0.3839,-1.0317,0.641883,38.1735
T000933,Li7,BN,BN,1.84138,0.3839,-1.0317,1.94911,0.5328,-1.2035,0.265788,31.645
T000933,Li7,BN,BN,1.94911,0.5328,-1.2035,1.94911,0.5328,-1.2035,0,0
T000934,alpha,BN,binder_void,0,0,0,-0.02472,-0.004,0.015,0.0292054,8.73864
T000934,alpha,binder_void,outside,-0.02472,-0.004,0.015,-0.2222,-0.03632,0.1348,0.233224,35.6349
T000935,Li7,BN,binder_void,0,0,0,-0.01069,-0.0032,0.0196,0.0226088,17.4406
T000935,Li7,binder_void,outside,-0.01069,-0.0032,0.0196,-0.07373,-0.02185,0.1348,0.132602,22.0158
T000936,alpha,BN,binder_void,0,0,0,0.32875,0.0982,-0.6045,0.695108,285.082
T000936,alpha,binder_void,BN,0.32875,0.0982,-0.6045,0.74532,0.2206,-1.3764,0.885744,140.912
T000936,alpha,BN,binder_void,0.74532,0.2206,-1.3764,1.04077,0.3054,-1.9015,0.608487,264.077
T000936,alpha,binder_void,BN,1.04077,0.3054,-1.9015,1.87471,0.5115,-3.4222,1.74704,318.575
T000936,alpha,BN,binder_void,1.87471,0.5115,-3.4222,2.27844,0.5999,-4.1532,0.840739,357.308
T000936,alpha,binder_void,ZnS,2.27844,0.5999,-4.1532,2.32329,0.6067,-4.2264,0.0861482,7.8026
T000936,alpha,ZnS,ZnS,2.32329,0.6067,-4.2264,2.81244,0.5248,-4.7095,0.726728,93.0362
T000936,alpha,ZnS,ZnS,2.81244,0.5248,-4.7095,2.82655,0.5279,-4.7188,0.307437,3.20683
T000936,alpha,ZnS,ZnS,2.82655,0.5279,-4.7188,2.82655,0.5279,-4.7188,0,0
T000937,Li7,BN,binder_void,0,0,0,0.0012,-0.00818,-0.00538,0.00985962,5.89089
T000937,Li7,binder_void,BN,0.0012,-0.00818,-0.00538,0.0191,-0.13173,-0.08656,0.148915,26.7863
T000937,Li7,BN,binder_void,0.0191,-0.13173,-0.08656,0.1014,-0.75768,-0.49807,0.754226,462.812
T000937,Li7,binder_void,BN,0.1014,-0.75768,-0.49807,0.1335,-0.90146,-0.60369,0.181324,21.7244
T000937,Li7,BN,binder_void,0.1335,-0.90146,-0.60369,0.2986,-1.58501,-1.1495,0.895762,317.818
T000937,Li7,binder_void,binder_void,0.2986,-1.58501,-1.1495,0.3225,-1.61511,-1.21033,0.0934281,2.53961
T000937,Li7,binder_void,binder_void,0.3225,-1.61511,-1.21033,0.3577,-1.59318,-1.19476,0.0816699,3.37735
T000937,Li7,binder_void,binder_void,0.3577,-1.59318,-1.19476,0.3577,-1.59318,-1.19476,0,0
T000938,alpha,BN,binder_void,0,0,0,-0.1087,0.7625,0.50199,0.919479,361.36
T000938,alpha,binder_void,BN,-0.1087,0.7625,0.50199,-0.2348,1.63723,1.08169,1.05702,172.007
T000938,alpha,BN,binder_void,-0.2348,1.63723,1.08169,-0.259,1.80297,1.19424,0.201812,97.0478
T000938,alpha,binder_void,BN,-0.259,1.80297,1.19424,-0.3137,2.18833,1.45498,0.468513,74.2384
T000938,alpha,BN,binder_void,-0.3137,2.18833,1.45498,-0.4147,2.92762,1.93538,0.887829,434.178
T000938,alpha,binder_void,BN,-0.4147,2.92762,1.93538,-0.4485,3.19454,2.10687,0.319129,49.8077
T000938,alpha,BN,binder_void,-0.4485,3.19454,2.10687,-0.5309,3.93277,2.60049,0.89495,250.356
T000938,alpha,binder_void,ZnS,-0.5309,3.93277,2.60049,-0.6045,4.11687,2.72012,0.235165,22.9309
T000938,alpha,ZnS,ZnS,-0.6045,4.11687,2.72012,-0.6591,4.13917,2.74636,0.0953712,8.07465
T000938,alpha,ZnS,ZnS,-0.6591,4.13917,2.74636,-0.6591,4.13917,2.74636,0,0
T000939,Li7,BN,binder_void,0,0,0,-0.0002,-0.00563,-0.00889,0.0105251,7.90823
T000939,Li7,binder_void,BN,-0.0002,-0.00563,-0.00889,-0.0038,-0.09213,-0.14533,0.161599,24.0778
T000939,Li7,BN,binder_void,-0.0038,-0.09213,-0.14533,-0.0186,-0.44793,-0.71799,0.67483,417.041
T000939,Li7,binder_void,BN,-0.0186,-0.44793,-0.71799,-0.0277,-0.53497,-0.85448,0.162168,19.3499
T000939,Li7,BN,binder_void,-0.0277,-0.53497,-0.85448,-0.0577,-0.86166,-1.35691,0.601688,240.321
T000939,Li7,binder_void,ZnS,-0.0577,-0.86166,-1.35691,-0.2203,-1.65267,-2.48261,1.4085,93.5951
T000939,Li7,ZnS,binder_void,-0.2203,-1.65267,-2.48261,-0.2203,-1.65267,-2.48261,0,0
T000939,Li7,binder_void,binder_void,-0.2203,-1.65267,-2.48261,0.1077,-0.73446,-2.38441,1.13552,41.0269
T000939,Li7,binder_void,binder_void,0.1077,-0.73446,-2.38441,0.1077,-0.73446,-2.38441,0,0
T000940,alpha,BN,binder_void,0,0,0,0.0209,0.46035,0.72758,0.861338,327.844
T000940,alpha,binder_void,BN,0.0209,0.46035,0.72758,0.0265,0.55748,0.88317,0.183513,25.5117
T000940,alpha,BN,binder_void,0.0265,0.55748,0.88317,0.0568,1.07168,1.70248,0.967994,421.62
T000940,alpha,binder_void,BN,0.0568,1.07168,1.70248,0.0724,1.23709,1.96091,0.307249,55.3525
T000940,alpha,BN,binder_void,0.0724,1.23709,1.96091,0.0927,1.43374,2.2688,0.365981,165.43
T000940,alpha,binder_void,ZnS,0.0927,1.43374,2.2688,0.1395,1.73342,2.74501,0.564721,86.3707
T000940,alpha,ZnS,ZnS,0.1395,1.73342,2.74501,0.3202,3.0051,4.80521,2.54526,387.871
T000940,alpha,ZnS,ZnS,0.3202,3.0051,4.80521,0.3202,3.0051,4.80521,0,0
T000941,Li7,BN,binder_void,0,0,0,0.18701,-0.02342,-0.08641,0.207373,134.464
T000941,Li7,binder_void,BN,0.18701,-0.02342,-0.08641,0.72323,-0.0826,-0.31753,0.587043,97.7697
T000941,Li7,BN,binder_void,0.72323,-0.0826,-0.31753,1.5087,-0.27487,-0.73006,0.909434,445.196
T000941,Li7,binder_void,ZnS,1.5087,-0.27487,-0.73006,1.71097,-0.32402,-0.85934,0.245423,24.2359
T000941,Li7,ZnS,ZnS,1.71097,-0.32402,-0.85934,2.45098,-0.26264,-1.08778,0.829096,122.422
T000941,Li7,ZnS,ZnS,2.45098,-0.26264,-1.08778,2.5165,-0.24901,-1.10247,0.457895,15.9135
T000941,Li7,ZnS,ZnS,2.5165,-0.24901,-1.10247,2.5165,-0.24901,-1.10247,0,0
T000942,alpha,BN,binder_void,0,0,0,-0.62813,0.07865,0.29019,0.696447,266.664
T000942,alpha,binder_void,BN,-0.62813,0.07865,0.29019,-1.97143,0.24355,0.930471,1.49734,251.597
T000942,alpha,BN,binder_void,-1.97143,0.24355,0.930471,-2.16153,0.26941,1.019672,0.211556,91.0126
T000942,alpha,binder_void,BN,-2.16153,0.26941,1.019672,-3.17943,0.40904,1.483571,1.12754,186.68
T000942,alpha,BN,binder_void,-3.17943,0.40904,1.483571,-3.88563,0.49316,1.789978,0.774707,326.119
T000942,alpha,binder_void,BN,-3.88563,0.49316,1.789978,-4.00393,0.49928,1.8408681,0.129008,19.636
T000942,alpha,BN,binder_void,-4.00393,0.49928,1.8408681,-4.68583,0.5269,2.134796,0.744489,267.901
T000942,alpha,binder_void,ZnS,-4.68583,0.5269,2.134796,-4.95623,0.53155,2.225674,0.286789,28.0762
T000942,alpha,ZnS,binder_void,-4.95623,0.53155,2.225674,-4.95623,0.53155,2.225674,0,0
T000942,alpha,binder_void,BN,-4.95623,0.53155,2.225674,-5.21483,0.62467,2.482835,0.385918,4.41841
T000942,alpha,BN,BN,-5.21483,0.62467,2.482835,-5.34353,0.69801,2.773009,0.378214,27.8949
T000942,alpha,BN,BN,-5.34353,0.69801,2.773009,-5.34353,0.69801,2.773009,0,0
T000943,Li7,BN,binder_void,0,0,0,0.03175,0.17334,0.34288,0.385649,238.75
T000943,Li7,binder_void,BN,0.03175,0.17334,0.34288,0.03262,0.17693,0.35034,0.00833188,1.52118
T000943,Li7,BN,binder_void,0.03262,0.17693,0.35034,0.11148,0.50547,1.033408,0.763172,404.933
T000943,Li7,binder_void,BN,0.11148,0.50547,1.033408,0.13323,0.59163,1.217505,0.204606,19.5785
T000943,Li7,BN,BN,0.13323,0.59163,1.217505,0.19198,0.89297,1.7936074,0.661768,175.217
T000943,Li7,BN,BN,0.19198,0.89297,1.7936074,0.19198,0.89297,1.7936074,0,0
T000944,alpha,BN,binder_void,0,0,0,-0.03085,-0.1684,-0.33311,0.374541,124.405
T000944,alpha,binder_void,BN,-0.03085,-0.1684,-0.33311,-0.04281,-0.22911,-0.45286,0.134793,19.3736
T000944,alpha,BN,binder_void,-0.04281,-0.22911,-0.45286,-0.08934,-0.45644,-0.90053,0.504277,204.659
T000944,alpha,binder_void,BN,-0.08934,-0.45644,-0.90053,-0.20665,-1.12658,-2.16616,1.43706,241.265
T000944,alpha,BN,binder_void,-0.20665,-1.12658,-2.16616,-0.28506,-1.5934,-3.02545,0.981419,453.369
T000944,alpha,binder_void,BN,-0.28506,-1.5934,-3.02545,-0.30107,-1.66138,-3.16308,0.154344,20.5266
T000944,alpha,BN,binder_void,-0.30107,-1.66138,-3.16308,-0.3862,-2.02677,-3.90737,0.83471,214.934
T000944,alpha,binder_void,BN,-0.3862,-2.02677,-3.90737,-0.92397,-2.96589,-5.93139,2.31236,180.028
T000944,alpha,BN,BN,-0.92397,-2.96589,-5.93139,-0.93325,-2.99614,-6.01882,0.0980893,7.0115
T000944,alpha,BN,BN,-0.93325,-2.99614,-6.01882,-0.86188,-3.00656,-6.04177,0.0923291,1.87396
T000944,alpha,BN,BN,-0.86188,-3.00656,-6.04177,-0.86473,-3.027,-6.02579,0.108881,2.55394
T000944,alpha,BN,BN,-0.86473,-3.027,-6.02579,-0.86473,-3.027,-6.02579,0,0
T000945,Li7,BN,binder_void,0,0,0,-0.1509,0.13275,0.263608,0.33158,206.083
T000945,Li7,binder_void,BN,-0.1509,0.13275,0.263608,-0.5732,0.51192,0.967289,0.904475,129.55
T000945,Li7,BN,binder_void,-0.5732,0.51192,0.967289,-0.6299,0.56557,1.06806,0.12747,70.0765
T000945,Li7,binder_void,ZnS,-0.6299,0.56557,1.06806,-0.6983,0.63185,1.190254,0.154972,22.54
T000945,Li7,ZnS,binder_void,-0.6983,0.63185,1.190254,-0.9301,0.85236,1.596804,0.523125,270.727
T000945,Li7,binder_void,ZnS,-0.9301,0.85236,1.596804,-0.9301,0.85236,1.596804,0,0
T000945,Li7,ZnS,binder_void,-0.9301,0.85236,1.596804,-1.0268,1.00375,1.880844,0.354615,119.976
T000945,Li7,binder_void,BN,-1.0268,1.00375,1.880844,-1.091,1.16303,2.095474,0.301701,16.2857
T000945,Li7,BN,BN,-1.091,1.16303,2.095474,-1.1073,1.18306,2.104824,0.0335595,2.95987
T000945,Li7,BN,BN,-1.1073,1.18306,2.104824,-1.09,1.2009,2.108554,0.0336349,1.8146
T000945,Li7,BN,BN,-1.09,1.2009,2.108554,-1.09,1.2009,2.108554,0,0
T000946,alpha,BN,binder_void,0,0,0,0.019,-0.01668,-0.033133,0.0416646,13.5168
T000946,alpha,binder_void,BN,0.019,-0.01668,-0.033133,0.4732,-0.41612,-0.826952,0.998079,136.472
T000946,alpha,BN,binder_void,0.4732,-0.41612,-0.826952,0.8104,-0.70894,-1.398136,0.725106,300.82
T000946,alpha,binder_void,BN,0.8104,-0.70894,-1.398136,0.8695,-0.75688,-1.488436,0.118106,16.3026
T000946,alpha,BN,binder_void,0.8695,-0.75688,-1.488436,1.209,-1.03087,-2.006326,0.677315,289.151
T000946,alpha,binder_void,BN,1.209,-1.03087,-2.006326,1.5893,-1.33023,-2.596796,0.763585,140.76
T000946,alpha,BN,binder_void,1.5893,-1.33023,-2.596796,1.8595,-1.54345,-3.012806,0.540148,217.205
T000946,alpha,binder_void,BN,1.8595,-1.54345,-3.012806,2.2195,-1.76024,-3.526786,0.664191,109.858
T000946,alpha,BN,binder_void,2.2195,-1.76024,-3.526786,2.5035,-1.93442,-3.934396,0.527642,183.479
T000946,alpha,binder_void,BN,2.5035,-1.93442,-3.934396,2.7772,-2.09847,-4.372486,0.547645,39.4878
T000946,alpha,BN,BN,2.7772,-2.09847,-4.372486,2.8273,-2.21699,-4.612036,0.305745,4.03061
T000946,alpha,BN,binder_void,2.8273,-2.21699,-4.612036,2.7821,-2.28279,-4.565546,0.0968639,7.88172
T000946,alpha,binder_void,binder_void,2.7821,-2.28279,-4.565546,2.678,-2.40153,-4.452076,0.214302,11.0352
T000946,alpha,binder_void,binder_void,2.678,-2.40153,-4.452076,2.678,-2.40153,-4.452076,0,0
T000947,Li7,BN,binder_void,0,0,0,-0.0489,0.03735,0.160634,0.172047,112.331
T000947,Li7,binder_void,BN,-0.0489,0.03735,0.160634,-0.0732,0.05658,0.245766,0.0906019,16.314
T000947,Li7,BN,binder_void,-0.0732,0.05658,0.245766,-0.1354,0.105,0.459733,0.228086,136.572
T000947,Li7,binder_void,ZnS,-0.1354,0.105,0.459733,-0.2352,0.1777,0.783796,0.346846,54.6069
T000947,Li7,ZnS,ZnS,-0.2352,0.1777,0.783796,-0.5476,0.72482,2.154854,1.52849,515.94
T000947,Li7,ZnS,ZnS,-0.5476,0.72482,2.154854,-0.5472,0.73076,2.163744,0.236227,4.23533
T000947,Li7,ZnS,ZnS,-0.5472,0.73076,2.163744,-0.5472,0.73076,2.163744,0,0
T000948,alpha,BN,binder_void,0,0,0,0.0228,-0.01742,-0.074971,0.0802874,26.907
T000948,alpha,binder_void,BN,0.0228,-0.01742,-0.074971,0.1601,-0.12411,-0.528546,0.485776,67.212
T000948,alpha,BN,binder_void,0.1601,-0.12411,-0.528546,0.3535,-0.27854,-1.182386,0.69919,288.149
T000948,alpha,binder_void,ZnS,0.3535,-0.27854,-1.182386,0.4928,-0.38635,-1.680756,0.528597,82.6379
T000948,alpha,ZnS,binder_void,0.4928,-0.38635,-1.680756,1.3509,-1.09179,-4.934506,3.46858,721.772
T000948,alpha,binder_void,BN,1.3509,-1.09179,-4.934506,1.4633,-1.08748,-5.203806,0.291927,45.1683
T000948,alpha,BN,BN,1.4633,-1.08748,-5.203806,1.7919,-1.06197,-5.986816,0.853424,238.153
T000948,alpha,BN,BN,1.7919,-1.06197,-5.986816,1.7919,-1.06197,-5.986816,0,0
T000949,Li7,BN,binder_void,0,0,0,0.1522,-0.16536,0.5384,0.583744,353.493
T000949,Li7,binder_void,BN,0.1522,-0.16536,0.5384,0.6129,-0.6731,1.825318,1.46012,190.529
T000949,Li7,BN,binder_void,0.6129,-0.6731,1.825318,0.7799,-0.87498,2.28215,0.52854,199.308
T000949,Li7,binder_void,BN,0.7799,-0.87498,2.28215,0.8249,-0.927,2.45727,0.188748,13.33
T000949,Li7,BN,BN,0.8249,-0.927,2.45727,1.0481,-1.10679,3.067929,0.735942,83.3396
T000949,Li7,BN,BN,1.0481,-1.10679,3.067929,1.0481,-1.10679,3.067929,0,0
T000950,alpha,BN,binder_void,0,0,0,-0.0791,0.08588,-0.27961,0.303001,102.767
T000950,alpha,binder_void,BN,-0.0791,0.08588,-0.27961,-0.0829,0.08992,-0.29307,0.0145622,2.14842
T000950,alpha,BN,binder_void,-0.0829,0.08992,-0.29307,-0.3271,0.34876,-1.15416,0.931867,399.338
T000950,alpha,binder_void,BN,-0.3271,0.34876,-1.15416,-0.4133,0.44289,-1.45354,0.325464,61.665
T000950,alpha,BN,binder_void,-0.4133,0.44289,-1.45354,-0.4703,0.50688,-1.65533,0.219246,96.246
T000950,alpha,binder_void,BN,-0.4703,0.50688,-1.65533,-0.6089,0.66747,-2.15101,0.539221,101.493
T000950,alpha,BN,binder_void,-0.6089,0.66747,-2.15101,-0.7665,0.85743,-2.73031,0.629908,274.463
T000950,alpha,binder_void,BN,-0.7665,0.85743,-2.73031,-0.8368,1.00713,-3.12861,0.43135,74.5685
T000950,alpha,BN,binder_void,-0.8368,1.00713,-3.12861,-0.9716,1.30823,-3.93465,0.87268,333.875
T000950,alpha,binder_void,BN,-0.9716,1.30823,-3.93465,-0.9767,1.38346,-4.12066,0.205316,10.5984
T000950,alpha,BN,BN,-0.9767,1.38346,-4.12066,-0.9903,1.39843,-4.22104,0.107461,9.89158
T000950,alpha,BN,BN,-0.9903,1.39843,-4.22104,-1.0078,1.40598,-4.24643,0.116152,2.67048
T000950,alpha,BN,BN,-1.0078,1.40598,-4.24643,-1.0086,1.40631,-4.24752,0.035529,0.27579
T000950,alpha,BN,BN,-1.0086,1.40631,-4.24752,-1.0086,1.40631,-4.24752,0,0
T000951,Li7,BN,binder_void,0,0,0,0.2469,-0.17655,0.47995,0.568172,356.831
T000951,Li7,binder_void,BN,0.2469,-0.17655,0.47995,0.3828,-0.27381,0.72259,0.294717,42.1293
T000951,Li7,BN,binder_void,0.3828,-0.27381,0.72259,0.5557,-0.39259,1.02929,0.371971,181.495
T000951,Li7,binder_void,BN,0.5557,-0.39259,1.02929,0.9075,-0.65207,1.74903,0.844103,89.9028
T000951,Li7,BN,binder_void,0.9075,-0.65207,1.74903,1.0557,-0.73817,2.042558,0.342041,90.2718
T000951,Li7,binder_void,BN,1.0557,-0.73817,2.042558,1.1937,-0.84536,2.244847,0.26913,15.8885
T000951,Li7,BN,BN,1.1937,-0.84536,2.244847,1.482,-1.06762,2.67936,0.641989,63.4819
T000951,Li7,BN,BN,1.482,-1.06762,2.67936,1.482,-1.06762,2.67936,0,0
T000952,alpha,BN,binder_void,0,0,0,-0.1354,0.09678,-0.2631,0.311301,112.334
T000952,alpha,binder_void,BN,-0.1354,0.09678,-0.2631,-0.1483,0.10613,-0.28862,0.0301116,2.18129
T000952,alpha,BN,binder_void,-0.1483,0.10613,-0.28862,-0.5032,0.36243,-0.98723,0.824543,323.136
T000952,alpha,binder_void,BN,-0.5032,0.36243,-0.98723,-0.5896,0.43015,-1.17147,0.214483,35.2657
T000952,alpha,BN,binder_void,-0.5896,0.43015,-1.17147,-0.857,0.63572,-1.73786,0.659328,306.442
T000952,alpha,binder_void,BN,-0.857,0.63572,-1.73786,-1.1211,0.82921,-2.27964,0.63308,105.96
T000952,alpha,BN,binder_void,-1.1211,0.82921,-2.27964,-1.4907,1.10901,-3.05789,0.906576,404.695
T000952,alpha,binder_void,BN,-1.4907,1.10901,-3.05789,-1.7179,1.22504,-3.49219,0.504276,69.3436
T000952,alpha,BN,BN,-1.7179,1.22504,-3.49219,-2.1282,1.42691,-4.10093,0.780481,110.643
T000952,alpha,BN,BN,-2.1282,1.42691,-4.10093,-2.1282,1.42691,-4.10093,0,0
T000953,Li7,BN,binder_void,0,0,0,0.3567,-0.0402,-0.40641,0.542508,333.35
T000953,Li7,binder_void,ZnS,0.3567,-0.0402,-0.40641,1.12377,-0.1177,-1.28582,1.17065,164.104
T000953,Li7,ZnS,ZnS,1.12377,-0.1177,-1.28582,2.26588,-0.4309,-2.06129,1.45418,296.824
T000953,Li7,ZnS,ZnS,2.26588,-0.4309,-2.06129,2.53276,-0.5502,-2.07474,0.776151,45.7222
T000953,Li7,ZnS,ZnS,2.53276,-0.5502,-2.07474,2.53276,-0.5502,-2.07474,0,0
T000954,alpha,BN,binder_void,0,0,0,-0.2886,0.0325,0.32876,0.438672,170.079
T000954,alpha,binder_void,BN,-0.2886,0.0325,0.32876,-1.3927,0.1498,1.58912,1.67989,265.54
T000954,alpha,BN,binder_void,-1.3927,0.1498,1.58912,-1.6577,0.1892,1.89783,0.408782,174.341
T000954,alpha,binder_void,BN,-1.6577,0.1892,1.89783,-1.9506,0.232,2.23208,0.446511,75.7697
T000954,alpha,BN,binder_void,-1.9506,0.232,2.23208,-2.4006,0.3015,2.76019,0.697527,310.407
T000954,alpha,binder_void,ZnS,-2.4006,0.3015,2.76019,-3.6924,0.5046,4.39287,2.09371,302.92
T000954,alpha,ZnS,ZnS,-3.6924,0.5046,4.39287,-4.7327,0.666,5.51073,1.77077,170.943
T000954,alpha,ZnS,ZnS,-4.7327,0.666,5.51073,-4.7327,0.666,5.51073,0,0
T000955,Li7,BN,binder_void,0,0,0,0.1329,0.5743,-0.13843,0.605904,360.969
T000955,Li7,binder_void,BN,0.1329,0.5743,-0.13843,0.3526,1.713,-0.40728,1.19179,154.919
T000955,Li7,BN,binder_void,0.3526,1.713,-0.40728,0.45092,2.3277,-0.53656,0.638207,252.191
T000955,Li7,binder_void,ZnS,0.45092,2.3277,-0.53656,0.53379,3.3089,-0.66113,1.03012,62.0656
T000955,Li7,ZnS,ZnS,0.53379,3.3089,-0.66113,0.53043,3.3239,-0.69658,0.0762897,7.02318
T000955,Li7,ZnS,ZnS,0.53043,3.3239,-0.69658,0.51414,3.3268,-0.669,0.0594499,2.57927
T000955,Li7,ZnS,ZnS,0.51414,3.3268,-0.669,0.51445,3.3267,-0.6686,0.0577807,0.253399
T000955,Li7,ZnS,ZnS,0.51445,3.3267,-0.6686,0.51445,3.3267,-0.6686,0,0
T000956,alpha,BN,binder_void,0,0,0,-0.0862,-0.3726,0.08978,0.392798,139.554
T000956,alpha,binder_void,BN,-0.0862,-0.3726,0.08978,-0.3814,-1.6979,0.41193,1.39563,221.171
T000956,alpha,BN,binder_void,-0.3814,-1.6979,0.41193,-0.4254,-1.8885,0.46082,0.2016,87.0332
T000956,alpha,binder_void,ZnS,-0.4254,-1.8885,0.46082,-0.4903,-2.1634,0.53056,0.290971,47.3836
T000956,alpha,ZnS,ZnS,-0.4903,-2.1634,0.53056,-1.423,-6.0557,1.50715,4.18127,974.858
T000956,alpha,ZnS,ZnS,-1.423,-6.0557,1.50715,-1.423,-6.0557,1.50715,0,0
T000957,Li7,BN,binder_void,0,0,0,0.0806,-0.1036,0.00846,0.13156,94.6559
T000957,Li7,binder_void,BN,0.0806,-0.1036,0.00846,0.0892,-0.1146,0.00951,0.0139569,2.45011
T000957,Li7,BN,binder_void,0.0892,-0.1146,0.00951,0.3888,-0.5012,0.04543,0.490758,291.465
T000957,Li7,binder_void,BN,0.3888,-0.5012,0.04543,0.4215,-0.5442,0.0511,0.0542822,6.83148
T000957,Li7,BN,binder_void,0.4215,-0.5442,0.0511,0.9147,-1.2022,0.1379,0.82938,291.063
T000957,Li7,binder_void,ZnS,0.9147,-1.2022,0.1379,0.9644,-1.2449,0.14713,0.0661489,6.45922
T000957,Li7,ZnS,ZnS,0.9644,-1.2449,0.14713,1.5554,-1.6538,0.00776,0.772526,147.075
T000957,Li7,ZnS,ZnS,1.5554,-1.6538,0.00776,1.5554,-1.6538,0.00776,0,0
T000958,alpha,BN,binder_void,0,0,0,-0.1796,0.2308,-0.01885,0.293017,97.6736
T000958,alpha,binder_void,BN,-0.1796,0.2308,-0.01885,-0.2493,0.3216,-0.0262,0.11474,14.4871
T000958,alpha,BN,binder_void,-0.2493,0.3216,-0.0262,-0.5481,0.7114,-0.05702,0.492136,191.491
T000958,alpha,binder_void,BN,-0.5481,0.7114,-0.05702,-1.4346,1.8554,-0.14382,1.45005,221.401
T000958,alpha,BN,binder_void,-1.4346,1.8554,-0.14382,-1.8324,2.3662,-0.17501,0.648335,279.83
T000958,alpha,binder_void,BN,-1.8324,2.3662,-0.17501,-1.8923,2.4461,-0.17623,0.0998326,18.3872
T000958,alpha,BN,binder_void,-1.8923,2.4461,-0.17623,-2.2072,2.8623,-0.18373,0.522211,251.696
T000958,alpha,binder_void,BN,-2.2072,2.8623,-0.18373,-2.3246,3.0241,-0.18548,0.19994,32.1515
T000958,alpha,BN,binder_void,-2.3246,3.0241,-0.18548,-2.8897,3.8225,-0.19709,0.980383,260.87
T000958,alpha,binder_void,BN,-2.8897,3.8225,-0.19709,-2.9013,3.8374,-0.19549,0.0189509,2.32818
T000958,alpha,BN,BN,-2.9013,3.8374,-0.19549,-3.3375,4.4049,-0.14085,0.738588,99.6845
T000958,alpha,BN,BN,-3.3375,4.4049,-0.14085,-3.3375,4.4049,-0.14085,0,0
T000959,Li7,BN,binder_void,0,0,0,0.0033,0.074,0.01157,0.0749217,52.0309
T000959,Li7,binder_void,BN,0.0033,0.074,0.01157,0.0192,0.4108,0.06557,0.341521,62.5243
T000959,Li7,BN,binder_void,0.0192,0.4108,0.06557,0.0411,0.8758,0.14967,0.473293,310.337
T000959,Li7,binder_void,BN,0.0411,0.8758,0.14967,0.0419,0.9678,0.16833,0.0938171,13.9488
T000959,Li7,BN,binder_void,0.0419,0.9678,0.16833,0.0478,1.7793,0.33151,0.829298,453.375
T000959,Li7,binder_void,BN,0.0478,1.7793,0.33151,0.0811,2.0374,0.37692,0.264915,19.8042
T000959,Li7,BN,binder_void,0.0811,2.0374,0.37692,0.0969,2.1734,0.40386,0.140478,31.8714
T000959,Li7,binder_void,binder_void,0.0969,2.1734,0.40386,0.4116,3.469,0.68496,1.45674,69.1092
T000959,Li7,binder_void,binder_void,0.4116,3.469,0.68496,0.4116,3.469,0.68496,0,0
T000960,alpha,BN,binder_void,0,0,0,-0.0226,-0.5078,-0.07947,0.5145,143.927
T000960,alpha,binder_void,BN,-0.0226,-0.5078,-0.07947,-0.0525,-1.0881,-0.17144,0.588355,70.5033
T000960,alpha,BN,binder_void,-0.0525,-1.0881,-0.17144,-0.0919,-1.8498,-0.29044,0.772031,276.317
T000960,alpha,binder_void,BN,-0.0919,-1.8498,-0.29044,-0.1064,-2.1116,-0.3338,0.265726,39.3374
T000960,alpha,BN,binder_void,-0.1064,-2.1116,-0.3338,-0.1469,-2.7799,-0.44177,0.678229,278.373
T000960,alpha,binder_void,BN,-0.1469,-2.7799,-0.44177,-0.1614,-3.0263,-0.48717,0.250985,39.1285
T000960,alpha,BN,binder_void,-0.1614,-3.0263,-0.48717,-0.2066,-3.8216,-0.63182,0.809909,375.326
T000960,alpha,binder_void,BN,-0.2066,-3.8216,-0.63182,-0.2383,-4.43031,-0.74735,0.620445,102.622
T000960,alpha,BN,binder_void,-0.2383,-4.43031,-0.74735,-0.2857,-5.27628,-0.9038,0.862682,268.761
T000960,alpha,binder_void,BN,-0.2857,-5.27628,-0.9038,-0.4367,-6.98517,-1.23074,1.75568,77.6018
T000960,alpha,BN,binder_void,-0.4367,-6.98517,-1.23074,-0.4709,-7.62815,-1.46818,0.701244,44.3462
T000960,alpha,binder_void,BN,-0.4709,-7.62815,-1.46818,-0.6082,-8.28896,-1.81864,0.773773,22.9759
T000960,alpha,BN,BN,-0.6082,-8.28896,-1.81864,-0.7248,-8.59159,-2.04127,0.437226,36.7806
T000960,alpha,BN,BN,-0.7248,-8.59159,-2.04127,-0.7248,-8.59159,-2.04127,0,0
T000961,Li7,BN,binder_void,0,0,0,-0.11781,-0.0099,-0.02966,0.121902,78.4063
T000961,Li7,binder_void,BN,-0.11781,-0.0099,-0.02966,-0.30264,-0.0251,-0.07667,0.191331,36.5288
T000961,Li7,BN,binder_void,-0.30264,-0.0251,-0.07667,-0.74485,-0.0609,-0.18543,0.457048,254.086
T000961,Li7,binder_void,ZnS,-0.74485,-0.0609,-0.18543,-1.18459,-0.094,-0.28273,0.451765,63.574
T000961,Li7,ZnS,ZnS,-1.18459,-0.094,-0.28273,-2.59263,-0.4442,-0.40694,1.48546,364.651
T000961,Li7,ZnS,ZnS,-2.59263,-0.4442,-0.40694,-2.83812,-0.5274,-0.3388,0.750529,42.7533
T000961,Li7,ZnS,ZnS,-2.83812,-0.5274,-0.3388,-2.83812,-0.5274,-0.3388,0,0
T000962,alpha,BN,binder_void,0,0,0,0.83592,0.0707,0.2104,0.864993,340.207
T000962,alpha,binder_void,BN,0.83592,0.0707,0.2104,1.09482,0.0899,0.28031,0.268865,41.4933
T000962,alpha,BN,binder_void,1.09482,0.0899,0.28031,1.67441,0.1351,0.44536,0.604419,265.571
T000962,alpha,binder_void,BN,1.67441,0.1351,0.44536,2.07859,0.161,0.5608,0.421154,68.139
T000962,alpha,BN,binder_void,2.07859,0.161,0.5608,2.60762,0.1928,0.70925,0.550534,252.724
T000962,alpha,binder_void,BN,2.60762,0.1928,0.70925,2.68578,0.1978,0.73375,0.0820652,11.4046
T000962,alpha,BN,binder_void,2.68578,0.1978,0.73375,3.35272,0.2378,0.94646,0.701743,295.081
T000962,alpha,binder_void,BN,3.35272,0.2378,0.94646,3.79742,0.2708,1.06981,0.463104,51.9048
T000962,alpha,BN,binder_void,3.79742,0.2708,1.06981,4.17758,0.2902,1.18271,0.39891,95.6049
T000962,alpha,binder_void,BN,4.17758,0.2902,1.18271,4.0676,0.4645,0.54696,0.683946,44.5629
T000962,alpha,BN,BN,4.0676,0.4645,0.54696,4.05547,0.457,0.53056,0.0279389,0.803609
T000962,alpha,BN,BN,4.05547,0.457,0.53056,4.03899,0.4433,0.52629,0.0252191,2.06159
T000962,alpha,BN,BN,4.03899,0.4433,0.52629,4.03666,0.4492,0.53615,0.0239498,0.441657
T000962,alpha,BN,BN,4.03666,0.4492,0.53615,4.03666,0.4492,0.53615,0,0
T000963,Li7,BN,binder_void,0,0,0,0.45687,0.0192,0.54096,0.70883,418.528
T000963,Li7,binder_void,BN,0.45687,0.0192,0.54096,1.07136,0.1062,1.35454,1.02447,132.075
T000963,Li7,BN,binder_void,1.07136,0.1062,1.35454,1.4736,0.1849,1.88639,0.674932,183.295
T000963,Li7,binder_void,BN,1.4736,0.1849,1.88639,1.7336,0.1626,2.19201,0.404231,32.3149
T000963,Li7,BN,BN,1.7336,0.1626,2.19201,2.12926,0.1202,2.6738,0.692163,73.7873
T000963,Li7,BN,BN,2.12926,0.1202,2.6738,2.12926,0.1202,2.6738,0,0
T000964,alpha,BN,binder_void,0,0,0,-0.096,-0.004,-0.11366,0.148831,53.6275
T000964,alpha,binder_void,BN,-0.096,-0.004,-0.11366,-0.13072,-0.0053,-0.15485,0.0538828,11.0342
T000964,alpha,BN,binder_void,-0.13072,-0.0053,-0.15485,-0.77239,-0.0288,-0.91685,0.996622,394.992
T000964,alpha,binder_void,BN,-0.77239,-0.0288,-0.91685,-0.84632,-0.032,-1.00235,0.113073,15.2982
T000964,alpha,BN,binder_void,-0.84632,-0.032,-1.00235,-1.3796,-0.0575,-1.631356,0.825245,362.029
T000964,alpha,binder_void,BN,-1.3796,-0.0575,-1.631356,-1.67824,-0.0507,-1.958884,0.443332,83.4787
T000964,alpha,BN,binder_void,-1.67824,-0.0507,-1.958884,-1.8114,-0.0454,-2.106489,0.198893,88.6123
T000964,alpha,binder_void,BN,-1.8114,-0.0454,-2.106489,-2.49004,-0.0373,-2.858465,1.01339,159.046
T000964,alpha,BN,binder_void,-2.49004,-0.0373,-2.858465,-2.67467,-0.0256,-3.045316,0.263123,98.7245
T000964,alpha,binder_void,BN,-2.67467,-0.0256,-3.045316,-2.73571,-0.0248,-3.108231,0.0876779,13.0614
T000964,alpha,BN,binder_void,-2.73571,-0.0248,-3.108231,-3.18331,-0.0192,-3.57321,0.648625,155.502
T000964,alpha,binder_void,BN,-3.18331,-0.0192,-3.57321,-3.60682,-0.1907,-4.10059,0.73312,5.48293
T000964,alpha,BN,BN,-3.60682,-0.1907,-4.10059,-3.93231,-0.1918,-4.1829,0.386773,29.1115
T000964,alpha,BN,BN,-3.93231,-0.1918,-4.1829,-3.93231,-0.1918,-4.1829,0,0
T000965,Li7,BN,binder_void,0,0,0,-0.67013,-0.5771,0.08696,0.889452,460.735
T000965,Li7,binder_void,binder_void,-0.67013,-0.5771,0.08696,-2.13831,-1.6429,0.3285,1.83311,199.062
T000965,Li7,binder_void,BN,-2.13831,-1.6429,0.3285,-2.34885,-1.795,0.35497,0.261387,27.6306
T000965,Li7,BN,BN,-2.34885,-1.795,0.35497,-3.013131,-2.3095,0.47782,0.874351,152.572
T000965,Li7,BN,BN,-3.013131,-2.3095,0.47782,-3.013131,-2.3095,0.47782,0,0
T000966,alpha,BN,binder_void,0,0,0,0.03445,0.0297,-0.00447,0.0456897,14.7124
T000966,alpha,binder_void,BN,0.03445,0.0297,-0.00447,0.39104,0.3414,-0.05194,0.476005,79.1852
T000966,alpha,BN,binder_void,0.39104,0.3414,-0.05194,1.00001,0.873,-0.13361,0.812614,334.526
T000966,alpha,binder_void,BN,1.00001,0.873,-0.13361,1.04681,0.9136,-0.14105,0.0623849,12.7533
T000966,alpha,BN,binder_void,1.04681,0.9136,-0.14105,1.64099,1.4289,-0.23593,0.792357,376.937
T000966,alpha,binder_void,BN,1.64099,1.4289,-0.23593,1.68197,1.4636,-0.24189,0.054015,9.25586
T000966,alpha,BN,binder_void,1.68197,1.4636,-0.24189,2.20855,1.9102,-0.31998,0.695243,340.077
T000966,alpha,binder_void,BN,2.20855,1.9102,-0.31998,2.55503,2.1851,-0.3598,0.44423,61.1957
T000966,alpha,BN,binder_void,2.55503,2.1851,-0.3598,3.00567,2.5383,-0.42629,0.577918,190.156
T000966,alpha,binder_void,BN,3.00567,2.5383,-0.42629,3.38752,2.8177,-0.57994,0.504427,40.8571
T000966,alpha,BN,BN,3.38752,2.8177,-0.57994,3.46196,2.8394,-0.58164,0.0870957,4.9048
T000966,alpha,BN,binder_void,3.46196,2.8394,-0.58164,3.46683,2.8381,-0.57793,0.00641636,0.74017
T000966,alpha,binder_void,binder_void,3.46683,2.8381,-0.57793,3.49498,2.7791,-0.55034,0.0754371,2.53759
T000966,alpha,binder_void,binder_void,3.49498,2.7791,-0.55034,3.49593,2.7496,-0.50034,0.068371,2.16167
T000966,alpha,binder_void,binder_void,3.49593,2.7496,-0.50034,3.49593,2.7496,-0.50034,0,0
T000967,Li7,BN,binder_void,0,0,0,0.01869,-0.0035,-0.0644,0.0671465,45.1603
T000967,Li7,binder_void,ZnS,0.01869,-0.0035,-0.0644,0.23688,-0.0632,-1.0213,0.983615,168.239
T000967,Li7,ZnS,ZnS,0.23688,-0.0632,-1.0213,0.50421,-0.1991,-2.52574,1.56192,612.583
T000967,Li7,ZnS,ZnS,0.50421,-0.1991,-2.52574,0.49972,-0.2167,-2.57999,0.429762,14.0181
T000967,Li7,ZnS,ZnS,0.49972,-0.2167,-2.57999,0.49972,-0.2167,-2.57999,0,0
T000968,alpha,BN,binder_void,0,0,0,-0.16837,0.0316,0.57992,0.604748,237.038
T000968,alpha,binder_void,BN,-0.16837,0.0316,0.57992,-0.27065,0.0471,0.93345,0.368357,62.1941
T000968,alpha,BN,binder_void,-0.27065,0.0471,0.93345,-0.42181,0.073,1.45177,0.540599,223.925
T000968,alpha,binder_void,BN,-0.42181,0.073,1.45177,-0.432,0.0763,1.48015,0.0303315,4.85325
T000968,alpha,BN,binder_void,-0.432,0.0763,1.48015,-0.65037,0.1478,2.08719,0.649215,299.951
T000968,alpha,binder_void,BN,-0.65037,0.1478,2.08719,-0.66665,0.1541,2.13599,0.0518311,9.94743
T000968,alpha,BN,binder_void,-0.66665,0.1541,2.13599,-0.85257,0.225,2.68666,0.585741,259.91
T000968,alpha,binder_void,BN,-0.85257,0.225,2.68666,-1.13437,0.323,3.50156,0.868263,127.26
T000968,alpha,BN,binder_void,-1.13437,0.323,3.50156,-1.44264,0.423,4.37493,0.936198,218.754
T000968,alpha,binder_void,BN,-1.44264,0.423,4.37493,-1.49301,0.4193,4.44297,0.0853638,4.0774
T000968,alpha,BN,BN,-1.49301,0.4193,4.44297,-1.67569,0.4115,4.64768,0.334688,22.0904
T000968,alpha,BN,BN,-1.67569,0.4115,4.64768,-1.67569,0.4115,4.64768,0,0
T000969,Li7,BN,binder_void,0,0,0,0.23406,-0.01439,0.3542,0.424953,275.023
T000969,Li7,binder_void,BN,0.23406,-0.01439,0.3542,0.53876,-0.03297,0.78617,0.52912,85.8327
T000969,Li7,BN,binder_void,0.53876,-0.03297,0.78617,0.79631,-0.04299,1.13844,0.436993,215.794
T000969,Li7,binder_void,BN,0.79631,-0.04299,1.13844,0.91948,-0.04479,1.28651,0.192704,19.9512
T000969,Li7,BN,BN,0.91948,-0.04479,1.28651,1.48047,-0.04999,1.99179,0.911726,243.399
T000969,Li7,BN,BN,1.48047,-0.04999,1.99179,1.48047,-0.04999,1.99179,0,0
T000970,alpha,BN,binder_void,0,0,0,-0.24283,0.01492,-0.36747,0.44074,156.949
T000970,alpha,binder_void,ZnS,-0.24283,0.01492,-0.36747,-0.408101,0.02539,-0.6144,0.297316,48.1979
T000970,alpha,ZnS,binder_void,-0.408101,0.02539,-0.6144,-2.21861,0.13759,-3.32931,3.28118,1256.67
T000970,alpha,binder_void,BN,-2.21861,0.13759,-3.32931,-2.24734,0.12797,-3.36579,0.0490851,1.68035
T000970,alpha,BN,BN,-2.24734,0.12797,-3.36579,-2.25979,0.11008,-3.39746,0.0406629,4.42265
T000970,alpha,BN,BN,-2.25979,0.11008,-3.39746,-2.28688,0.10535,-3.3888,0.035933,0.957663
T000970,alpha,BN,BN,-2.28688,0.10535,-3.3888,-2.29835,0.08814,-3.37839,0.0307755,1.07204
T000970,alpha,BN,BN,-2.29835,0.08814,-3.37839,-2.29844,0.08802,-3.37826,0.0152205,0.0506157
T000970,alpha,BN,BN,-2.29844,0.08802,-3.37826,-2.29844,0.08802,-3.37826,0,0
T000971,Li7,BN,binder_void,0,0,0,0.042604,0.65974,0.13627,0.675452,391.245
T000971,Li7,binder_void,ZnS,0.042604,0.65974,0.13627,0.11316,1.72226,0.40119,1.09856,131.207
T000971,Li7,ZnS,ZnS,0.11316,1.72226,0.40119,0.27174,3.04193,0.62319,1.44006,276.685
T000971,Li7,ZnS,binder_void,0.27174,3.04193,0.62319,0.31508,3.05794,0.63959,0.0525354,10.7645
T000971,Li7,binder_void,binder_void,0.31508,3.05794,0.63959,0.7975,3.08608,1.04025,0.707014,23.8197
T000971,Li7,binder_void,binder_void,0.7975,3.08608,1.04025,0.94016,3.09423,1.07373,0.524461,6.27863
T000971,Li7,binder_void,binder_void,0.94016,3.09423,1.07373,0.94016,3.09423,1.07373,0,0
T000972,alpha,BN,binder_void,0,0,0,-0.017505,-0.27107,-0.05598,0.277356,105.39
T000972,alpha,binder_void,BN,-0.017505,-0.27107,-0.05598,-0.01972,-0.30352,-0.06265,0.0332023,2.09716
T000972,alpha,BN,binder_void,-0.01972,-0.30352,-0.06265,-0.07084,-1.05282,-0.21591,0.766608,288.16
T000972,alpha,binder_void,BN,-0.07084,-1.05282,-0.21591,-0.088735,-1.37281,-0.27841,0.326536,49.2223
T000972,alpha,BN,binder_void,-0.088735,-1.37281,-0.27841,-0.125653,-2.10099,-0.42127,0.743139,318.589
T000972,alpha,binder_void,BN,-0.125653,-2.10099,-0.42127,-0.144081,-2.60163,-0.50881,0.508611,87.6525
T000972,alpha,BN,binder_void,-0.144081,-2.60163,-0.50881,-0.163301,-3.08956,-0.59751,0.496473,226.865
T000972,alpha,binder_void,BN,-0.163301,-3.08956,-0.59751,-0.164184,-3.10973,-0.60174,0.0206278,3.20893
T000972,alpha,BN,binder_void,-0.164184,-3.10973,-0.60174,-0.197719,-3.77862,-0.7381,0.684313,239.969
T000972,alpha,binder_void,BN,-0.197719,-3.77862,-0.7381,-0.163046,-4.27814,-0.84183,0.512266,37.5339
T000972,alpha,BN,BN,-0.163046,-4.27814,-0.84183,-0.149075,-5.028177,-0.98623,0.782977,111.312
T000972,alpha,BN,BN,-0.149075,-5.028177,-0.98623,-0.149075,-5.028177,-0.98623,0,0
T000973,Li7,BN,binder_void,0,0,0,-0.2259,0.1891,0.22879,0.373134,247.142
T000973,Li7,binder_void,BN,-0.2259,0.1891,0.22879,-0.5084,0.4257,0.51677,0.467834,77.9127
T000973,Li7,BN,binder_void,-0.5084,0.4257,0.51677,-0.9175,0.7621,0.91613,0.664395,324.588
T000973,Li7,binder_void,BN,-0.9175,0.7621,0.91613,-1.0575,0.8909,1.0671,0.243188,24.1331
T000973,Li7,BN,binder_void,-1.0575,0.8909,1.0671,-1.4238,1.2267,1.44236,0.631556,155.738
T000973,Li7,binder_void,binder_void,-1.4238,1.2267,1.44236,-1.505,1.2681,1.50993,0.119786,3.94965
T000973,Li7,binder_void,binder_void,-1.505,1.2681,1.50993,-1.5846,1.3197,1.55847,0.150606,7.42133
T000973,Li7,binder_void,binder_void,-1.5846,1.3197,1.55847,-1.5846,1.3197,1.55847,0,0
T000974,alpha,BN,binder_void,0,0,0,0.1059,-0.0888,-0.10732,0.174974,66.2329
T000974,alpha,binder_void,BN,0.1059,-0.0888,-0.10732,0.3536,-0.2969,-0.35815,0.409363,65.7069
T000974,alpha,BN,binder_void,0.3536,-0.2969,-0.35815,0.6435,-0.5424,-0.65305,0.480958,199.887
T000974,alpha,binder_void,BN,0.6435,-0.5424,-0.65305,1.1713,-0.9939,-1.19119,0.878698,129.405
T000974,alpha,BN,binder_void,1.1713,-0.9939,-1.19119,1.7357,-1.4634,-1.76572,0.932478,411.349
T000974,alpha,binder_void,ZnS,1.7357,-1.4634,-1.76572,1.92,-1.636,-1.96726,0.323102,50.6425
T000974,alpha,ZnS,binder_void,1.92,-1.636,-1.96726,3.3212,-2.9245,-3.48356,2.48064,471.407
T000974,alpha,binder_void,ZnS,3.3212,-2.9245,-3.48356,3.4568,-2.9397,-3.50477,0.138286,11.3069
T000974,alpha,ZnS,ZnS,3.4568,-2.9397,-3.50477,3.8103,-2.8797,-3.49642,0.376252,32.1566
T000974,alpha,ZnS,ZnS,3.8103,-2.8797,-3.49642,3.9711,-2.6993,-3.28727,0.366013,7.24704
T000974,alpha,ZnS,binder_void,3.9711,-2.6993,-3.28727,4.0583,-2.619,-3.2241,0.170586,3.94883
T000974,alpha,binder_void,ZnS,4.0583,-2.619,-3.2241,4.0583,-2.619,-3.2241,0,0
T000974,alpha,ZnS,ZnS,4.0583,-2.619,-3.2241,4.143,-2.5388,-3.21346,0.152341,10.6104
T000974,alpha,ZnS,binder_void,4.143,-2.5388,-3.21346,4.1606,-2.4953,-3.18597,0.088682,1.62142
T000974,alpha,binder_void,binder_void,4.1606,-2.4953,-3.18597,4.2398,-2.522,-3.10413,0.121496,4.91406
T000974,alpha,binder_void,binder_void,4.2398,-2.522,-3.10413,4.3199,-2.5457,-3.04391,0.147597,3.0052
T000974,alpha,binder_void,binder_void,4.3199,-2.5457,-3.04391,4.3267,-2.5512,-3.03997,0.125949,0.559024
T000974,alpha,binder_void,binder_void,4.3267,-2.5512,-3.03997,4.3267,-2.5512,-3.03997,0,0
T000975,Li7,BN,binder_void,0,0,0,0.0203,-0.0578,0.0385,0.0722883,45.9339
T000975,Li7,binder_void,BN,0.0203,-0.0578,0.0385,0.0772,-0.2203,0.14655,0.203291,31.8814
T000975,Li7,BN,binder_void,0.0772,-0.2203,0.14655,0.2191,-0.6372,0.42089,0.519163,311.736
T000975,Li7,binder_void,BN,0.2191,-0.6372,0.42089,0.2911,-0.8672,0.56566,0.281248,38.6979
T000975,Li7,BN,binder_void,0.2911,-0.8672,0.56566,0.4774,-1.4858,0.95288,0.755455,347.231
T000975,Li7,binder_void,binder_void,0.4774,-1.4858,0.95288,1.0295,-2.5716,1.49987,1.43279,33.2728
T000975,Li7,binder_void,BN,1.0295,-2.5716,1.49987,1.2346,-3.0436,1.56462,0.568229,23.3375
T000975,Li7,BN,BN,1.2346,-3.0436,1.56462,1.2762,-3.0451,1.56226,0.0457134,4.34946
T000975,Li7,BN,BN,1.2762,-3.0451,1.56226,1.2973,-3.0339,1.55389,0.0484528,4.0721
T000975,Li7,BN,BN,1.2973,-3.0339,1.55389,1.2973,-3.0339,1.55389,0,0
T000976,alpha,BN,binder_void,0,0,0,-0.2532,0.721,-0.48084,0.903016,366.905
T000976,alpha,binder_void,BN,-0.2532,0.721,-0.48084,-0.5865,1.5843,-1.04978,1.08645,180.974
T000976,alpha,BN,binder_void,-0.5865,1.5843,-1.04978,-0.8392,2.2409,-1.47524,0.82239,367.318
T000976,alpha,binder_void,BN,-0.8392,2.2409,-1.47524,-1.0161,2.7213,-1.81802,0.616176,104.339
T000976,alpha,BN,binder_void,-1.0161,2.7213,-1.81802,-1.2942,3.4836,-2.36489,0.979918,397.648
T000976,alpha,binder_void,BN,-1.2942,3.4836,-2.36489,-1.3039,3.521,-2.39193,0.0472821,4.04358
T000976,alpha,BN,BN,-1.3039,3.521,-2.39193,-1.3935,3.8944,-2.66493,0.506999,48.7712
T000976,alpha,BN,BN,-1.3935,3.8944,-2.66493,-1.3935,3.8944,-2.66493,0,0
T000977,Li7,BN,binder_void,0,0,0,0.0183,-0.10585,0.21834,0.243387,160.006
T000977,Li7,binder_void,BN,0.0183,-0.10585,0.21834,0.0208,-0.11882,0.2462,0.0308404,5.63842
T000977,Li7,BN,binder_void,0.0208,-0.11882,0.2462,0.0604,-0.32348,0.68733,0.488225,272.85
T000977,Li7,binder_void,ZnS,0.0604,-0.32348,0.68733,0.0803,-0.43609,0.95779,0.293745,42.1711
T000977,Li7,ZnS,ZnS,0.0803,-0.43609,0.95779,-0.0626,-1.19229,2.15969,1.46294,359.335
T000977,Li7,ZnS,ZnS,-0.0626,-1.19229,2.15969,-0.0626,-1.19229,2.15969,0,0
T000978,alpha,BN,binder_void,0,0,0,-0.0254,0.14657,-0.30232,0.336953,126.857
T000978,alpha,binder_void,ZnS,-0.0254,0.14657,-0.30232,-0.0449,0.26044,-0.53453,0.259361,33.9104
T000978,alpha,ZnS,binder_void,-0.0449,0.26044,-0.53453,-0.2568,1.493972,-3.03897,2.81014,936.302
T000978,alpha,binder_void,BN,-0.2568,1.493972,-3.03897,-0.3531,1.676644,-3.60784,0.605402,93.8701
T000978,alpha,BN,binder_void,-0.3531,1.676644,-3.60784,-0.4337,1.809569,-4.02005,0.441172,144.794
T000978,alpha,binder_void,BN,-0.4337,1.809569,-4.02005,-0.5243,1.959111,-4.41716,0.43469,36.0564
T000978,alpha,BN,binder_void,-0.5243,1.959111,-4.41716,-0.6735,2.15626,-5.0531,0.699579,83.5653
T000978,alpha,binder_void,binder_void,-0.6735,2.15626,-5.0531,-0.5643,2.340301,-5.36354,0.430762,14.6454
T000978,alpha,binder_void,binder_void,-0.5643,2.340301,-5.36354,-0.5643,2.340301,-5.36354,0,0
T000979,Li7,BN,binder_void,0,0,0,-0.0452,0.13432,-0.00665,0.14186,90.7618
T000979,Li7,binder_void,ZnS,-0.0452,0.13432,-0.00665,-0.2232,0.65463,-0.03325,0.550703,93.2192
T000979,Li7,ZnS,ZnS,-0.2232,0.65463,-0.03325,-0.747,2.094317,-0.31134,1.57043,590.304
T000979,Li7,ZnS,ZnS,-0.747,2.094317,-0.31134,-0.9013,2.5128158,-0.40238,0.930488,65.7151
T000979,Li7,ZnS,ZnS,-0.9013,2.5128158,-0.40238,-0.9013,2.5128158,-0.40238,0,0
T000980,alpha,BN,binder_void,0,0,0,0.1838,-0.54733,0.0271,0.578071,223.969
T000980,alpha,binder_void,BN,0.1838,-0.54733,0.0271,0.2093,-0.62565,0.03124,0.0824675,11.3075
T000980,alpha,BN,binder_void,0.2093,-0.62565,0.03124,0.3727,-1.12659,0.05761,0.52761,220.988
T000980,alpha,binder_void,BN,0.3727,-1.12659,0.05761,0.7047,-2.21303,0.09212,1.1367,192.211
T000980,alpha,BN,binder_void,0.7047,-2.21303,0.09212,0.9924,-3.16266,0.10998,0.992848,446.598
T000980,alpha,binder_void,BN,0.9924,-3.16266,0.10998,1.0415,-3.3226,0.12374,0.167888,29.5384
T000980,alpha,BN,binder_void,1.0415,-3.3226,0.12374,1.1451,-3.67086,0.15165,0.364688,157.718
T000980,alpha,binder_void,BN,1.1451,-3.67086,0.15165,1.3056,-4.13571,0.20025,0.494715,50.4426
T000980,alpha,BN,binder_void,1.3056,-4.13571,0.20025,1.5129,-4.72795,0.2411,0.634836,126.017
T000980,alpha,binder_void,binder_void,1.5129,-4.72795,0.2411,1.6082,-4.91499,0.28635,0.238302,4.31142
T000980,alpha,binder_void,BN,1.6082,-4.91499,0.28635,1.663,-4.92654,0.44624,0.212563,1.91864
T000980,alpha,BN,BN,1.663,-4.92654,0.44624,1.6381,-4.92582,0.43295,0.0323521,1.36001
T000980,alpha,BN,BN,1.6381,-4.92582,0.43295,1.6129,-4.93052,0.44608,0.0321684,0.906023
T000980,alpha,BN,BN,1.6129,-4.93052,0.44608,1.589,-4.92368,0.44438,0.0288077,0.701639
T000980,alpha,BN,BN,1.589,-4.92368,0.44438,1.605,-4.90485,0.43697,0.0319243,2.01232
T000980,alpha,BN,BN,1.605,-4.90485,0.43697,1.605,-4.90485,0.43697,0,0
T000981,Li7,BN,binder_void,0,0,0,0.01828,-0.1102,0.07481,0.134527,84.1978
T000981,Li7,binder_void,ZnS,0.01828,-0.1102,0.07481,0.13386,-0.7859,0.5243,0.819967,139.102
T000981,Li7,ZnS,ZnS,0.13386,-0.7859,0.5243,0.60099,-2.0575,1.26551,1.559,548.016
T000981,Li7,ZnS,ZnS,0.60099,-2.0575,1.26551,1,-2.2596,1.43756,0.951272,68.6845
T000981,Li7,ZnS,ZnS,1,-2.2596,1.43756,1,-2.2596,1.43756,0,0
T000982,alpha,BN,binder_void,0,0,0,-0.10181,0.614,-0.4164,0.74886,288.062
T000982,alpha,binder_void,ZnS,-0.10181,0.614,-0.4164,-0.20365,1.1899,-0.80617,0.702854,112.868
T000982,alpha,ZnS,binder_void,-0.20365,1.1899,-0.80617,-0.78318,4.21627,-2.85162,3.73075,1040.61
T000982,alpha,binder_void,BN,-0.78318,4.21627,-2.85162,-0.78194,4.24298,-2.865264,0.0300767,0.532631
T000982,alpha,BN,BN,-0.78194,4.24298,-2.865264,-0.76246,4.5276,-3.0232,0.378463,27.93
T000982,alpha,BN,BN,-0.76246,4.5276,-3.0232,-0.76246,4.5276,-3.0232,0,0
T000983,Li7,BN,binder_void,0,0,0,-0.04829,0.3536,0.08788,0.367588,221.257
T000983,Li7,binder_void,BN,-0.04829,0.3536,0.08788,-0.08432,0.5444,0.13363,0.19958,33.763
T000983,Li7,BN,binder_void,-0.08432,0.5444,0.13363,-0.22143,1.273,0.31137,0.763526,406.412
T000983,Li7,binder_void,BN,-0.22143,1.273,0.31137,-0.29384,1.7052,0.37514,0.443905,40.9473
T000983,Li7,BN,binder_void,-0.29384,1.7052,0.37514,-0.38835,2.1547,0.47984,0.477845,105.666
T000983,Li7,binder_void,BN,-0.38835,2.1547,0.47984,-0.46523,2.53,0.72706,0.490638,18.5131
T000983,Li7,BN,BN,-0.46523,2.53,0.72706,-0.49001,2.574,0.7628,0.0653732,6.61506
T000983,Li7,BN,BN,-0.49001,2.574,0.7628,-0.48508,2.6246,0.77532,0.0604194,6.3751
T000983,Li7,BN,BN,-0.48508,2.6246,0.77532,-0.48505,2.6254,0.7761,0.0541386,0.45145
T000983,Li7,BN,BN,-0.48505,2.6254,0.7761,-0.48505,2.6254,0.7761,0,0
T000984,alpha,BN,binder_void,0,0,0,0.03601,-0.2636,-0.06555,0.274102,101.21
T000984,alpha,binder_void,BN,0.03601,-0.2636,-0.06555,0.0602,-0.4288,-0.10627,0.171821,23.7552
T000984,alpha,BN,binder_void,0.0602,-0.4288,-0.10627,0.18747,-1.2846,-0.31921,0.891159,373.121
T000984,alpha,binder_void,ZnS,0.18747,-1.2846,-0.31921,0.29915,-2.0189,-0.5133,0.767764,137.156
T000984,alpha,ZnS,binder_void,0.29915,-2.0189,-0.5133,0.66885,-4.5251,-1.18249,2.64278,683.558
T000984,alpha,binder_void,BN,0.66885,-4.5251,-1.18249,0.85884,-5.0274,-1.29251,0.549175,66.8206
T000984,alpha,BN,BN,0.85884,-5.0274,-1.29251,1.08198,-5.6298,-1.4081,0.676389,84.3794
T000984,alpha,BN,BN,1.08198,-5.6298,-1.4081,1.08198,-5.6298,-1.4081,0,0
T000985,Li7,BN,binder_void,0,0,0,0.0239,0.1297,0.15043,0.200113,128.903
T000985,Li7,binder_void,BN,0.0239,0.1297,0.15043,0.0246,0.1342,0.1555,0.0067584,0.493263
T000985,Li7,BN,binder_void,0.0246,0.1342,0.1555,0.1096,0.7186,0.82552,0.894324,465.155
T000985,Li7,binder_void,binder_void,0.1096,0.7186,0.82552,0.2575,2.0067,2.003,1.76188,172.082
T000985,Li7,binder_void,BN,0.2575,2.0067,2.003,0.2624,2.0098,2.00021,0.00644724,0.221454
T000985,Li7,BN,BN,0.2624,2.0098,2.00021,0.733,2.3106,1.7277,0.689139,73.1457
T000985,Li7,BN,BN,0.733,2.3106,1.7277,0.733,2.3106,1.7277,0,0
T000986,alpha,BN,binder_void,0,0,0,-0.0867,-0.4696,-0.54459,0.724388,270.046
T000986,alpha,binder_void,BN,-0.0867,-0.4696,-0.54459,-0.0948,-0.5099,-0.59082,0.0618474,8.62692
T000986,alpha,BN,binder_void,-0.0948,-0.5099,-0.59082,-0.2224,-1.1313,-1.30551,0.955814,418.439
T000986,alpha,binder_void,ZnS,-0.2224,-1.1313,-1.30551,-0.3173,-1.649,-1.90985,0.801478,147.434
T000986,alpha,ZnS,binder_void,-0.3173,-1.649,-1.90985,-0.6068,-3.35541,-3.942669,2.7147,584.226
T000986,alpha,binder_void,BN,-0.6068,-3.35541,-3.942669,-0.7557,-3.82817,-4.591076,0.851786,32.7597
T000986,alpha,BN,BN,-0.7557,-3.82817,-4.591076,-0.7688,-3.84222,-4.646026,0.0665285,3.07856
T000986,alpha,BN,binder_void,-0.7688,-3.84222,-4.646026,-0.7689,-3.84139,-4.646918,0.00122233,0.0249221
T000986,alpha,binder_void,binder_void,-0.7689,-3.84139,-4.646918,-0.788,-3.77779,-4.682236,0.0792342,3.23436
T000986,alpha,binder_void,binder_void,-0.788,-3.77779,-4.682236,-0.8398,-3.73219,-4.670721,0.0847512,1.17514
T000986,alpha,binder_void,binder_void,-0.8398,-3.73219,-4.670721,-0.8634,-3.69742,-4.64277,0.0668072,0.956961
T000986,alpha,binder_void,binder_void,-0.8634,-3.69742,-4.64277,-0.8634,-3.69742,-4.64277,0,0
T000987,Li7,BN,binder_void,0,0,0,0.0182,-0.7847,0.09063,0.790825,465.519
T000987,Li7,binder_void,BN,0.0182,-0.7847,0.09063,0.0018,-2.1311,0.21744,1.35518,142.696
T000987,Li7,BN,binder_void,0.0018,-2.1311,0.21744,-0.0052,-2.67,0.26914,0.544688,190.936
T000987,Li7,binder_void,BN,-0.0052,-2.67,0.26914,-0.06,-2.9967,0.20907,0.34729,12.6762
T000987,Li7,BN,BN,-0.06,-2.9967,0.20907,-0.0685,-3.20429,0.28512,0.234567,16.5073
T000987,Li7,BN,BN,-0.0685,-3.20429,0.28512,-0.0066,-3.29538,0.31307,0.200251,20.5766
T000987,Li7,BN,BN,-0.0066,-3.29538,0.31307,-0.0066,-3.29538,0.31307,0,0
T000988,alpha,BN,binder_void,0,0,0,-0.0043,0.1822,-0.02103,0.183401,61.9487
T000988,alpha,binder_void,BN,-0.0043,0.1822,-0.02103,-0.0064,0.2726,-0.03176,0.0910586,16.0577
T000988,alpha,BN,binder_void,-0.0064,0.2726,-0.03176,-0.0199,0.818,-0.09622,0.549409,217.724
T000988,alpha,binder_void,BN,-0.0199,0.818,-0.09622,-0.0222,0.9073,-0.1079,0.0900835,11.362
T000988,alpha,BN,binder_void,-0.0222,0.9073,-0.1079,-0.0477,1.8501,-0.23135,0.951455,429.148
T000988,alpha,binder_void,ZnS,-0.0477,1.8501,-0.23135,-0.0485,1.87,-0.23437,0.0201577,6.45761
T000988,alpha,ZnS,ZnS,-0.0485,1.87,-0.23437,-0.1898,5.2599,-0.74425,3.50353,727.301
T000988,alpha,ZnS,ZnS,-0.1898,5.2599,-0.74425,-0.1898,5.2599,-0.74425,0,0
T000989,Li7,BN,binder_void,0,0,0,-0.0988,0.6212,0.43688,0.766396,442.983
T000989,Li7,binder_void,BN,-0.0988,0.6212,0.43688,-0.134395,0.7965,0.57218,0.224315,31.5762
T000989,Li7,BN,binder_void,-0.134395,0.7965,0.57218,-0.2839885,1.5113,1.11185,0.912631,328.89
T000989,Li7,binder_void,BN,-0.2839885,1.5113,1.11185,-0.3499475,1.8383,1.24632,0.375056,12.6028
T000989,Li7,BN,BN,-0.3499475,1.8383,1.24632,-0.3876042,1.8996,1.37624,0.167169,23.9481
T000989,Li7,BN,BN,-0.3876042,1.8996,1.37624,-0.3876042,1.8996,1.37624,0,0
T000990,alpha,BN,binder_void,0,0,0,0.019182,-0.1206,-0.08481,0.148686,52.8769
T000990,alpha,binder_void,BN,0.019182,-0.1206,-0.08481,0.045768,-0.2898,-0.20284,0.208002,29.4686
T000990,alpha,BN,binder_void,0.045768,-0.2898,-0.20284,0.130721,-0.8231,-0.57618,0.656615,262.177
T000990,alpha,binder_void,ZnS,0.130721,-0.8231,-0.57618,0.227583,-1.37373,-0.96923,0.683449,109.737
T000990,alpha,ZnS,ZnS,0.227583,-1.37373,-0.96923,0.831819,-4.76956,-3.42588,4.29474,1015.74
T000990,alpha,ZnS,ZnS,0.831819,-4.76956,-3.42588,0.831819,-4.76956,-3.42588,0,0
T000991,Li7,BN,binder_void,0,0,0,-0.4316492,-0.1626,0.22348,0.512786,330.958
T000991,Li7,binder_void,BN,-0.4316492,-0.1626,0.22348,-0.632802,-0.2361,0.33145,0.239905,34.9556
T000991,Li7,BN,binder_void,-0.632802,-0.2361,0.33145,-0.704074,-0.2633,0.36959,0.085277,44.6118
T000991,Li7,binder_void,binder_void,-0.704074,-0.2633,0.36959,-2.301991,-0.815,1.12564,1.85386,197.516
T000991,Li7,binder_void,ZnS,-2.301991,-0.815,1.12564,-2.439841,-0.8619,1.17156,0.152742,15.9787
T000991,Li7,ZnS,ZnS,-2.439841,-0.8619,1.17156,-3.380271,-1.69879,1.42476,1.36155,215.979
T000991,Li7,ZnS,ZnS,-3.380271,-1.69879,1.42476,-3.380271,-1.69879,1.42476,0,0
T000992,alpha,BN,binder_void,0,0,0,0.187092,0.0705,-0.09686,0.222161,87.4554
T000992,alpha,binder_void,BN,0.187092,0.0705,-0.09686,0.565827,0.2135,-0.29177,0.449321,64.265
T000992,alpha,BN,binder_void,0.565827,0.2135,-0.29177,1.288209,0.4886,-0.66361,0.857921,359.32
T000992,alpha,binder_void,ZnS,1.288209,0.4886,-0.66361,1.755659,0.6608,-0.90849,0.555106,84.3616
T000992,alpha,ZnS,binder_void,1.755659,0.6608,-0.90849,3.574619,1.3094,-1.83628,2.15509,559.606
T000992,alpha,binder_void,BN,3.574619,1.3094,-1.83628,3.946379,1.4648,-2.08879,0.475723,80.8527
T000992,alpha,BN,binder_void,3.946379,1.4648,-2.08879,4.690719,1.7918,-2.62857,0.981708,208.038
T000992,alpha,binder_void,BN,4.690719,1.7918,-2.62857,4.706289,1.8028,-2.63858,0.0215252,0.656289
T000992,alpha,BN,BN,4.706289,1.8028,-2.63858,4.935939,1.9524,-2.77226,0.360425,25.4452
T000992,alpha,BN,BN,4.935939,1.9524,-2.77226,4.935939,1.9524,-2.77226,0,0
T000993,Li7,BN,binder_void,0,0,0,-0.0467,0.32648,0.0491,0.333533,207.59
T000993,Li7,binder_void,BN,-0.0467,0.32648,0.0491,-0.0677,0.45855,0.06882,0.135184,21.4517
T000993,Li7,BN,binder_void,-0.0677,0.45855,0.06882,-0.2232,1.42047,0.22127,0.988237,546.025
T000993,Li7,binder_void,BN,-0.2232,1.42047,0.22127,-0.2873,1.67455,0.25651,0.266979,18.5213
T000993,Li7,BN,BN,-0.2873,1.67455,0.25651,-0.3627,2.04696,0.3181,0.431746,46.4122
T000993,Li7,BN,BN,-0.3627,2.04696,0.3181,-0.3627,2.04696,0.3181,0,0
T000994,alpha,BN,binder_void,0,0,0,0.0637,-0.44632,-0.06713,0.455844,164.487
T000994,alpha,binder_void,BN,0.0637,-0.44632,-0.06713,0.1177,-0.82503,-0.12344,0.386668,56.0319
T000994,alpha,BN,binder_void,0.1177,-0.82503,-0.12344,0.1803,-1.24635,-0.1911,0.431316,182.163
T000994,alpha,binder_void,BN,0.1803,-1.24635,-0.1911,0.2,-1.38219,-0.21212,0.138873,18.6249
T000994,alpha,BN,binder_void,0.2,-1.38219,-0.21212,0.2974,-2.04532,-0.3141,0.678073,291.538
T000994,alpha,binder_void,BN,0.2974,-2.04532,-0.3141,0.4699,-3.029155,-0.46371,1.01015,166.748
T000994,alpha,BN,binder_void,0.4699,-3.029155,-0.46371,0.6206,-3.987111,-0.59936,0.979995,383.752
T000994,alpha,binder_void,BN,0.6206,-3.987111,-0.59936,0.6335,-4.060361,-0.61453,0.075928,10.5229
T000994,alpha,BN,BN,0.6335,-4.060361,-0.61453,0.772,-4.865798,-0.78418,0.840367,196.132
T000994,alpha,BN,BN,0.772,-4.865798,-0.78418,0.772,-4.865798,-0.78418,0,0
T000995,Li7,BN,binder_void,0,0,0,0.041,-0.07786,0.18825,0.207836,136.955
T000995,Li7,binder_void,BN,0.041,-0.07786,0.18825,0.0824,-0.16032,0.38331,0.215798,38.9074
T000995,Li7,BN,binder_void,0.0824,-0.16032,0.38331,0.1387,-0.2768,0.66045,0.305992,178.579
T000995,Li7,binder_void,BN,0.1387,-0.2768,0.66045,0.2363,-0.51795,1.192367,0.592422,85.2252
T000995,Li7,BN,binder_void,0.2363,-0.51795,1.192367,0.3579,-0.85682,1.932653,0.826151,270.696
T000995,Li7,binder_void,BN,0.3579,-0.85682,1.932653,0.3591,-0.86657,1.959094,0.0282113,2.85733
T000995,Li7,BN,BN,0.3591,-0.86657,1.959094,0.3802,-1.06963,2.533408,0.624342,126.779
T000995,Li7,BN,BN,0.3802,-1.06963,2.533408,0.3802,-1.06963,2.533408,0,0
T000996,alpha,BN,binder_void,0,0,0,-0.1443,0.27403,-0.6626,0.731479,279.91
T000996,alpha,binder_void,BN,-0.1443,0.27403,-0.6626,-0.167,0.31757,-0.7701,0.118171,20.7253
T000996,alpha,BN,binder_void,-0.167,0.31757,-0.7701,-0.244,0.46228,-1.13005,0.395559,176.49
T000996,alpha,binder_void,BN,-0.244,0.46228,-1.13005,-0.3475,0.61471,-1.52355,0.434503,72.1168
T000996,alpha,BN,binder_void,-0.3475,0.61471,-1.52355,-0.55785,0.91618,-2.31944,0.876963,380.285
T000996,alpha,binder_void,BN,-0.55785,0.91618,-2.31944,-0.5812,0.94945,-2.41151,0.100638,20.4153
T000996,alpha,BN,binder_void,-0.5812,0.94945,-2.41151,-0.67477,1.08156,-2.77593,0.398918,164.59
T000996,alpha,binder_void,BN,-0.67477,1.08156,-2.77593,-0.79646,1.24533,-3.20185,0.472408,75.9196
T000996,alpha,BN,binder_void,-0.79646,1.24533,-3.20185,-0.88688,1.36321,-3.523,0.35424,137.66
T000996,alpha,binder_void,ZnS,-0.88688,1.36321,-3.523,-0.9945,1.4979,-3.84341,0.364338,30.0757
T000996,alpha,ZnS,ZnS,-0.9945,1.4979,-3.84341,-1.22807,1.91012,-4.67669,1.1057,111.813
T000996,alpha,ZnS,ZnS,-1.22807,1.91012,-4.67669,-1.22807,1.91012,-4.67669,0,0
T000997,Li7,BN,binder_void,0,0,0,0.1552,-0.14218,-0.08479,0.226997,151.944
T000997,Li7,binder_void,BN,0.1552,-0.14218,-0.08479,0.6612,-0.60663,-0.35867,0.739634,121.716
T000997,Li7,BN,binder_void,0.6612,-0.60663,-0.35867,0.7973,-0.732702,-0.43635,0.201211,116.969
T000997,Li7,binder_void,BN,0.7973,-0.732702,-0.43635,1.2537,-1.176656,-0.70553,0.691732,88.492
T000997,Li7,BN,binder_void,1.2537,-1.176656,-0.70553,1.5415,-1.432451,-0.86192,0.416382,172.419
T000997,Li7,binder_void,BN,1.5415,-1.432451,-0.86192,1.7419,-1.622425,-0.98831,0.304124,29.1171
T000997,Li7,BN,BN,1.7419,-1.622425,-0.98831,2.3137,-2.164069,-1.37889,0.904753,159.343
T000997,Li7,BN,BN,2.3137,-2.164069,-1.37889,2.3137,-2.164069,-1.37889,0,0
T000998,alpha,BN,binder_void,0,0,0,-0.2919,0.26727,0.15938,0.426648,157.034
T000998,alpha,binder_void,ZnS,-0.2919,0.26727,0.15938,-0.5167,0.47616,0.28691,0.332342,52.6118
T000998,alpha,ZnS,ZnS,-0.5167,0.47616,0.28691,-3.1599,2.90769,1.79753,3.92153,1260.35
T000998,alpha,ZnS,ZnS,-3.1599,2.90769,1.79753,-3.1599,2.90769,1.79753,0,0
T000999,Li7,BN,binder_void,0,0,0,-0.0803,0.07336,0.17517,0.206216,133.954
T000999,Li7,binder_void,BN,-0.0803,0.07336,0.17517,-0.0903,0.08237,0.19633,0.0250935,6.16074
T000999,Li7,BN,binder_void,-0.0903,0.08237,0.19633,-0.3349,0.30292,0.71226,0.612599,318.404
T000999,Li7,binder_void,ZnS,-0.3349,0.30292,0.71226,-0.4277,0.37979,0.89221,0.216617,29.9646
T000999,Li7,ZnS,ZnS,-0.4277,0.37979,0.89221,-0.9802,1.07467,1.9735,1.45892,351.517
T000999,Li7,ZnS,ZnS,-0.9802,1.07467,1.9735,-0.9802,1.07467,1.9735,0,0
T001000,alpha,BN,binder_void,0,0,0,0.1828,-0.16707,-0.399,0.469636,175.566
T001000,alpha,binder_void,ZnS,0.1828,-0.16707,-0.399,0.8466,-0.757897,-1.85549,1.70639,256.756
T001000,alpha,ZnS,binder_void,0.8466,-0.757897,-1.85549,1.2399,-1.097356,-2.70617,0.998482,362.393
T001000,alpha,binder_void,BN,1.2399,-1.097356,-2.70617,1.5541,-1.429009,-3.44535,0.869133,156.648
T001000,alpha,BN,binder_void,1.5541,-1.429009,-3.44535,1.8433,-1.7382032,-4.11036,0.788975,329.999
T001000,alpha,binder_void,BN,1.8433,-1.7382032,-4.11036,1.9953,-1.883571,-4.41379,0.369477,48.4842
T001000,alpha,BN,binder_void,1.9953,-1.883571,-4.41379,2.0888,-1.966466,-4.58376,0.21149,62.5708
T001000,alpha,binder_void,BN,2.0888,-1.966466,-4.58376,2.3499,-1.885101,-4.97498,0.480115,45.367
T001000,alpha,BN,BN,2.3499,-1.885101,-4.97498,2.536,-1.833034,-5.27877,0.407867,32.2147
T001000,alpha,BN,BN,2.536,-1.833034,-5.27877,2.536,-1.833034,-5.27877,0,0
T001001,Li7,BN,binder_void,0,0,0,0.0946,0.08122,-0.07759,0.146882,98.7641
T001001,Li7,binder_void,BN,0.0946,0.08122,-0.07759,0.1752,0.14927,-0.14426,0.124741,19.9079
T001001,Li7,BN,binder_void,0.1752,0.14927,-0.14426,0.6052,0.51115,-0.49642,0.663854,374.625
T001001,Li7,binder_void,BN,0.6052,0.51115,-0.49642,1.2528,1.22948,-1.10071,1.14261,132.935
T001001,Li7,BN,BN,1.2528,1.22948,-1.10071,1.7413,1.7487,-1.51944,0.837686,213.768
T001001,Li7,BN,BN,1.7413,1.7487,-1.51944,1.7413,1.7487,-1.51944,0,0
T001002,alpha,BN,binder_void,0,0,0,-0.5452,-0.46808,0.44711,0.846443,323.048
T001002,alpha,binder_void,ZnS,-0.5452,-0.46808,0.44711,-1.1273,-0.9649,0.92631,0.902997,144.68
T001002,alpha,ZnS,ZnS,-1.1273,-0.9649,0.92631,-3.65747,-3.10609,3.03109,3.97211,1002.27
T001002,alpha,ZnS,ZnS,-3.65747,-3.10609,3.03109,-3.65747,-3.10609,3.03109,0,0
T001003,Li7,BN,binder_void,0,0,0,0.0767,-0.51047,0.44055,0.679078,413.617
T001003,Li7,binder_void,BN,0.0767,-0.51047,0.44055,0.1472,-1.00265,0.85806,0.649705,92.8701
T001003,Li7,BN,binder_void,0.1472,-1.00265,0.85806,0.2292,-1.62751,1.3626,0.811375,275.774
T001003,Li7,binder_void,binder_void,0.2292,-1.62751,1.3626,0.256,-2.69099,1.74909,1.21919,57.7397
T001003,Li7,binder_void,binder_void,0.256,-2.69099,1.74909,0.256,-2.69099,1.74909,0,0
T001004,alpha,BN,binder_void,0,0,0,-0.0207,0.13777,-0.1189,0.183163,69.3788
T001004,alpha,binder_void,ZnS,-0.0207,0.13777,-0.1189,-0.0809,0.544,-0.46651,0.538049,88.0154
T001004,alpha,ZnS,binder_void,-0.0809,0.544,-0.46651,-0.4857,3.262606,-2.78398,3.61394,1161
T001004,alpha,binder_void,BN,-0.4857,3.262606,-2.78398,-0.4583,3.453163,-2.94753,0.252821,23.8341
T001004,alpha,BN,binder_void,-0.4583,3.453163,-2.94753,-0.369,3.988559,-3.44479,0.747118,40.0675
T001004,alpha,binder_void,BN,-0.369,3.988559,-3.44479,-0.3578,4.0092,-3.45719,0.0266045,4.34277
T001004,alpha,BN,BN,-0.3578,4.0092,-3.45719,-0.0887,4.512369,-3.76459,0.672071,83.3603
T001004,alpha,BN,BN,-0.0887,4.512369,-3.76459,-0.0887,4.512369,-3.76459,0,0
T001005,Li7,BN,binder_void,0,0,0,0.0235834,0.3759,-0.32573,0.498209,320.215
T001005,Li7,binder_void,BN,0.0235834,0.3759,-0.32573,0.0543741,0.7129,-0.60664,0.439975,62.3424
T001005,Li7,BN,binder_void,0.0543741,0.7129,-0.60664,0.0854831,1.0295,-0.86606,0.410932,184.791
T001005,Li7,binder_void,BN,0.0854831,1.0295,-0.86606,0.1103651,1.2397,-1.03762,0.272675,30.8854
T001005,Li7,BN,binder_void,0.1103651,1.2397,-1.03762,0.1410771,1.5314,-1.26959,0.375228,124.974
T001005,Li7,binder_void,BN,0.1410771,1.5314,-1.26959,0.1915101,1.8566,-1.55847,0.440282,32.3659
T001005,Li7,BN,BN,0.1915101,1.8566,-1.55847,0.1602621,2.2335,-2.01543,0.628759,84.4257
T001005,Li7,BN,BN,0.1602621,2.2335,-2.01543,0.1602621,2.2335,-2.01543,0,0
T001006,alpha,BN,binder_void,0,0,0,-0.0159213,-0.25385,0.2199,0.336206,130.202
T001006,alpha,binder_void,BN,-0.0159213,-0.25385,0.2199,-0.0176138,-0.27239,0.23613,0.0247046,4.81349
T001006,alpha,BN,binder_void,-0.0176138,-0.27239,0.23613,-0.08165567,-0.98093,0.85667,0.944188,419.372
T001006,alpha,binder_void,ZnS,-0.08165567,-0.98093,0.85667,-0.0939128,-1.09512,0.95858,0.153545,25.7918
T001006,alpha,ZnS,ZnS,-0.0939128,-1.09512,0.95858,-0.4090729,-3.97511,3.54337,3.94702,889.82
T001006,alpha,ZnS,ZnS,-0.4090729,-3.97511,3.54337,-0.4090729,-3.97511,3.54337,0,0
T001007,Li7,BN,binder_void,0,0,0,0.1064681,-0.31635,0.03339,0.335508,218.721
T001007,Li7,binder_void,ZnS,0.1064681,-0.31635,0.03339,0.2453961,-0.71968,0.08162,0.429398,63.7689
T001007,Li7,ZnS,ZnS,0.2453961,-0.71968,0.08162,0.9126451,-2.05951,0.36449,1.54078,537.882
T001007,Li7,ZnS,ZnS,0.9126451,-2.05951,0.36449,0.9545701,-2.13502,0.39284,0.508539,19.6283
T001007,Li7,ZnS,ZnS,0.9545701,-2.13502,0.39284,0.9545701,-2.13502,0.39284,0,0
T001008,alpha,BN,binder_void,0,0,0,-0.1584421,0.4707,-0.0497,0.499175,181.251
T001008,alpha,binder_void,BN,-0.1584421,0.4707,-0.0497,-0.7497199,2.1705,-0.22671,1.80858,282.017
T001008,alpha,BN,binder_void,-0.7497199,2.1705,-0.22671,-1.0002579,2.9333,-0.30642,0.807025,365.351
T001008,alpha,binder_void,BN,-1.0002579,2.9333,-0.30642,-1.0728679,3.1267,-0.32906,0.207837,34.5255
T001008,alpha,BN,binder_void,-1.0728679,3.1267,-0.32906,-1.1292999,3.2754,-0.34376,0.159747,71.5917
T001008,alpha,binder_void,BN,-1.1292999,3.2754,-0.34376,-1.2147899,3.494,-0.36652,0.235909,39.3773
T001008,alpha,BN,binder_void,-1.2147899,3.494,-0.36652,-1.5603099,4.4034,-0.45853,0.978334,377.945
T001008,alpha,binder_void,BN,-1.5603099,4.4034,-0.45853,-2.0849199,5.6388,-0.49845,1.35504,43.954
T001008,alpha,BN,BN,-2.0849199,5.6388,-0.49845,-2.1847799,6.2354,-0.50511,0.631149,73.9877
T001008,alpha,BN,BN,-2.1847799,6.2354,-0.50511,-2.1847799,6.2354,-0.50511,0,0
T001009,Li7,BN,binder_void,0,0,0,0.00373,-0.0007,-0.00509,0.00635476,3.63629
T001009,Li7,binder_void,BN,0.00373,-0.0007,-0.00509,0.27931,-0.0559,-0.38203,0.470236,82.48
T001009,Li7,BN,binder_void,0.27931,-0.0559,-0.38203,0.45743,-0.1005,-0.61325,0.29537,179.192
T001009,Li7,binder_void,BN,0.45743,-0.1005,-0.61325,0.54739,-0.1217,-0.7331,0.151347,20.2187
T001009,Li7,BN,binder_void,0.54739,-0.1217,-0.7331,0.91256,-0.2083,-1.21964,0.615278,327.045
T001009,Li7,binder_void,BN,0.91256,-0.2083,-1.21964,1.14044,-0.2865,-1.50279,0.372241,36.3827
T001009,Li7,BN,binder_void,1.14044,-0.2865,-1.50279,1.48396,-0.4092,-1.997803,0.621399,160.983
T001009,Li7,binder_void,BN,1.48396,-0.4092,-1.997803,1.51986,-0.4037,-2.029275,0.0484065,2.84977
T001009,Li7,BN,BN,1.51986,-0.4037,-2.029275,1.67856,-0.4528,-2.14969,0.226935,32.9149
T001009,Li7,BN,BN,1.67856,-0.4528,-2.14969,1.67856,-0.4528,-2.14969,0,0
T001010,alpha,BN,binder_void,0,0,0,-0.30844,0.0625,0.42129,0.525893,200.477
T001010,alpha,binder_void,BN,-0.30844,0.0625,0.42129,-0.49694,0.1006,0.67823,0.320952,48.2649
T001010,alpha,BN,binder_void,-0.49694,0.1006,0.67823,-0.94088,0.1919,1.27971,0.753237,321.975
T001010,alpha,binder_void,BN,-0.94088,0.1919,1.27971,-1.48764,0.3139,2.0363,0.941521,157.025
T001010,alpha,BN,binder_void,-1.48764,0.3139,2.0363,-1.85989,0.3934,2.5469,0.637073,300.498
T001010,alpha,binder_void,BN,-1.85989,0.3934,2.5469,-2.62407,0.5739,3.47372,1.21539,193.905
T001010,alpha,BN,binder_void,-2.62407,0.5739,3.47372,-3.04736,0.7014,3.98354,0.676832,155.034
T001010,alpha,binder_void,BN,-3.04736,0.7014,3.98354,-3.87551,0.974,4.83437,1.23445,27.4835
T001010,alpha,BN,BN,-3.87551,0.974,4.83437,-4.20117,0.753,5.21715,0.574453,65.3377
T001010,alpha,BN,BN,-4.20117,0.753,5.21715,-4.20117,0.753,5.21715,0,0
T001011,Li7,BN,binder_void,0,0,0,-0.44348,-0.1079,-0.39333,0.602864,357.579
T001011,Li7,binder_void,BN,-0.44348,-0.1079,-0.39333,-0.73231,-0.1745,-0.65821,0.397647,56.4093
T001011,Li7,BN,binder_void,-0.73231,-0.1745,-0.65821,-1.37244,-0.3336,-1.25339,0.891591,342.089
T001011,Li7,binder_void,BN,-1.37244,-0.3336,-1.25339,-1.42181,-0.3439,-1.30126,0.0696344,3.94141
T001011,Li7,BN,BN,-1.42181,-0.3439,-1.30126,-1.88741,-0.4958,-1.739878,0.720798,79.9808
T001011,Li7,BN,BN,-1.88741,-0.4958,-1.739878,-1.88741,-0.4958,-1.739878,0,0
T001012,alpha,BN,binder_void,0,0,0,0.00408,0.001,0.00362,0.00554617,3.43719
T001012,alpha,binder_void,BN,0.00408,0.001,0.00362,0.22535,0.0551,0.19999,0.300741,41.8763
T001012,alpha,BN,binder_void,0.22535,0.0551,0.19999,0.5947,0.1457,0.52703,0.501636,205.546
T001012,alpha,binder_void,BN,0.5947,0.1457,0.52703,0.72046,0.1757,0.64014,0.17176,25.5391
T001012,alpha,BN,binder_void,0.72046,0.1757,0.64014,1.4235,0.3439,1.27518,0.962405,408.696
T001012,alpha,binder_void,ZnS,1.4235,0.3439,1.27518,2.24761,0.5448,2.01157,1.12349,202.422
T001012,alpha,ZnS,ZnS,2.24761,0.5448,2.01157,4.46324,1.0556,4.00186,3.10657,582.484
T001012,alpha,ZnS,ZnS,4.46324,1.0556,4.00186,4.46324,1.0556,4.00186,0,0
T001013,Li7,BN,binder_void,0,0,0,0.13517,0.03923,0.10411,0.175088,108.758
T001013,Li7,binder_void,BN,0.13517,0.03923,0.10411,0.67395,0.21442,0.51472,0.699887,114.186
T001013,Li7,BN,binder_void,0.67395,0.21442,0.51472,1.00499,0.32041,0.76943,0.431231,234.455
T001013,Li7,binder_void,BN,1.00499,0.32041,0.76943,2.04689,0.65432,1.50606,1.32148,139.224
T001013,Li7,BN,binder_void,2.04689,0.65432,1.50606,2.56397,0.80854,1.82395,0.630428,200.409
T001013,Li7,binder_void,BN,2.56397,0.80854,1.82395,3.02109,0.8813,2.05346,0.541245,27.4633
T001013,Li7,BN,BN,3.02109,0.8813,2.05346,3.06557,0.90912,2.08898,0.0661837,13.037
T001013,Li7,BN,BN,3.06557,0.90912,2.08898,3.07388,0.86827,2.13111,0.0802813,2.46815
T001013,Li7,BN,BN,3.07388,0.86827,2.13111,3.07388,0.86827,2.13111,0,0
T001014,alpha,BN,binder_void,0,0,0,-0.57162,-0.16591,-0.44029,0.740435,282.401
T001014,alpha,binder_void,BN,-0.57162,-0.16591,-0.44029,-0.98802,-0.28986,-0.76756,0.543951,86.1105
T001014,alpha,BN,binder_void,-0.98802,-0.28986,-0.76756,-1.46353,-0.43055,-1.13415,0.616769,260.063
T001014,alpha,binder_void,BN,-1.46353,-0.43055,-1.13415,-1.54002,-0.45222,-1.19429,0.0996907,15.4615
T001014,alpha,BN,binder_void,-1.54002,-0.45222,-1.19429,-2.14604,-0.62189,-1.67166,0.790152,354.302
T001014,alpha,binder_void,BN,-2.14604,-0.62189,-1.67166,-2.25536,-0.64604,-1.75472,0.139408,23.9875
T001014,alpha,BN,binder_void,-2.25536,-0.64604,-1.75472,-2.78731,-0.76322,-2.15909,0.679024,301.207
T001014,alpha,binder_void,BN,-2.78731,-0.76322,-2.15909,-3.36559,-0.87921,-2.7024,0.804338,105.924
T001014,alpha,BN,BN,-3.36559,-0.87921,-2.7024,-3.67335,-0.96035,-2.97514,0.460151,40.5442
T001014,alpha,BN,BN,-3.67335,-0.96035,-2.97514,-3.67335,-0.96035,-2.97514,0,0
T001015,Li7,BN,binder_void,0,0,0,-0.10201,0.54673,-0.06828,0.560632,327.121
T001015,Li7,binder_void,BN,-0.10201,0.54673,-0.06828,-0.14629,0.76624,-0.09548,0.225614,37.8396
T001015,Li7,BN,binder_void,-0.14629,0.76624,-0.09548,-0.29107,1.46921,-0.18981,0.725457,323.083
T001015,Li7,binder_void,BN,-0.29107,1.46921,-0.18981,-0.3118,1.56621,-0.21374,0.102107,8.87993
T001015,Li7,BN,BN,-0.3118,1.56621,-0.21374,-0.49876,2.415518,-0.40438,0.927085,143.077
T001015,Li7,BN,BN,-0.49876,2.415518,-0.40438,-0.49876,2.415518,-0.40438,0,0
T001016,alpha,BN,binder_void,0,0,0,0.04212,-0.22568,0.02819,0.231312,87.1503
T001016,alpha,binder_void,ZnS,0.04212,-0.22568,0.02819,0.13658,-0.73854,0.09006,0.525158,82.4107
T001016,alpha,ZnS,binder_void,0.13658,-0.73854,0.09006,0.44479,-2.45528,0.29504,1.75992,593.798
T001016,alpha,binder_void,BN,0.44479,-2.45528,0.29504,0.61572,-3.201,0.27077,0.765545,129.452
T001016,alpha,BN,binder_void,0.61572,-3.201,0.27077,0.63869,-3.30383,0.26717,0.105439,45.727
T001016,alpha,binder_void,ZnS,0.63869,-3.30383,0.26717,0.75158,-3.83401,0.25107,0.54239,93.8709
T001016,alpha,ZnS,ZnS,0.75158,-3.83401,0.25107,1.29824,-6.36272,0.17621,2.69442,437.592
T001016,alpha,ZnS,ZnS,1.29824,-6.36272,0.17621,1.29824,-6.36272,0.17621,0,0
T001017,Li7,BN,binder_void,0,0,0,0.13173814,0.19719,0.11761,0.264772,163.523
T001017,Li7,binder_void,BN,0.13173814,0.19719,0.11761,0.1638235,0.24965,0.14735,0.0683089,10.9883
T001017,Li7,BN,binder_void,0.1638235,0.24965,0.14735,0.568541,0.90128,0.52005,0.854015,446.424
T001017,Li7,binder_void,ZnS,0.568541,0.90128,0.52005,0.690737,1.03677,0.60466,0.201263,20.8482
T001017,Li7,ZnS,ZnS,0.690737,1.03677,0.60466,1.764119,1.64241,0.77819,1.34212,198.216
T001017,Li7,ZnS,ZnS,1.764119,1.64241,0.77819,1.764119,1.64241,0.77819,0,0
T001018,alpha,BN,binder_void,0,0,0,-0.319136,-0.4777,-0.28491,0.641321,247.644
T001018,alpha,binder_void,ZnS,-0.319136,-0.4777,-0.28491,-0.440847,-0.65941,-0.3928,0.243873,33.8019
T001018,alpha,ZnS,binder_void,-0.440847,-0.65941,-0.3928,-2.310071,-3.46093,-2.05829,3.78342,1069.24
T001018,alpha,binder_void,BN,-2.310071,-3.46093,-2.05829,-2.439521,-3.67248,-2.15068,0.265014,26.6874
T001018,alpha,BN,BN,-2.439521,-3.67248,-2.15068,-2.760401,-4.243195,-2.36354,0.710499,92.6285
T001018,alpha,BN,BN,-2.760401,-4.243195,-2.36354,-2.760401,-4.243195,-2.36354,0,0
T001019,Li7,BN,binder_void,0,0,0,-0.595298,0.33502,-0.175,0.705641,399.626
T001019,Li7,binder_void,binder_void,-0.595298,0.33502,-0.175,-2.169231,1.25847,-0.51486,1.85813,237.333
T001019,Li7,binder_void,ZnS,-2.169231,1.25847,-0.51486,-2.956621,1.74289,-0.64403,0.937458,89.1305
T001019,Li7,ZnS,ZnS,-2.956621,1.74289,-0.64403,-3.348131,1.82353,-0.55098,0.428763,118.783
T001019,Li7,ZnS,ZnS,-3.348131,1.82353,-0.55098,-3.348131,1.82353,-0.55098,0,0
T001020,alpha,BN,binder_void,0,0,0,0.2032238,-0.11438,0.05974,0.240734,83.7578
T001020,alpha,binder_void,ZnS,0.2032238,-0.11438,0.05974,0.657669,-0.37028,0.19278,0.538261,76.0322
T001020,alpha,ZnS,binder_void,0.657669,-0.37028,0.19278,4.718589,-2.69396,1.39605,4.87459,1072.14
T001020,alpha,binder_void,BN,4.718589,-2.69396,1.39605,4.759129,-2.76579,1.40128,0.0826611,12.9374
T001020,alpha,BN,binder_void,4.759129,-2.76579,1.40128,5.125749,-3.40537,1.44438,0.741549,137.49
T001020,alpha,binder_void,binder_void,5.125749,-3.40537,1.44438,6.142559,-4.695729,1.73367,1.71784,87.6399
T001020,alpha,binder_void,binder_void,6.142559,-4.695729,1.73367,6.142559,-4.695729,1.73367,0,0
T001021,Li7,BN,binder_void,0,0,0,0.51166,0.06415,-0.2654,0.580281,350.965
T001021,Li7,binder_void,BN,0.51166,0.06415,-0.2654,1.22545,0.11739,-0.6044,0.792493,105.799
T001021,Li7,BN,binder_void,1.22545,0.11739,-0.6044,1.90859,0.15379,-0.917,0.754754,318.84
T001021,Li7,binder_void,BN,1.90859,0.15379,-0.917,2.09825,0.17141,-1.1159,0.278215,14.7406
T001021,Li7,BN,BN,2.09825,0.17141,-1.1159,2.44495,0.21461,-1.4433,0.567792,49.656
T001021,Li7,BN,BN,2.44495,0.21461,-1.4433,2.44495,0.21461,-1.4433,0,0
T001022,alpha,BN,binder_void,0,0,0,-0.12441,-0.0156,0.0645,0.141026,55.5717
T001022,alpha,binder_void,BN,-0.12441,-0.0156,0.0645,-0.1758,-0.02183,0.0911,0.0581926,7.68021
T001022,alpha,BN,binder_void,-0.1758,-0.02183,0.0911,-0.87204,-0.10649,0.4514,0.788584,319.365
T001022,alpha,binder_void,BN,-0.87204,-0.10649,0.4514,-2.05282,-0.27175,1.0714,1.34401,209.31
T001022,alpha,BN,binder_void,-2.05282,-0.27175,1.0714,-2.72195,-0.358052,1.4319,0.7652,346.081
T001022,alpha,binder_void,outside,-2.72195,-0.358052,1.4319,-3.57722,-0.607267,1.9604,1.03614,173.006
T001023,Li7,BN,binder_void,0,0,0,0.19365,-0.01393,-0.3284,0.381562,238.128
T001023,Li7,binder_void,BN,0.19365,-0.01393,-0.3284,0.32625,-0.02378,-0.551,0.259379,41.9301
T001023,Li7,BN,binder_void,0.32625,-0.02378,-0.551,0.82225,-0.05368,-1.3558,0.947962,461.973
T001023,Li7,binder_void,BN,0.82225,-0.05368,-1.3558,0.95605,-0.04683,-1.63,0.306706,21.054
T001023,Li7,BN,binder_void,0.95605,-0.04683,-1.63,1.06697,-0.03011,-1.8536,0.255478,58.1734
T001023,Li7,binder_void,binder_void,1.06697,-0.03011,-1.8536,1.1467,0.00877,-2.0754,0.249034,7.92786
T001023,Li7,binder_void,binder_void,1.1467,0.00877,-2.0754,1.09464,0.13751,-2.2876,0.298524,9.5575
T001023,Li7,binder_void,ZnS,1.09464,0.13751,-2.2876,1.09422,0.1437,-2.2895,0.00859331,0.293289
T001023,Li7,ZnS,ZnS,1.09422,0.1437,-2.2895,1.09259,0.14337,-2.2887,0.0199254,0.963847
T001023,Li7,ZnS,ZnS,1.09259,0.14337,-2.2887,1.09259,0.14337,-2.2887,0,0
T001024,alpha,BN,binder_void,0,0,0,-0.10886,0.00783,0.1845,0.214432,72.8417
T001024,alpha,binder_void,BN,-0.10886,0.00783,0.1845,-0.13592,0.00969,0.2305,0.0533773,9.60072
T001024,alpha,BN,binder_void,-0.13592,0.00969,0.2305,-0.37251,0.02643,0.6316,0.465979,185.481
T001024,alpha,binder_void,outside,-0.37251,0.02643,0.6316,-1.15016,0.08891,1.9604,1.54108,250.878
T001025,Li7,BN,binder_void,0,0,0,0.01942,-0.0488,-0.01625,0.0549869,36.224
T001025,Li7,binder_void,ZnS,0.01942,-0.0488,-0.01625,0.18779,-0.4758,-0.16035,0.481101,87.6982
T001025,Li7,ZnS,ZnS,0.18779,-0.4758,-0.16035,0.93595,-1.7845,-0.61807,1.5871,628.14
T001025,Li7,ZnS,ZnS,0.93595,-1.7845,-0.61807,1.80417,-1.6566,-0.45323,1.07221,87.4757
T001025,Li7,ZnS,ZnS,1.80417,-1.6566,-0.45323,1.80446,-1.6558,-0.45294,0.0780419,0.462268
T001025,Li7,ZnS,ZnS,1.80446,-1.6558,-0.45294,1.80446,-1.6558,-0.45294,0,0
T001026,alpha,BN,binder_void,0,0,0,-0.2707,0.68052,0.22653,0.76671,299
T001026,alpha,binder_void,BN,-0.2707,0.68052,0.22653,-0.34187,0.87559,0.29543,0.218784,34.8447
T001026,alpha,BN,binder_void,-0.34187,0.87559,0.29543,-0.63391,1.66458,0.57717,0.887409,404.862
T001026,alpha,binder_void,ZnS,-0.63391,1.66458,0.57717,-0.89244,2.33628,0.81287,0.757443,139.132
T001026,alpha,ZnS,ZnS,-0.89244,2.33628,0.81287,-1.87437,5.07553,1.72519,3.13337,592.161
T001026,alpha,ZnS,ZnS,-1.87437,5.07553,1.72519,-1.87437,5.07553,1.72519,0,0
T001027,Li7,BN,binder_void,0,0,0,-0.16524,0.0661,-0.04774,0.1843,118.175
T001027,Li7,binder_void,BN,-0.16524,0.0661,-0.04774,-1.53527,0.59579,-0.44698,1.5232,240.141
T001027,Li7,BN,binder_void,-1.53527,0.59579,-0.44698,-2.31237,0.88766,-0.63177,0.852617,359.81
T001027,Li7,binder_void,BN,-2.31237,0.88766,-0.63177,-2.45317,0.93581,-0.68403,0.157951,15.2912
T001027,Li7,BN,binder_void,-2.45317,0.93581,-0.68403,-2.91377,1.10116,-0.89619,0.548782,96.2058
T001027,Li7,binder_void,binder_void,-2.91377,1.10116,-0.89619,-2.98017,1.21299,-0.93093,0.143735,4.33741
T001027,Li7,binder_void,binder_void,-2.98017,1.21299,-0.93093,-2.90027,1.29673,-0.97274,0.142278,5.3319
T001027,Li7,binder_void,binder_void,-2.90027,1.29673,-0.97274,-2.82337,1.25805,-0.92095,0.13752,0.708468
T001027,Li7,binder_void,binder_void,-2.82337,1.25805,-0.92095,-2.82337,1.25805,-0.92095,0,0
T001028,alpha,BN,binder_void,0,0,0,0.20513,-0.0821,0.05925,0.22876,85.6413
T001028,alpha,binder_void,ZnS,0.20513,-0.0821,0.05925,0.4445,-0.1776,0.12842,0.266848,38.6305
T001028,alpha,ZnS,ZnS,0.4445,-0.1776,0.12842,3.66904,-1.4713,1.04094,3.60995,1345.73
T001028,alpha,ZnS,ZnS,3.66904,-1.4713,1.04094,3.66904,-1.4713,1.04094,0,0
T001029,Li7,BN,binder_void,0,0,0,0.04061,0.17213,0.16549,0.242277,150.141
T001029,Li7,binder_void,ZnS,0.04061,0.17213,0.16549,0.05758,0.23343,0.22453,0.0867321,17.2005
T001029,Li7,ZnS,binder_void,0.05758,0.23343,0.22453,0.35353,1.26573,1.22882,1.49456,657.778
T001029,Li7,binder_void,binder_void,0.35353,1.26573,1.22882,0.35436,1.40173,1.32427,0.173579,4.92433
T001029,Li7,binder_void,ZnS,0.35436,1.40173,1.32427,0.33873,1.41923,1.31865,0.0247905,0.802584
T001029,Li7,ZnS,ZnS,0.33873,1.41923,1.31865,0.30556,1.42273,1.30712,0.0710255,9.15385
T001029,Li7,ZnS,ZnS,0.30556,1.42273,1.30712,0.30556,1.42273,1.30712,0,0
T001030,alpha,BN,binder_void,0,0,0,-0.05586,-0.23674,-0.22759,0.333124,129.661
T001030,alpha,binder_void,BN,-0.05586,-0.23674,-0.22759,-0.06821,-0.29086,-0.27855,0.0753542,12.2987
T001030,alpha,BN,binder_void,-0.06821,-0.29086,-0.27855,-0.21603,-0.94114,-0.88726,0.903048,359.64
T001030,alpha,binder_void,BN,-0.21603,-0.94114,-0.88726,-0.26844,-1.16038,-1.08209,0.297963,48.3706
T001030,alpha,BN,binder_void,-0.26844,-1.16038,-1.08209,-0.30934,-1.33049,-1.23237,0.230658,107.475
T001030,alpha,binder_void,BN,-0.30934,-1.33049,-1.23237,-0.43037,-1.85612,-1.68344,0.703198,118.074
T001030,alpha,BN,binder_void,-0.43037,-1.85612,-1.68344,-0.56436,-2.4414,-2.17722,0.777736,351.352
T001030,alpha,binder_void,BN,-0.56436,-2.4414,-2.17722,-0.56912,-2.46547,-2.19633,0.0311043,3.69651
T001030,alpha,BN,binder_void,-0.56912,-2.46547,-2.19633,-0.66546,-2.95264,-2.5869,0.632724,210.657
T001030,alpha,binder_void,BN,-0.66546,-2.95264,-2.5869,-0.67084,-3.00256,-2.63299,0.0681705,5.74377
T001030,alpha,BN,BN,-0.67084,-3.00256,-2.63299,-0.7181,-3.61236,-3.16109,0.82566,123.031
T001030,alpha,BN,BN,-0.7181,-3.61236,-3.16109,-0.7181,-3.61236,-3.16109,0,0
T001031,Li7,BN,binder_void,0,0,0,-0.05242,0.10293,-0.21121,0.240792,153.171
T001031,Li7,binder_void,BN,-0.05242,0.10293,-0.21121,-0.34015,0.67323,-1.40346,1.35345,203.869
T001031,Li7,BN,BN,-0.34015,0.67323,-1.40346,-0.50803,1.13193,-2.17325,0.914289,482.96
T001031,Li7,BN,BN,-0.50803,1.13193,-2.17325,-0.50803,1.13193,-2.17325,0,0
T001032,alpha,BN,binder_void,0,0,0,0.07297,-0.14334,0.29404,0.335177,126.34
T001032,alpha,binder_void,ZnS,0.07297,-0.14334,0.29404,0.15591,-0.29781,0.61876,0.369037,49.5831
T001032,alpha,ZnS,binder_void,0.15591,-0.29781,0.61876,1.217337,-2.22385,4.6197,4.60287,1143.3
T001032,alpha,binder_void,BN,1.217337,-2.22385,4.6197,1.267993,-2.35969,4.8477,0.270417,35.3549
T001032,alpha,BN,binder_void,1.267993,-2.35969,4.8477,1.393848,-2.6805,5.4129,0.672301,104.724
T001032,alpha,binder_void,binder_void,1.393848,-2.6805,5.4129,1.386782,-2.75267,5.5998,0.218249,3.48704
T001032,alpha,binder_void,BN,1.386782,-2.75267,5.5998,1.380876,-2.79344,5.6417,0.0620456,1.3184
T001032,alpha,BN,BN,1.380876,-2.79344,5.6417,1.384174,-2.82423,5.6544,0.0354729,3.99693
T001032,alpha,BN,BN,1.384174,-2.82423,5.6544,1.381852,-2.85051,5.6428,0.036536,1.08546
T001032,alpha,BN,BN,1.381852,-2.85051,5.6428,1.367189,-2.85018,5.6301,0.0331185,0.810901
T001032,alpha,BN,BN,1.367189,-2.85018,5.6301,1.367189,-2.85018,5.6301,0,0
T001033,Li7,BN,binder_void,0,0,0,0.18047,0.00158,-0.032626,0.183428,124.26
T001033,Li7,binder_void,BN,0.18047,0.00158,-0.032626,0.50474,0.00654,-0.093888,0.330086,53.264
T001033,Li7,BN,binder_void,0.50474,0.00654,-0.093888,1.44694,0.02298,-0.269707,0.960172,457.14
T001033,Li7,binder_void,BN,1.44694,0.02298,-0.269707,2.24824,0.04806,-0.418186,0.818294,74.9617
T001033,Li7,BN,binder_void,2.24824,0.04806,-0.418186,2.59784,0.05102,-0.518106,0.367764,84.9175
T001033,Li7,binder_void,ZnS,2.59784,0.05102,-0.518106,3.37864,0.23959,-0.8165154,0.930249,30.2128
T001033,Li7,ZnS,ZnS,3.37864,0.23959,-0.8165154,3.40684,0.243,-0.878522,0.0833356,7.63474
T001033,Li7,ZnS,ZnS,3.40684,0.243,-0.878522,3.37354,0.25827,-0.88818,0.0952221,4.48795
T001033,Li7,ZnS,ZnS,3.37354,0.25827,-0.88818,3.36484,0.25949,-0.873034,0.0832059,3.2014
T001033,Li7,ZnS,ZnS,3.36484,0.25949,-0.873034,3.36484,0.25949,-0.873034,0,0
T001034,alpha,BN,binder_void,0,0,0,-0.0918,-0.0008,0.016596,0.0932942,33.7214
T001034,alpha,binder_void,BN,-0.0918,-0.0008,0.016596,-0.33715,-0.00298,0.060748,0.249306,33.58
T001034,alpha,BN,binder_void,-0.33715,-0.00298,0.060748,-1.25111,-0.01306,0.224274,0.928661,371.369
T001034,alpha,binder_void,BN,-1.25111,-0.01306,0.224274,-1.85441,-0.01553,0.330854,0.612681,99.9289
T001034,alpha,BN,binder_void,-1.85441,-0.01553,0.330854,-2.28029,-0.01144,0.402474,0.431935,177.723
T001034,alpha,binder_void,ZnS,-2.28029,-0.01144,0.402474,-2.41973,-0.01049,0.424844,0.141228,22.5813
T001034,alpha,ZnS,ZnS,-2.41973,-0.01049,0.424844,-5.81778,0.01646,0.969044,3.51387,731.097
T001034,alpha,ZnS,ZnS,-5.81778,0.01646,0.969044,-5.81778,0.01646,0.969044,0,0
T001035,Li7,BN,binder_void,0,0,0,0.39126,0.5658,-0.1934,0.715075,402.85
T001035,Li7,binder_void,BN,0.39126,0.5658,-0.1934,0.58656,0.87826,-0.28613,0.380105,52.1505
T001035,Li7,BN,binder_void,0.58656,0.87826,-0.28613,0.65642,0.98278,-0.317137,0.129543,62.442
T001035,Li7,binder_void,BN,0.65642,0.98278,-0.317137,1.12414,1.70466,-0.533628,0.888454,104.617
T001035,Li7,BN,binder_void,1.12414,1.70466,-0.533628,1.41804,2.23625,-0.7166826,0.639757,205.391
T001035,Li7,binder_void,binder_void,1.41804,2.23625,-0.7166826,1.44894,2.33468,-0.8074233,0.144118,3.93602
T001035,Li7,binder_void,binder_void,1.44894,2.33468,-0.8074233,1.50884,2.46914,-0.8511254,0.17006,6.68065
T001035,Li7,binder_void,binder_void,1.50884,2.46914,-0.8511254,1.53924,2.50529,-0.912724,0.144802,1.93248
T001035,Li7,binder_void,binder_void,1.53924,2.50529,-0.912724,1.53924,2.50529,-0.912724,0,0
T001036,alpha,BN,binder_void,0,0,0,-0.01311,-0.01895,0.006481,0.0239442,10.5378
T001036,alpha,binder_void,BN,-0.01311,-0.01895,0.006481,-0.13449,-0.1946,0.066612,0.221816,39.7054
T001036,alpha,BN,binder_void,-0.13449,-0.1946,0.066612,-0.41384,-0.59617,0.202385,0.507705,190.336
T001036,alpha,binder_void,BN,-0.41384,-0.59617,0.202385,-1.1451,-1.64508,0.567804,1.32996,200.747
T001036,alpha,BN,binder_void,-1.1451,-1.64508,0.567804,-1.41077,-2.0263,0.700834,0.483388,198.509
T001036,alpha,binder_void,BN,-1.41077,-2.0263,0.700834,-1.44763,-2.07826,0.721114,0.0668622,11.4591
T001036,alpha,BN,binder_void,-1.44763,-2.07826,0.721114,-1.86529,-2.66543,0.950424,0.756411,371.791
T001036,alpha,binder_void,BN,-1.86529,-2.66543,0.950424,-1.90555,-2.72193,0.972884,0.0729268,11.7391
T001036,alpha,BN,binder_void,-1.90555,-2.72193,0.972884,-2.39305,-3.44302,1.278744,0.923915,389.966
T001036,alpha,binder_void,BN,-2.39305,-3.44302,1.278744,-2.50156,-3.59091,1.348464,0.197464,17.0311
T001036,alpha,BN,BN,-2.50156,-3.59091,1.348464,-2.68305,-3.83565,1.470274,0.380226,28.1787
T001036,alpha,BN,BN,-2.68305,-3.83565,1.470274,-2.68305,-3.83565,1.470274,0,0
T001037,Li7,BN,binder_void,0,0,0,0.0025,-0.0286,0.01298,0.0315249,22.4604
T001037,Li7,binder_void,BN,0.0025,-0.0286,0.01298,0.059,-0.6858,0.31139,0.724162,133.476
T001037,Li7,BN,binder_void,0.059,-0.6858,0.31139,0.1111,-1.3254,0.604,0.706033,395.629
T001037,Li7,binder_void,ZnS,0.1111,-1.3254,0.604,0.1216,-1.8337,0.91579,0.597134,67.5104
T001037,Li7,ZnS,ZnS,0.1216,-1.8337,0.91579,0.1208,-2.5645,1.98066,1.36654,220.924
T001037,Li7,ZnS,ZnS,0.1208,-2.5645,1.98066,0.1208,-2.5645,1.98066,0,0
T001038,alpha,BN,binder_void,0,0,0,-0.0264,0.2965,-0.13442,0.32662,119.939
T001038,alpha,binder_void,BN,-0.0264,0.2965,-0.13442,-0.043,0.4741,-0.21485,0.195624,31.3847
T001038,alpha,BN,binder_void,-0.043,0.4741,-0.21485,-0.1165,1.2444,-0.55767,0.846521,331.309
T001038,alpha,binder_void,BN,-0.1165,1.2444,-0.55767,-0.1394,1.4719,-0.66149,0.251052,39.089
T001038,alpha,BN,binder_void,-0.1394,1.4719,-0.66149,-0.2052,2.0952,-0.9362,0.684491,281.816
T001038,alpha,binder_void,BN,-0.2052,2.0952,-0.9362,-0.2092,2.1408,-0.95585,0.0498651,9.40534
T001038,alpha,BN,binder_void,-0.2092,2.1408,-0.95585,-0.2427,2.5206,-1.11856,0.414659,187.033
T001038,alpha,binder_void,BN,-0.2427,2.5206,-1.11856,-0.2747,2.9018,-1.28892,0.418743,68.2692
T001038,alpha,BN,binder_void,-0.2747,2.9018,-1.28892,-0.3477,3.7941,-1.61971,0.956174,386.207
T001038,alpha,binder_void,binder_void,-0.3477,3.7941,-1.61971,-0.4126,4.1981,-1.77308,0.492492,2.9871
T001038,alpha,binder_void,binder_void,-0.4126,4.1981,-1.77308,-0.717,4.3969,-1.7648,0.388935,2.134
T001038,alpha,binder_void,binder_void,-0.717,4.3969,-1.7648,-1.08192,4.4038,-1.90809,0.502778,2.86901
T001038,alpha,binder_void,binder_void,-1.08192,4.4038,-1.90809,-1.00536,4.163,-1.99109,0.393722,3.06008
T001038,alpha,binder_void,binder_void,-1.00536,4.163,-1.99109,-0.97472,4.0323,-2.05941,0.363176,4.49856
T001038,alpha,binder_void,binder_void,-0.97472,4.0323,-2.05941,-0.97472,4.0323,-2.05941,0,0
T001039,Li7,BN,binder_void,0,0,0,0.3701,-0.0456,0.55714,0.670833,391.798
T001039,Li7,binder_void,BN,0.3701,-0.0456,0.55714,0.615,-0.0747,0.94892,0.463154,66.041
T001039,Li7,BN,binder_void,0.615,-0.0747,0.94892,0.7212,-0.0911,1.1312,0.211782,99.6549
T001039,Li7,binder_void,BN,0.7212,-0.0911,1.1312,0.7553,-0.0951,1.19342,0.0710727,8.46272
T001039,Li7,BN,binder_void,0.7553,-0.0951,1.19342,0.9849,-0.1237,1.61477,0.482496,154.825
T001039,Li7,binder_void,ZnS,0.9849,-0.1237,1.61477,1.394,-0.1655,2.24208,0.75712,51.6776
T001039,Li7,ZnS,ZnS,1.394,-0.1655,2.24208,1.488,-0.0798,2.37869,0.19601,52.5129
T001039,Li7,ZnS,ZnS,1.488,-0.0798,2.37869,1.4581,0.0051,2.28466,0.168966,14.9463
T001039,Li7,ZnS,ZnS,1.4581,0.0051,2.28466,1.4581,0.0052,2.28452,0.0329588,0.0824484
T001039,Li7,ZnS,ZnS,1.4581,0.0052,2.28452,1.4581,0.0052,2.28452,0,0
T001040,alpha,BN,binder_void,0,0,0,-0.0085,0.0011,-0.01276,0.015358,6.0009
T001040,alpha,binder_void,BN,-0.0085,0.0011,-0.01276,-0.6251,0.0762,-0.94102,1.11698,148.469
T001040,alpha,BN,binder_void,-0.6251,0.0762,-0.94102,-1.14106,0.1322,-1.71299,0.930363,399.159
T001040,alpha,binder_void,BN,-1.14106,0.1322,-1.71299,-1.21388,0.141,-1.81946,0.129293,23.2897
T001040,alpha,BN,binder_void,-1.21388,0.141,-1.81946,-1.65432,0.1917,-2.46165,0.780589,334.138
T001040,alpha,binder_void,BN,-1.65432,0.1917,-2.46165,-1.95841,0.2446,-2.91793,0.550918,97.8806
T001040,alpha,BN,binder_void,-1.95841,0.2446,-2.91793,-2.28661,0.2956,-3.41803,0.600806,268.509
T001040,alpha,binder_void,BN,-2.28661,0.2956,-3.41803,-2.52333,0.3425,-3.80393,0.455637,53.6069
T001040,alpha,BN,BN,-2.52333,0.3425,-3.80393,-2.96046,0.3835,-4.52033,0.854018,138.947
T001040,alpha,BN,BN,-2.96046,0.3835,-4.52033,-2.96046,0.3835,-4.52033,0,0
T001041,Li7,BN,binder_void,0,0,0,-0.01657,-0.4362,-0.02923,0.437646,292.969
T001041,Li7,binder_void,binder_void,-0.01657,-0.4362,-0.02923,-0.06692,-2.38801,-0.06192,1.95358,285.022
T001041,Li7,binder_void,BN,-0.06692,-2.38801,-0.06192,-0.07423,-2.88678,-0.05828,0.499085,69.3438
T001041,Li7,BN,binder_void,-0.07423,-2.88678,-0.05828,-0.10051,-3.83557,-0.03411,0.954586,302.217
T001041,Li7,binder_void,BN,-0.10051,-3.83557,-0.03411,-0.09418,-3.8572,-0.03167,0.0226827,0.999656
T001041,Li7,BN,BN,-0.09418,-3.8572,-0.03167,0.04396,-4.39883,0.0127,0.636747,62.4489
T001041,Li7,BN,BN,0.04396,-4.39883,0.0127,0.04396,-4.39883,0.0127,0,0
T001042,alpha,BN,binder_void,0,0,0,0.02067,0.5438,0.03645,0.545436,185.301
T001042,alpha,binder_void,BN,0.02067,0.5438,0.03645,0.02663,0.7224,0.04951,0.179101,25.8648
T001042,alpha,BN,binder_void,0.02663,0.7224,0.04951,0.04437,1.2691,0.0897,0.548533,206.699
T001042,alpha,binder_void,BN,0.04437,1.2691,0.0897,0.0466,1.3485,0.09533,0.0796232,12.0858
T001042,alpha,BN,binder_void,0.0466,1.3485,0.09533,0.07342,2.2965,0.16246,0.950956,375.656
T001042,alpha,binder_void,BN,0.07342,2.2965,0.16246,0.13567,3.43,0.26562,1.13995,191.765
T001042,alpha,BN,binder_void,0.13567,3.43,0.26562,0.14969,3.8625,0.31707,0.435844,194.587
T001042,alpha,binder_void,BN,0.14969,3.8625,0.31707,0.18199,4.5021,0.38839,0.6445,107.764
T001042,alpha,BN,binder_void,0.18199,4.5021,0.38839,0.22303,5.3514,0.49512,0.857934,358.63
T001042,alpha,binder_void,binder_void,0.22303,5.3514,0.49512,0.28075,6.4246,0.63633,1.09143,117.647
T001042,alpha,binder_void,binder_void,0.28075,6.4246,0.63633,0.28075,6.4246,0.63633,0,0
T001043,Li7,BN,binder_void,0,0,0,0.03395,0.0803,0.51006,0.5177,301.608
T001043,Li7,binder_void,BN,0.03395,0.0803,0.51006,0.04079,0.0951,0.603,0.0943633,12.9559
T001043,Li7,BN,binder_void,0.04079,0.0951,0.603,0.10118,0.2305,1.5177,0.928939,383.46
T001043,Li7,binder_void,BN,0.10118,0.2305,1.5177,0.25323,0.2985,2.0941,0.603093,45.41
T001043,Li7,BN,BN,0.25323,0.2985,2.0941,0.39635,0.5202,2.7837,0.793213,96.5654
T001043,Li7,BN,BN,0.39635,0.5202,2.7837,0.39635,0.5202,2.7837,0,0
T001044,alpha,BN,binder_void,0,0,0,-0.03025,-0.0715,-0.45457,0.46119,164.109
T001044,alpha,binder_void,BN,-0.03025,-0.0715,-0.45457,-0.09584,-0.2561,-1.72935,1.28985,199.165
T001044,alpha,BN,binder_void,-0.09584,-0.2561,-1.72935,-0.11979,-0.3442,-2.28388,0.562057,244.336
T001044,alpha,binder_void,ZnS,-0.11979,-0.3442,-2.28388,-0.13393,-0.3704,-2.44822,0.167028,33.7554
T001044,alpha,ZnS,ZnS,-0.13393,-0.3704,-2.44822,-0.44964,-0.9648,-6.09929,3.77965,828.634
T001044,alpha,ZnS,ZnS,-0.44964,-0.9648,-6.09929,-0.44964,-0.9648,-6.09929,0,0
T001045,Li7,BN,binder_void,0,0,0,0.32504,0.3685,-0.30236,0.577279,371.227
T001045,Li7,binder_void,BN,0.32504,0.3685,-0.30236,0.47071,0.5396,-0.43873,0.26294,36.6254
T001045,Li7,BN,binder_void,0.47071,0.5396,-0.43873,0.99237,1.1665,-0.94138,0.96173,385.192
T001045,Li7,binder_void,BN,0.99237,1.1665,-0.94138,1.08792,1.3204,-1.05387,0.216252,10.8011
T001045,Li7,BN,BN,1.08792,1.3204,-1.05387,1.26096,1.6404,-1.02874,0.391481,44.8274
T001045,Li7,BN,BN,1.26096,1.6404,-1.02874,1.26096,1.6404,-1.02874,0,0
T001046,alpha,BN,binder_void,0,0,0,-0.08322,-0.0944,0.07742,0.147739,49.7807
T001046,alpha,binder_void,BN,-0.08322,-0.0944,0.07742,-0.55113,-0.6271,0.51326,0.832292,117.451
T001046,alpha,BN,binder_void,-0.55113,-0.6271,0.51326,-0.61778,-0.7023,0.57463,0.117728,44.6415
T001046,alpha,binder_void,BN,-0.61778,-0.7023,0.57463,-0.80544,-0.914,0.74767,0.331653,48.625
T001046,alpha,BN,binder_void,-0.80544,-0.914,0.74767,-1.36657,-1.5496,1.26274,0.992264,413.524
T001046,alpha,binder_void,ZnS,-1.36657,-1.5496,1.26274,-1.41236,-1.6025,1.30549,0.0820017,14.4389
T001046,alpha,ZnS,ZnS,-1.41236,-1.6025,1.30549,-3.41306,-3.9168,3.16847,3.65125,781.539
T001046,alpha,ZnS,ZnS,-3.41306,-3.9168,3.16847,-3.41306,-3.9168,3.16847,0,0
T001047,Li7,BN,binder_void,0,0,0,0.06887,0.4255,-0.52925,0.683033,405.365
T001047,Li7,binder_void,BN,0.06887,0.4255,-0.52925,0.10203,0.6059,-0.73889,0.278676,38.3785
T001047,Li7,BN,binder_void,0.10203,0.6059,-0.73889,0.19361,1.1223,-1.36055,0.816236,332.952
T001047,Li7,binder_void,BN,0.19361,1.1223,-1.36055,0.23919,1.4345,-1.67814,0.455829,26.6366
T001047,Li7,BN,BN,0.23919,1.4345,-1.67814,0.19655,1.7513,-1.80981,0.386319,36.6682
T001047,Li7,BN,BN,0.19655,1.7513,-1.80981,0.19655,1.7513,-1.80981,0,0
T001048,alpha,BN,binder_void,0,0,0,-0.0126,-0.0779,0.09682,0.124879,41.3351
T001048,alpha,binder_void,BN,-0.0126,-0.0779,0.09682,-0.17455,-1.0514,1.30354,1.55901,240.118
T001048,alpha,BN,binder_void,-0.17455,-1.0514,1.30354,-0.28777,-1.6716,2.0679,0.991022,410.871
T001048,alpha,binder_void,ZnS,-0.28777,-1.6716,2.0679,-0.32657,-1.9175,2.36149,0.384914,65.638
T001048,alpha,ZnS,ZnS,-0.32657,-1.9175,2.36149,-0.57981,-3.5324,4.28721,2.55488,712.038
T001048,alpha,ZnS,ZnS,-0.57981,-3.5324,4.28721,-0.57981,-3.5324,4.28721,0,0
T001049,Li7,BN,binder_void,0,0,0,-0.0664,0.5414,-0.02646,0.546335,320.08
T001049,Li7,binder_void,BN,-0.0664,0.5414,-0.02646,-0.3432,1.7185,-0.07548,1.21135,172.637
T001049,Li7,BN,binder_void,-0.3432,1.7185,-0.07548,-0.5017,2.3884,-0.08214,0.691033,286.164
T001049,Li7,binder_void,binder_void,-0.5017,2.3884,-0.08214,-0.4545,3.3784,-0.07564,1.04479,61.8898
T001049,Li7,binder_void,binder_void,-0.4545,3.3784,-0.07564,-0.4545,3.3784,-0.07564,0,0
T001050,alpha,BN,binder_void,0,0,0,0.0164,-0.1345,0.00657,0.135684,43.9947
T001050,alpha,binder_void,BN,0.0164,-0.1345,0.00657,0.0392,-0.3175,0.01588,0.184703,23.4133
T001050,alpha,BN,binder_void,0.0392,-0.3175,0.01588,0.1438,-1.17072,0.05456,0.860558,330.503
T001050,alpha,binder_void,BN,0.1438,-1.17072,0.05456,0.2537,-2.08271,0.10502,0.920051,136.782
T001050,alpha,BN,binder_void,0.2537,-2.08271,0.10502,0.3067,-2.50513,0.12572,0.426291,183.397
T001050,alpha,binder_void,BN,0.3067,-2.50513,0.12572,0.3492,-2.82059,0.13819,0.318564,56.1225
T001050,alpha,BN,binder_void,0.3492,-2.82059,0.13819,0.422,-3.34091,0.16362,0.526163,222.174
T001050,alpha,binder_void,BN,0.422,-3.34091,0.16362,0.5016,-3.8456,0.19881,0.512229,81.4121
T001050,alpha,BN,binder_void,0.5016,-3.8456,0.19881,0.5749,-4.2546,0.23351,0.417253,182.344
T001050,alpha,binder_void,BN,0.5749,-4.2546,0.23351,0.5782,-4.27777,0.23528,0.0234764,2.60792
T001050,alpha,BN,binder_void,0.5782,-4.27777,0.23528,0.6553,-4.83096,0.27811,0.5621,168.078
T001050,alpha,binder_void,BN,0.6553,-4.83096,0.27811,0.6487,-5.00777,0.29191,0.178789,8.9545
T001050,alpha,BN,binder_void,0.6487,-5.00777,0.29191,0.644,-5.03667,0.29333,0.029485,0.929623
T001050,alpha,binder_void,binder_void,0.644,-5.03667,0.29333,0.5887,-5.88817,0.34679,0.966208,29.2881
T001050,alpha,binder_void,binder_void,0.5887,-5.88817,0.34679,0.5887,-5.88817,0.34679,0,0
T001051,Li7,BN,binder_void,0,0,0,0.0799,0.0354,0.07237,0.1135,73.6326
T001051,Li7,binder_void,BN,0.0799,0.0354,0.07237,0.4672,0.2047,0.43252,0.555411,94.0176
T001051,Li7,BN,binder_void,0.4672,0.2047,0.43252,0.9966,0.445,0.93348,0.768335,415.826
T001051,Li7,binder_void,ZnS,0.9966,0.445,0.93348,1.4256,0.6376,1.36458,0.639137,65.9931
T001051,Li7,ZnS,ZnS,1.4256,0.6376,1.36458,2.138,0.8737,2.0128,1.12,139.164
T001051,Li7,ZnS,binder_void,2.138,0.8737,2.0128,2.2458,0.8822,2.11628,0.175523,34.3422
T001051,Li7,binder_void,binder_void,2.2458,0.8822,2.11628,2.2769,1.0768,2.24849,0.263342,13.9594
T001051,Li7,binder_void,binder_void,2.2769,1.0768,2.24849,2.2389,1.1308,2.22098,0.235628,3.0647
T001051,Li7,binder_void,binder_void,2.2389,1.1308,2.22098,2.2389,1.1308,2.22098,0,0
T001052,alpha,BN,binder_void,0,0,0,-0.4598,-0.2036,-0.41632,0.652896,244.911
T001052,alpha,binder_void,ZnS,-0.4598,-0.2036,-0.41632,-0.97,-0.4246,-0.86563,0.714883,109.691
T001052,alpha,ZnS,ZnS,-0.97,-0.4246,-0.86563,-4.19718,-1.81983,-3.70073,4.57419,1115.4
T001052,alpha,ZnS,ZnS,-4.19718,-1.81983,-3.70073,-4.19718,-1.81983,-3.70073,0,0
T001053,Li7,BN,binder_void,0,0,0,-0.312,0.18583,-0.2833,0.460756,288.767
T001053,Li7,binder_void,ZnS,-0.312,0.18583,-0.2833,-0.818,0.4682,-0.73376,0.734307,113.461
T001053,Li7,ZnS,ZnS,-0.818,0.4682,-0.73376,-1.7849,0.78015,-1.79916,1.49816,437.771
T001053,Li7,ZnS,ZnS,-1.7849,0.78015,-1.79916,-1.7849,0.78015,-1.79916,0,0
T001054,alpha,BN,binder_void,0,0,0,0.2887,-0.17195,0.26214,0.426196,168.776
T001054,alpha,binder_void,BN,0.2887,-0.17195,0.26214,0.329,-0.19609,0.2988,0.0596223,6.18616
T001054,alpha,BN,binder_void,0.329,-0.19609,0.2988,0.8167,-0.48673,0.74211,0.72036,298.285
T001054,alpha,binder_void,BN,0.8167,-0.48673,0.74211,0.8654,-0.51549,0.78807,0.0728853,10.5165
T001054,alpha,BN,binder_void,0.8654,-0.51549,0.78807,1.3311,-0.79032,1.22847,0.69753,312.167
T001054,alpha,binder_void,BN,1.3311,-0.79032,1.22847,1.3822,-0.8211,1.27389,0.0749708,7.61259
T001054,alpha,BN,binder_void,1.3822,-0.8211,1.27389,1.7031,-1.01392,1.56048,0.471674,217.373
T001054,alpha,binder_void,BN,1.7031,-1.01392,1.56048,2.0231,-1.19906,1.84413,0.466068,82.2469
T001054,alpha,BN,binder_void,2.0231,-1.19906,1.84413,2.2797,-1.34669,2.07227,0.37394,143.556
T001054,alpha,binder_void,BN,2.2797,-1.34669,2.07227,2.8892,-1.772173,2.68703,0.966212,118.942
T001054,alpha,BN,BN,2.8892,-1.772173,2.68703,3.3071,-2.087338,3.20523,0.756625,104.339
T001054,alpha,BN,BN,3.3071,-2.087338,3.20523,3.3071,-2.087338,3.20523,0,0
T001055,Li7,BN,binder_void,0,0,0,0.1233,-0.1814,-0.24322,0.327594,205.255
T001055,Li7,binder_void,BN,0.1233,-0.1814,-0.24322,0.2186,-0.31371,-0.4259,0.244897,36.9531
T001055,Li7,BN,binder_void,0.2186,-0.31371,-0.4259,0.3463,-0.48664,-0.67676,0.330583,177.035
T001055,Li7,binder_void,BN,0.3463,-0.48664,-0.67676,0.3785,-0.54173,-0.74376,0.0925059,12.7633
T001055,Li7,BN,binder_void,0.3785,-0.54173,-0.74376,0.6661,-1.04133,-1.33582,0.829256,405.704
T001055,Li7,binder_void,BN,0.6661,-1.04133,-1.33582,0.6694,-1.04689,-1.3405,0.00894654,0.280326
T001055,Li7,BN,BN,0.6694,-1.04689,-1.3405,0.677,-1.0487,-1.3479,0.0217794,2.48077
T001055,Li7,BN,BN,0.677,-1.0487,-1.3479,0.677,-1.0487,-1.3479,0,0
T001056,alpha,BN,binder_void,0,0,0,-0.2256,0.33197,0.44508,0.599373,226.395
T001056,alpha,binder_void,ZnS,-0.2256,0.33197,0.44508,-0.4291,0.63365,0.848,0.542942,77.1548
T001056,alpha,ZnS,binder_void,-0.4291,0.63365,0.848,-1.2915,1.9271,2.56173,2.32224,808.839
T001056,alpha,binder_void,BN,-1.2915,1.9271,2.56173,-1.6435,2.64587,3.13061,0.982572,169.107
T001056,alpha,BN,binder_void,-1.6435,2.64587,3.13061,-1.9818,3.27146,3.64293,0.883681,145.95
T001056,alpha,binder_void,binder_void,-1.9818,3.27146,3.64293,-1.8796,4.10175,4.34025,1.17524,42.5546
T001056,alpha,binder_void,binder_void,-1.8796,4.10175,4.34025,-1.8796,4.10175,4.34025,0,0
T001057,Li7,BN,binder_void,0,0,0,0.17851,0.3193,-0.44469,0.576083,384.267
T001057,Li7,binder_void,BN,0.17851,0.3193,-0.44469,0.21302,0.3797,-0.52356,0.105155,17.5893
T001057,Li7,BN,binder_void,0.21302,0.3797,-0.52356,0.4508,0.7928,-1.05942,0.718103,374.957
T001057,Li7,binder_void,BN,0.4508,0.7928,-1.05942,0.45408,0.8007,-1.06935,0.0130715,1.89214
T001057,Li7,BN,BN,0.45408,0.8007,-1.06935,0.61362,1.2208,-1.61303,0.711352,234.294
T001057,Li7,BN,BN,0.61362,1.2208,-1.61303,0.61362,1.2208,-1.61303,0,0
T001058,alpha,BN,binder_void,0,0,0,-0.06771,-0.1212,0.16868,0.218437,75.2748
T001058,alpha,binder_void,BN,-0.06771,-0.1212,0.16868,-0.17172,-0.3151,0.43767,0.347533,52.305
T001058,alpha,BN,binder_void,-0.17172,-0.3151,0.43767,-0.32043,-0.5907,0.82041,0.494569,184.862
T001058,alpha,binder_void,BN,-0.32043,-0.5907,0.82041,-0.32468,-0.5984,0.83101,0.0137888,2.34199
T001058,alpha,BN,binder_void,-0.32468,-0.5984,0.83101,-0.46296,-0.8505,1.17616,0.449252,186.257
T001058,alpha,binder_void,BN,-0.46296,-0.8505,1.17616,-0.54917,-1.0144,1.38853,0.281754,42.1569
T001058,alpha,BN,binder_void,-0.54917,-1.0144,1.38853,-0.77212,-1.4383,1.93637,0.727794,298.317
T001058,alpha,binder_void,BN,-0.77212,-1.4383,1.93637,-0.80848,-1.5052,2.02435,0.116336,18.1841
T001058,alpha,BN,binder_void,-0.80848,-1.5052,2.02435,-1.03301,-1.9252,2.564523,0.720352,309.411
T001058,alpha,binder_void,BN,-1.03301,-1.9252,2.564523,-1.05466,-1.9643,2.61524,0.0676093,11.8547
T001058,alpha,BN,binder_void,-1.05466,-1.9643,2.61524,-1.34689,-2.4922,3.2952037,0.909764,382.876
T001058,alpha,binder_void,ZnS,-1.34689,-2.4922,3.2952037,-1.60681,-2.8985,3.833188,0.723484,88.5859
T001058,alpha,ZnS,ZnS,-1.60681,-2.8985,3.833188,-1.98244,-3.6217,4.338681,1.00358,105.293
T001058,alpha,ZnS,ZnS,-1.98244,-3.6217,4.338681,-2.13398,-3.6581,4.275271,0.675752,18.2798
T001058,alpha,ZnS,ZnS,-2.13398,-3.6581,4.275271,-2.13398,-3.6581,4.275271,0,0
T001059,Li7,BN,binder_void,0,0,0,-0.37072,0.0691,0.16226,0.410683,257.737
T001059,Li7,binder_void,BN,-0.37072,0.0691,0.16226,-0.85095,0.1341,0.35731,0.522563,81.6798
T001059,Li7,BN,binder_void,-0.85095,0.1341,0.35731,-1.64571,0.246,0.68898,0.870584,396.599
T001059,Li7,binder_void,BN,-1.64571,0.246,0.68898,-1.73973,0.2525,0.72213,0.100054,7.50383
T001059,Li7,BN,BN,-1.73973,0.2525,0.72213,-2.43089,0.3283,0.96941,0.792854,96.4801
T001059,Li7,BN,BN,-2.43089,0.3283,0.96941,-2.43089,0.3283,0.96941,0,0
T001060,alpha,BN,binder_void,0,0,0,0.27669,-0.0516,-0.1211,0.306415,114.247
T001060,alpha,binder_void,BN,0.27669,-0.0516,-0.1211,1.32412,-0.2381,-0.58074,1.15902,176.586
T001060,alpha,BN,binder_void,1.32412,-0.2381,-0.58074,1.82829,-0.3303,-0.79811,0.556771,236.097
T001060,alpha,binder_void,ZnS,1.82829,-0.3303,-0.79811,2.04104,-0.3703,-0.89184,0.235906,39.9598
T001060,alpha,ZnS,binder_void,2.04104,-0.3703,-0.89184,2.59622,-0.4736,-1.1377,0.616738,239.688
T001060,alpha,binder_void,BN,2.59622,-0.4736,-1.1377,3.71196,-0.7134,-1.61525,1.23743,215.063
T001060,alpha,BN,binder_void,3.71196,-0.7134,-1.61525,4.25762,-0.8235,-1.84252,0.601744,253.287
T001060,alpha,binder_void,BN,4.25762,-0.8235,-1.84252,4.41569,-0.8734,-1.90246,0.176335,28.6113
T001060,alpha,BN,binder_void,4.41569,-0.8734,-1.90246,4.73702,-0.969,-2.02376,0.357602,118.371
T001060,alpha,binder_void,BN,4.73702,-0.969,-2.02376,4.97937,-1.0788,-2.14138,0.29341,19.0135
T001060,alpha,BN,BN,4.97937,-1.0788,-2.14138,5.26102,-1.2032,-2.27454,0.386521,29.0753
T001060,alpha,BN,BN,5.26102,-1.2032,-2.27454,5.26102,-1.2032,-2.27454,0,0
T001061,Li7,BN,binder_void,0,0,0,-0.11155,0.2173,-0.18144,0.304322,205.438
T001061,Li7,binder_void,BN,-0.11155,0.2173,-0.18144,-0.18469,0.3432,-0.28944,0.181316,27.3528
T001061,Li7,BN,binder_void,-0.18469,0.3432,-0.28944,-0.56898,0.994,-0.85273,0.944407,471.183
T001061,Li7,binder_void,BN,-0.56898,0.994,-0.85273,-0.86832,1.5636,-1.39718,0.84993,68.3111
T001061,Li7,BN,BN,-0.86832,1.5636,-1.39718,-1.00065,1.796,-1.7554,0.474548,67.7147
T001061,Li7,BN,BN,-1.00065,1.796,-1.7554,-1.00065,1.796,-1.7554,0,0
T001062,alpha,BN,binder_void,0,0,0,0.07924,-0.1543,0.12889,0.216123,76.9022
T001062,alpha,binder_void,BN,0.07924,-0.1543,0.12889,0.15605,-0.3018,0.25214,0.207013,29.6346
T001062,alpha,BN,binder_void,0.15605,-0.3018,0.25214,0.20158,-0.3886,0.32513,0.122165,42.3011
T001062,alpha,binder_void,BN,0.20158,-0.3886,0.32513,0.38456,-0.7373,0.61698,0.490188,81.3177
T001062,alpha,BN,binder_void,0.38456,-0.7373,0.61698,0.7018,-1.34579,1.12413,0.853436,359.217
T001062,alpha,binder_void,BN,0.7018,-1.34579,1.12413,1.1971,-2.33945,1.96921,1.39553,245.035
T001062,alpha,BN,binder_void,1.1971,-2.33945,1.96921,1.32435,-2.58971,2.18106,0.351791,155.574
T001062,alpha,binder_void,BN,1.32435,-2.58971,2.18106,1.66438,-3.32912,2.77364,1.00712,161.305
T001062,alpha,BN,binder_void,1.66438,-3.32912,2.77364,1.79808,-3.64228,3.01078,0.415366,169.837
T001062,alpha,binder_void,BN,1.79808,-3.64228,3.01078,2.10613,-4.43347,3.51658,0.992008,121.3
T001062,alpha,BN,BN,2.10613,-4.43347,3.51658,2.15904,-4.56487,3.60862,0.176895,27.5762
T001062,alpha,BN,BN,2.15904,-4.56487,3.60862,2.15904,-4.56487,3.60862,0,0
T001063,Li7,BN,binder_void,0,0,0,-0.37106,-0.4688,-0.3086,0.673261,400.94
T001063,Li7,binder_void,BN,-0.37106,-0.4688,-0.3086,-0.47372,-0.6413,-0.41572,0.22763,33.6839
T001063,Li7,BN,binder_void,-0.47372,-0.6413,-0.41572,-0.78897,-1.17817,-0.74822,0.707776,323.6
T001063,Li7,binder_void,BN,-0.78897,-1.17817,-0.74822,-0.86155,-1.31141,-0.79825,0.160356,9.97086
T001063,Li7,BN,BN,-0.86155,-1.31141,-0.79825,-1.15509,-1.80001,-1.02682,0.68278,71.805
T001063,Li7,BN,BN,-1.15509,-1.80001,-1.02682,-1.15509,-1.80001,-1.02682,0,0
T001064,alpha,BN,binder_void,0,0,0,0.05389,0.0681,0.04483,0.0977261,34.3857
T001064,alpha,binder_void,BN,0.05389,0.0681,0.04483,0.15482,0.1948,0.12476,0.18066,24.5404
T001064,alpha,BN,binder_void,0.15482,0.1948,0.12476,0.61938,0.7791,0.49411,0.832904,317.543
T001064,alpha,binder_void,BN,0.61938,0.7791,0.49411,1.0845,1.3611,0.87467,0.836659,133.839
T001064,alpha,BN,binder_void,1.0845,1.3611,0.87467,1.46095,1.8422,1.18455,0.685106,299.274
T001064,alpha,binder_void,BN,1.46095,1.8422,1.18455,1.52684,1.9113,1.25367,0.117917,16.9173
T001064,alpha,BN,binder_void,1.52684,1.9113,1.25367,2.0035,2.3916,1.73784,0.832538,401.493
T001064,alpha,binder_void,BN,2.0035,2.3916,1.73784,2.12181,2.5119,1.8471,0.201028,30.4742
T001064,alpha,BN,binder_void,2.12181,2.5119,1.8471,2.55495,2.973,2.24398,0.75047,144.427
T001064,alpha,binder_void,BN,2.55495,2.973,2.24398,2.68661,3.1659,2.38464,0.273816,16.7221
T001064,alpha,BN,binder_void,2.68661,3.1659,2.38464,2.89709,3.4952,2.63528,0.493577,15.1876
T001064,alpha,binder_void,BN,2.89709,3.4952,2.63528,3.01057,3.9184,2.9491,0.557022,20.5636
T001064,alpha,BN,BN,3.01057,3.9184,2.9491,2.96045,4.0238,3.03952,0.156511,15.4004
T001064,alpha,BN,BN,2.96045,4.0238,3.03952,2.96045,4.0238,3.03952,0,0
T001065,Li7,BN,binder_void,0,0,0,-0.05,-0.1867,-0.29342,0.351424,241.606
T001065,Li7,binder_void,BN,-0.05,-0.1867,-0.29342,-0.0532,-0.1996,-0.31295,0.023658,3.83364
T001065,Li7,BN,binder_void,-0.0532,-0.1996,-0.31295,-0.1754,-0.689,-1.05275,0.896415,479.003
T001065,Li7,binder_void,BN,-0.1754,-0.689,-1.05275,-0.2312,-0.8692,-1.30848,0.317945,34.3776
T001065,Li7,BN,binder_void,-0.2312,-0.8692,-1.30848,-0.3579,-1.2514,-1.84522,0.675512,217.314
T001065,Li7,binder_void,BN,-0.3579,-1.2514,-1.84522,-0.3614,-1.2844,-1.91696,0.0796669,4.13029
T001065,Li7,BN,BN,-0.3614,-1.2844,-1.91696,-0.3822,-1.4631,-2.09101,0.263747,34.9815
T001065,Li7,BN,BN,-0.3822,-1.4631,-2.09101,-0.3822,-1.4631,-2.09101,0,0
T001066,alpha,BN,binder_void,0,0,0,0.0518,0.1937,0.30442,0.36453,120.527
T001066,alpha,binder_void,BN,0.0518,0.1937,0.30442,0.3031,1.1097,1.74287,1.72389,233.695
T001066,alpha,BN,binder_void,0.3031,1.1097,1.74287,0.3943,1.4528,2.29111,0.653201,253.092
T001066,alpha,binder_void,BN,0.3943,1.4528,2.29111,0.4001,1.4753,2.3264,0.04226,5.88328
T001066,alpha,BN,binder_void,0.4001,1.4753,2.3264,0.4689,1.7392,2.74058,0.495955,212.207
T001066,alpha,binder_void,BN,0.4689,1.7392,2.74058,0.5158,1.918,3.01965,0.334747,50.0535
T001066,alpha,BN,binder_void,0.5158,1.918,3.01965,0.5992,2.2524,3.5409,0.625013,262.476
T001066,alpha,binder_void,BN,0.5992,2.2524,3.5409,0.6184,2.3114,3.63045,0.108926,20.5861
T001066,alpha,BN,binder_void,0.6184,2.3114,3.63045,0.7959,2.8498,4.45183,0.998801,401.77
T001066,alpha,binder_void,ZnS,0.7959,2.8498,4.45183,0.813,2.8991,4.52693,0.0914663,9.88503
T001066,alpha,ZnS,ZnS,0.813,2.8991,4.52693,1.1338,3.8317,5.93193,1.91845,205.826
T001066,alpha,ZnS,ZnS,1.1338,3.8317,5.93193,1.1338,3.8317,5.93193,0,0
T001067,Li7,BN,binder_void,0,0,0,-0.025,0.196,0.13301,0.238227,154.022
T001067,Li7,binder_void,BN,-0.025,0.196,0.13301,-0.0477,0.3582,0.24748,0.199844,31.514
T001067,Li7,BN,binder_void,-0.0477,0.3582,0.24748,-0.1042,0.7535,0.52709,0.487819,270.959
T001067,Li7,binder_void,ZnS,-0.1042,0.7535,0.52709,-0.1317,0.992,0.70545,0.299146,41.6199
T001067,Li7,ZnS,ZnS,-0.1317,0.992,0.70545,-0.0968,2.151,1.45131,1.45382,333.913
T001067,Li7,ZnS,ZnS,-0.0968,2.151,1.45131,-0.0899,2.1686,1.46799,0.324095,7.97214
T001067,Li7,ZnS,ZnS,-0.0899,2.1686,1.46799,-0.0899,2.1686,1.46799,0,0
T001068,alpha,BN,binder_void,0,0,0,0.0564,-0.4425,-0.30027,0.537755,205.475
T001068,alpha,binder_void,BN,0.0564,-0.4425,-0.30027,0.1812,-1.2728,-0.86971,1.01465,158.573
T001068,alpha,BN,binder_void,0.1812,-1.2728,-0.86971,0.2874,-1.93112,-1.31418,0.801497,316.262
T001068,alpha,binder_void,BN,0.2874,-1.93112,-1.31418,0.3318,-2.24704,-1.51903,0.379161,72.7913
T001068,alpha,BN,binder_void,0.3318,-2.24704,-1.51903,0.3796,-2.59536,-1.74308,0.416996,180.651
T001068,alpha,binder_void,BN,0.3796,-2.59536,-1.74308,0.4166,-2.85282,-1.91051,0.309357,54.0467
T001068,alpha,BN,binder_void,0.4166,-2.85282,-1.91051,0.5121,-3.55932,-2.39065,0.860443,365.733
T001068,alpha,binder_void,BN,0.5121,-3.55932,-2.39065,0.6507,-4.69846,-3.18317,1.40848,99.8202
T001068,alpha,BN,BN,0.6507,-4.69846,-3.18317,0.7177,-4.83098,-3.26059,0.191843,2.07527
T001068,alpha,BN,binder_void,0.7177,-4.83098,-3.26059,0.8576,-4.83929,-3.28049,0.163599,2.57881
T001068,alpha,binder_void,BN,0.8576,-4.83929,-3.28049,0.8617,-4.8358,-3.28731,0.0087156,0.221516
T001068,alpha,BN,BN,0.8617,-4.8358,-3.28731,0.91,-4.7717,-3.3377,0.0998017,11.7719
T001068,alpha,BN,BN,0.91,-4.7717,-3.3377,0.91,-4.7717,-3.3377,0,0
T001069,Li7,BN,binder_void,0,0,0,-0.19349,-0.1052,-0.29395,0.367428,232.703
T001069,Li7,binder_void,BN,-0.19349,-0.1052,-0.29395,-0.27511,-0.1517,-0.42086,0.157899,25.2657
T001069,Li7,BN,binder_void,-0.27511,-0.1517,-0.42086,-0.78582,-0.4443,-1.22004,0.994779,435.268
T001069,Li7,binder_void,binder_void,-0.78582,-0.4443,-1.22004,-1.62668,-0.8673,-2.57243,1.6747,126.067
T001069,Li7,binder_void,BN,-1.62668,-0.8673,-2.57243,-1.67292,-0.8732,-2.75856,0.204339,10.1303
T001069,Li7,BN,binder_void,-1.67292,-0.8732,-2.75856,-1.67292,-0.8732,-2.75856,0,0
T001069,Li7,binder_void,binder_void,-1.67292,-0.8732,-2.75856,-1.73479,-0.8573,-2.8587,0.134936,4.79349
T001069,Li7,binder_void,BN,-1.73479,-0.8573,-2.8587,-1.73583,-0.8594,-2.86461,0.00647877,0.851875
T001069,Li7,BN,BN,-1.73583,-0.8594,-2.86461,-1.74671,-0.8655,-2.88484,0.0316472,2.52242
T001069,Li7,BN,binder_void,-1.74671,-0.8655,-2.88484,-1.74931,-0.8667,-2.88596,0.00352901,0.254367
T001069,Li7,binder_void,BN,-1.74931,-0.8667,-2.88596,-1.74931,-0.8667,-2.88596,0,0
T001069,Li7,BN,BN,-1.74931,-0.8667,-2.88596,-1.7382,-0.8691,-2.8897,0.0222023,1.96196
T001069,Li7,BN,BN,-1.7382,-0.8691,-2.8897,-1.74297,-0.8732,-2.87977,0.0211593,0.18141
T001069,Li7,BN,BN,-1.74297,-0.8732,-2.87977,-1.74297,-0.8732,-2.87977,0,0
T001070,alpha,BN,binder_void,0,0,0,0.17894,0.0973,0.27183,0.339677,135.543
T001070,alpha,binder_void,BN,0.17894,0.0973,0.27183,0.2773,0.1541,0.42192,0.188236,24.2834
T001070,alpha,BN,binder_void,0.2773,0.1541,0.42192,0.69256,0.3944,1.05746,0.796418,338.87
T001070,alpha,binder_void,BN,0.69256,0.3944,1.05746,0.99767,0.5693,1.51923,0.580472,100.503
T001070,alpha,BN,binder_void,0.99767,0.5693,1.51923,1.34641,0.7757,2.05623,0.672917,317.03
T001070,alpha,binder_void,BN,1.34641,0.7757,2.05623,1.40968,0.8107,2.16401,0.129791,24.6696
T001070,alpha,BN,binder_void,1.40968,0.8107,2.16401,1.83116,1.0456,2.88068,0.864719,294.503
T001070,alpha,binder_void,BN,1.83116,1.0456,2.88068,2.35029,1.3553,3.84152,1.13724,106.417
T001070,alpha,BN,binder_void,2.35029,1.3553,3.84152,2.41147,1.3825,3.94078,0.119911,32.7258
T001070,alpha,binder_void,BN,2.41147,1.3825,3.94078,2.67014,1.5112,4.37648,0.52505,40.5309
T001070,alpha,BN,BN,2.67014,1.5112,4.37648,2.92643,1.6259,4.79831,0.53964,54.9247
T001070,alpha,BN,BN,2.92643,1.6259,4.79831,2.92643,1.6259,4.79831,0,0
T001071,Li7,BN,binder_void,0,0,0,0.00506,-0.0716,0.1568,0.172475,114.248
T001071,Li7,binder_void,ZnS,0.00506,-0.0716,0.1568,0.02499,-0.3318,0.70751,0.609545,94.4796
T001071,Li7,ZnS,ZnS,0.02499,-0.3318,0.70751,0.18194,-1.1339,2.02332,1.56329,542.997
T001071,Li7,ZnS,ZnS,0.18194,-1.1339,2.02332,-0.07964,-1.6351,2.30437,1.07404,88.2755
T001071,Li7,ZnS,ZnS,-0.07964,-1.6351,2.30437,-0.07964,-1.6351,2.30437,0,0
T001072,alpha,BN,binder_void,0,0,0,-0.02118,0.3004,-0.65779,0.72353,279.29
T001072,alpha,binder_void,BN,-0.02118,0.3004,-0.65779,-0.02751,0.3655,-0.79634,0.153187,26.2642
T001072,alpha,BN,binder_void,-0.02751,0.3655,-0.79634,-0.06315,0.7528,-1.6269,0.917326,414.559
T001072,alpha,binder_void,BN,-0.06315,0.7528,-1.6269,-0.11181,1.1909,-2.55963,1.03182,186.24
T001072,alpha,BN,binder_void,-0.11181,1.1909,-2.55963,-0.13096,1.3661,-2.93401,0.413921,188.669
T001072,alpha,binder_void,BN,-0.13096,1.3661,-2.93401,-0.1474,1.4903,-3.18924,0.284391,44.4973
T001072,alpha,BN,BN,-0.1474,1.4903,-3.18924,-0.20662,1.8878,-4.02014,0.925275,330.481
T001072,alpha,BN,BN,-0.20662,1.8878,-4.02014,-0.20662,1.8878,-4.02014,0,0
T001073,Li7,BN,binder_void,0,0,0,0.12793,-0.01971,-0.15788,0.204188,139.352
T001073,Li7,binder_void,BN,0.12793,-0.01971,-0.15788,0.45087,-0.06702,-0.559048,0.517244,91.0484
T001073,Li7,BN,binder_void,0.45087,-0.06702,-0.559048,0.73295,-0.10753,-0.899727,0.444359,282.544
T001073,Li7,binder_void,BN,0.73295,-0.10753,-0.899727,0.74514,-0.10995,-0.915089,0.019758,3.51223
T001073,Li7,BN,binder_void,0.74514,-0.10995,-0.915089,0.93346,-0.14825,-1.152946,0.306013,154.447
T001073,Li7,binder_void,BN,0.93346,-0.14825,-1.152946,0.9813,-0.15749,-1.2121933,0.0767147,10.5433
T001073,Li7,BN,binder_void,0.9813,-0.15749,-1.2121933,1.45269,-0.24045,-1.807747,0.767658,218.706
T001073,Li7,binder_void,BN,1.45269,-0.24045,-1.807747,1.55153,-0.28646,-1.952386,0.181534,15.356
T001073,Li7,BN,BN,1.55153,-0.28646,-1.952386,1.89253,-0.4159,-2.43835,0.634269,97.491
T001073,Li7,BN,BN,1.89253,-0.4159,-2.43835,1.89253,-0.4159,-2.43835,0,0
T001074,alpha,BN,binder_void,0,0,0,-0.42618,0.06569,0.52598,0.680188,216.855
T001074,alpha,binder_void,BN,-0.42618,0.06569,0.52598,-0.61226,0.09535,0.75843,0.299234,42.2317
T001074,alpha,BN,binder_void,-0.61226,0.09535,0.75843,-0.86936,0.13574,1.08119,0.414634,150.045
T001074,alpha,binder_void,BN,-0.86936,0.13574,1.08119,-1.87554,0.29023,2.32222,1.60527,238.365
T001074,alpha,BN,binder_void,-1.87554,0.29023,2.32222,-2.06885,0.32196,2.55607,0.305082,127.275
T001074,alpha,binder_void,BN,-2.06885,0.32196,2.55607,-2.19877,0.34333,2.71,0.202564,34.6699
T001074,alpha,BN,binder_void,-2.19877,0.34333,2.71,-2.71468,0.43305,3.32785,0.810112,354.282
T001074,alpha,binder_void,BN,-2.71468,0.43305,3.32785,-2.73589,0.43649,3.35454,0.0342702,7.75115
T001074,alpha,BN,binder_void,-2.73589,0.43649,3.35454,-3.29857,0.52664,4.06304,0.909897,373.039
T001074,alpha,binder_void,BN,-3.29857,0.52664,4.06304,-3.4358,0.56092,4.27261,0.252923,37.459
T001074,alpha,BN,binder_void,-3.4358,0.56092,4.27261,-3.71932,0.61856,4.66494,0.489076,125.315
T001074,alpha,binder_void,ZnS,-3.71932,0.61856,4.66494,-4.08933,0.72078,5.16671,0.638329,16.7204
T001074,alpha,ZnS,ZnS,-4.08933,0.72078,5.16671,-4.18254,0.8553,5.36928,0.273415,34.0671
T001074,alpha,ZnS,ZnS,-4.18254,0.8553,5.36928,-4.30228,1.06043,5.3885,0.295179,16.1947
T001074,alpha,ZnS,ZnS,-4.30228,1.06043,5.3885,-4.30451,1.06779,5.39126,0.229387,1.73075
T001074,alpha,ZnS,ZnS,-4.30451,1.06779,5.39126,-4.30451,1.06779,5.39126,0,0
T001075,Li7,BN,binder_void,0,0,0,0.1571,0.17617,-0.02895,0.237856,153.106
T001075,Li7,binder_void,BN,0.1571,0.17617,-0.02895,0.94097,0.82607,-0.560355,1.14918,177.74
T001075,Li7,BN,binder_void,0.94097,0.82607,-0.560355,1.50953,1.29849,-0.931056,0.828817,346.879
T001075,Li7,binder_void,BN,1.50953,1.29849,-0.931056,1.86631,1.63118,-1.1528491,0.537784,43.7691
T001075,Li7,BN,binder_void,1.86631,1.63118,-1.1528491,2.01594,1.74028,-1.2369108,0.204811,53.2267
T001075,Li7,binder_void,BN,2.01594,1.74028,-1.2369108,2.5748,2.14947,-1.47355,0.7546,46.4428
T001075,Li7,BN,BN,2.5748,2.14947,-1.47355,2.609469,2.21852,-1.533699,0.102815,15.1804
T001075,Li7,BN,BN,2.609469,2.21852,-1.533699,2.670798,2.19118,-1.552858,0.0931187,3.65626
T001075,Li7,BN,BN,2.670798,2.19118,-1.552858,2.670798,2.19118,-1.552858,0,0
T001076,alpha,BN,binder_void,0,0,0,-0.38575,-0.43256,0.07109,0.583965,225.389
T001076,alpha,binder_void,BN,-0.38575,-0.43256,0.07109,-0.662,-0.73426,0.12955,0.413247,63.2688
T001076,alpha,BN,binder_void,-0.662,-0.73426,0.12955,-0.70404,-0.78048,0.13862,0.0631319,23.0743
T001076,alpha,binder_void,BN,-0.70404,-0.78048,0.13862,-0.90528,-1.00353,0.18205,0.303538,46.4574
T001076,alpha,BN,binder_void,-0.90528,-1.00353,0.18205,-1.5479,-1.72384,0.29797,0.97247,419.081
T001076,alpha,binder_void,BN,-1.5479,-1.72384,0.29797,-1.66498,-1.85841,0.32331,0.180169,32.8947
T001076,alpha,BN,binder_void,-1.66498,-1.85841,0.32331,-2.04969,-2.28732,0.40026,0.581493,260.634
T001076,alpha,binder_void,BN,-2.04969,-2.28732,0.40026,-2.59366,-2.90795,0.49719,0.831328,115.494
T001076,alpha,BN,BN,-2.59366,-2.90795,0.49719,-3.13987,-3.52669,0.58431,0.832433,284.872
T001076,alpha,BN,BN,-3.13987,-3.52669,0.58431,-3.13987,-3.52669,0.58431,0,0
T001077,Li7,BN,binder_void,0,0,0,0.13268,-0.0021,0.083149,0.156611,102.897
T001077,Li7,binder_void,BN,0.13268,-0.0021,0.083149,0.28723,-0.0034,0.176827,0.180741,34.1149
T001077,Li7,BN,binder_void,0.28723,-0.0034,0.176827,0.97231,-0.0061,0.5837691,0.79774,407.357
T001077,Li7,binder_void,ZnS,0.97231,-0.0061,0.5837691,1.03415,-0.003,0.625866,0.0748825,6.79916
T001077,Li7,ZnS,ZnS,1.03415,-0.003,0.625866,1.95957,-0.2111,1.616519,1.42189,298.794
T001077,Li7,ZnS,ZnS,1.95957,-0.2111,1.616519,1.95957,-0.2111,1.616519,0,0
T001078,alpha,BN,binder_void,0,0,0,-0.13852,0.0022,-0.086813,0.163493,62.1474
T001078,alpha,binder_void,BN,-0.13852,0.0022,-0.086813,-0.5658,0.0104,-0.356388,0.505295,72.4736
T001078,alpha,BN,binder_void,-0.5658,0.0104,-0.356388,-1.30122,0.0288,-0.824741,0.872211,347.12
T001078,alpha,binder_void,BN,-1.30122,0.0288,-0.824741,-1.47862,0.0332,-0.939101,0.211121,34.6259
T001078,alpha,BN,binder_void,-1.47862,0.0332,-0.939101,-1.90726,0.0467,-1.214841,0.509929,219.637
T001078,alpha,binder_void,BN,-1.90726,0.0467,-1.214841,-2.06914,0.0524,-1.325081,0.195942,33.3345
T001078,alpha,BN,binder_void,-2.06914,0.0524,-1.325081,-2.54433,0.069,-1.651271,0.576802,264.419
T001078,alpha,binder_void,BN,-2.54433,0.069,-1.651271,-2.69649,0.0714,-1.754941,0.184146,30.2735
T001078,alpha,BN,binder_void,-2.69649,0.0714,-1.754941,-3.43232,0.103,-2.278091,0.904859,362.995
T001078,alpha,binder_void,BN,-3.43232,0.103,-2.278091,-3.63037,0.0773,-2.458641,0.271872,21.7037
T001078,alpha,BN,BN,-3.63037,0.0773,-2.458641,-3.86227,0.1728,-2.599341,0.310295,11.3971
T001078,alpha,BN,BN,-3.86227,0.1728,-2.599341,-3.90442,0.2542,-2.500051,0.219601,9.87311
T001078,alpha,BN,BN,-3.90442,0.2542,-2.500051,-3.90442,0.2542,-2.500051,0,0
T001079,Li7,BN,binder_void,0,0,0,-0.01157,-0.0034,-0.065093,0.0662042,40.3239
T001079,Li7,binder_void,BN,-0.01157,-0.0034,-0.065093,-0.02609,-0.0076,-0.145592,0.0819053,13.795
T001079,Li7,BN,binder_void,-0.02609,-0.0076,-0.145592,-0.18442,-0.0557,-1.039151,0.909738,479.616
T001079,Li7,binder_void,BN,-0.18442,-0.0557,-1.039151,-0.23776,-0.0392,-1.794011,0.758083,87.5326
T001079,Li7,BN,binder_void,-0.23776,-0.0392,-1.794011,-0.25772,-0.0464,-2.103721,0.311521,110.536
T001079,Li7,binder_void,BN,-0.25772,-0.0464,-2.103721,-0.26771,-0.061,-2.343521,0.241242,19.7163
T001079,Li7,BN,BN,-0.26771,-0.061,-2.343521,-0.34417,-0.1094,-3.037611,0.758626,88.4793
T001079,Li7,BN,BN,-0.34417,-0.1094,-3.037611,-0.34417,-0.1094,-3.037611,0,0
T001080,alpha,BN,binder_void,0,0,0,0.06758,0.0199,0.380246,0.386737,131.465
T001080,alpha,binder_void,BN,0.06758,0.0199,0.380246,0.19195,0.0535,1.04665,0.678768,99.044
T001080,alpha,BN,binder_void,0.19195,0.0535,1.04665,0.34047,0.094,1.870109,0.837865,330.853
T001080,alpha,binder_void,ZnS,0.34047,0.094,1.870109,0.44375,0.122,2.470569,0.609957,103.577
T001080,alpha,ZnS,ZnS,0.44375,0.122,2.470569,0.83508,0.2309,4.667249,2.25043,805.061
T001080,alpha,ZnS,ZnS,0.83508,0.2309,4.667249,0.83508,0.2309,4.667249,0,0
T001081,Li7,BN,binder_void,0,0,0,-0.10269,0.19233,-0.02726,0.219774,140.68
T001081,Li7,binder_void,BN,-0.10269,0.19233,-0.02726,-0.16254,0.30716,-0.04364,0.130531,20.3414
T001081,Li7,BN,binder_void,-0.16254,0.30716,-0.04364,-0.36647,0.70939,-0.10107,0.454888,267.115
T001081,Li7,binder_void,BN,-0.36647,0.70939,-0.10107,-0.51205,0.986235,-0.14363,0.315783,44.2243
T001081,Li7,BN,BN,-0.51205,0.986235,-0.14363,-0.83936,1.7363805,-0.22714,0.826203,367.639
T001081,Li7,BN,BN,-0.83936,1.7363805,-0.22714,-0.83936,1.7363805,-0.22714,0,0
T001082,alpha,BN,binder_void,0,0,0,0.25828,-0.48372,0.06858,0.552662,209.504
T001082,alpha,binder_void,BN,0.25828,-0.48372,0.06858,0.381,-0.71811,0.1043,0.266977,38.9768
T001082,alpha,BN,binder_void,0.381,-0.71811,0.1043,0.63911,-1.21225,0.17907,0.562542,242.293
T001082,alpha,binder_void,BN,0.63911,-1.21225,0.17907,0.94204,-1.80353,0.26837,0.670389,111.555
T001082,alpha,BN,binder_void,0.94204,-1.80353,0.26837,1.33526,-2.56912,0.37739,0.867835,375.11
T001082,alpha,binder_void,ZnS,1.33526,-2.56912,0.37739,1.7257,-3.35864,0.50244,0.88991,140.33
T001082,alpha,ZnS,ZnS,1.7257,-3.35864,0.50244,2.68489,-5.42556,0.86292,2.4344,352.233
T001082,alpha,ZnS,ZnS,2.68489,-5.42556,0.86292,2.68489,-5.42556,0.86292,0,0
T001083,Li7,BN,binder_void,0,0,0,-0.46374,-0.47097,-0.40069,0.773533,477.124
T001083,Li7,binder_void,BN,-0.46374,-0.47097,-0.40069,-0.51163,-0.5197,-0.44029,0.0789807,9.37027
T001083,Li7,BN,binder_void,-0.51163,-0.5197,-0.44029,-0.83226,-0.84843,-0.70496,0.531378,221.761
T001083,Li7,binder_void,BN,-0.83226,-0.84843,-0.70496,-0.92365,-0.94115,-0.78502,0.15305,13.1123
T001083,Li7,BN,binder_void,-0.92365,-0.94115,-0.78502,-1.38853,-1.35421,-1.09669,0.720051,98.5115
T001083,Li7,binder_void,ZnS,-1.38853,-1.35421,-1.09669,-1.46435,-1.46001,-1.15451,0.149361,8.30872
T001083,Li7,ZnS,ZnS,-1.46435,-1.46001,-1.15451,-1.49877,-1.47918,-1.16246,0.0836002,8.36456
T001083,Li7,ZnS,ZnS,-1.49877,-1.47918,-1.16246,-1.51809,-1.49573,-1.15214,0.0790078,4.03607
T001083,Li7,ZnS,ZnS,-1.51809,-1.49573,-1.15214,-1.51809,-1.49573,-1.15214,0,0
T001084,alpha,BN,binder_void,0,0,0,0.09426,0.09572,0.08145,0.157104,48.6531
T001084,alpha,binder_void,BN,0.09426,0.09572,0.08145,0.61907,0.62026,0.53305,0.86867,127.081
T001084,alpha,BN,binder_void,0.61907,0.62026,0.53305,1.18729,1.202576,1.02593,0.951416,401.89
T001084,alpha,binder_void,BN,1.18729,1.202576,1.02593,1.234,1.255598,1.07377,0.0853363,12.7174
T001084,alpha,BN,binder_void,1.234,1.255598,1.07377,1.7044,1.7895253,1.55465,0.859115,380.534
T001084,alpha,binder_void,BN,1.7044,1.7895253,1.55465,1.7736,1.8723821,1.62077,0.126599,22.3772
T001084,alpha,BN,binder_void,1.7736,1.8723821,1.62077,2.23712,2.44872,2.10291,0.883875,372.529
T001084,alpha,binder_void,ZnS,2.23712,2.44872,2.10291,2.27318,2.491977,2.14109,0.0680691,6.61339
T001084,alpha,ZnS,ZnS,2.27318,2.491977,2.14109,2.75789,2.75321,2.89782,1.00373,60.8007
T001084,alpha,ZnS,ZnS,2.75789,2.75321,2.89782,3.30006,2.95764,3.07062,0.741292,4.99628
T001084,alpha,ZnS,ZnS,3.30006,2.95764,3.07062,3.54263,2.98569,2.8312,0.860762,31.8073
T001084,alpha,ZnS,ZnS,3.54263,2.98569,2.8312,3.54263,2.98569,2.8312,0,0
T001085,Li7,BN,binder_void,0,0,0,-0.1401,0.1321,-0.1768,0.261554,159.467
T001085,Li7,binder_void,BN,-0.1401,0.1321,-0.1768,-0.3457,0.3345,-0.43614,0.38795,59.4315
T001085,Li7,BN,binder_void,-0.3457,0.3345,-0.43614,-0.7283,0.717,-0.93783,0.738779,384.56
T001085,Li7,binder_void,binder_void,-0.7283,0.717,-0.93783,-1.8352,1.5785,-1.98417,1.7556,145.876
T001085,Li7,binder_void,ZnS,-1.8352,1.5785,-1.98417,-2.3364,1.8283,-2.20367,0.609076,37.8526
T001085,Li7,ZnS,ZnS,-2.3364,1.8283,-2.20367,-2.4251,1.9197,-2.28826,0.167382,33.9264
T001085,Li7,ZnS,ZnS,-2.4251,1.9197,-2.28826,-2.4379,1.9359,-2.37034,0.142341,14.0126
T001085,Li7,ZnS,ZnS,-2.4379,1.9359,-2.37034,-2.4891,1.9122,-2.38307,0.16901,4.87279
T001085,Li7,ZnS,ZnS,-2.4891,1.9122,-2.38307,-2.4891,1.9122,-2.38307,0,0
T001086,alpha,BN,binder_void,0,0,0,0.2983,-0.2812,0.37616,0.556374,205.225
T001086,alpha,binder_void,ZnS,0.2983,-0.2812,0.37616,0.6436,-0.614,0.85004,0.674231,97.759
T001086,alpha,ZnS,binder_void,0.6436,-0.614,0.85004,2.3977,-2.2638,3.32325,3.47383,978.613
T001086,alpha,binder_void,BN,2.3977,-2.2638,3.32325,2.4639,-2.3355,3.44172,0.153517,21.8985
T001086,alpha,BN,binder_void,2.4639,-2.3355,3.44172,2.6223,-2.5087,3.72412,0.368352,110.929
T001086,alpha,binder_void,BN,2.6223,-2.5087,3.72412,2.636,-2.5254,3.74547,0.030398,2.44838
T001086,alpha,BN,BN,2.636,-2.5254,3.74547,2.8635,-2.78868,4.09969,0.530292,53.1274
T001086,alpha,BN,BN,2.8635,-2.78868,4.09969,2.8635,-2.78868,4.09969,0,0
T001087,Li7,BN,binder_void,0,0,0,0.6029,0.4093,-0.13127,0.740978,438.707
T001087,Li7,binder_void,BN,0.6029,0.4093,-0.13127,0.7853,0.5161,-0.16342,0.213846,32.4773
T001087,Li7,BN,binder_void,0.7853,0.5161,-0.16342,1.5086,0.9431,-0.27985,0.851662,286.545
T001087,Li7,binder_void,BN,1.5086,0.9431,-0.27985,1.6821,1.0219,-0.3228,0.196304,12.85
T001087,Li7,BN,BN,1.6821,1.0219,-0.3228,2.2159,1.2447,-0.48574,0.671337,69.4207
T001087,Li7,BN,BN,2.2159,1.2447,-0.48574,2.2159,1.2447,-0.48574,0,0
T001088,alpha,BN,binder_void,0,0,0,-0.1599,-0.1086,0.03483,0.196481,75.7477
T001088,alpha,binder_void,BN,-0.1599,-0.1086,0.03483,-0.4371,-0.2956,0.09602,0.339892,48.9601
T001088,alpha,BN,binder_void,-0.4371,-0.2956,0.09602,-1.2275,-0.8351,0.27265,0.973327,403.262
T001088,alpha,binder_void,BN,-1.2275,-0.8351,0.27265,-1.2675,-0.8618,0.28115,0.0488083,9.28192
T001088,alpha,BN,binder_void,-1.2675,-0.8618,0.28115,-1.9815,-1.3278,0.43057,0.865879,388.522
T001088,alpha,binder_void,BN,-1.9815,-1.3278,0.43057,-2.603,-1.7198,0.57368,0.748782,114.181
T001088,alpha,BN,binder_void,-2.603,-1.7198,0.57368,-3.2471,-2.1222,0.70218,0.771154,325.804
T001088,alpha,binder_void,BN,-3.2471,-2.1222,0.70218,-3.2535,-2.1256,0.70319,0.00730483,0.426371
T001088,alpha,BN,BN,-3.2535,-2.1256,0.70319,-3.8928,-2.4722,0.80643,0.754615,103.816
T001088,alpha,BN,BN,-3.8928,-2.4722,0.80643,-3.8928,-2.4722,0.80643,0,0
T001089,Li7,BN,binder_void,0,0,0,-0.0233,-0.059,0.0486,0.0798097,48.274
T001089,Li7,binder_void,binder_void,-0.0233,-0.059,0.0486,-0.6319,-1.5398,1.2058,1.97616,309.181
T001089,Li7,binder_void,binder_void,-0.6319,-1.5398,1.2058,-1.1569,-2.9844,2.2751,1.87402,256.199
T001089,Li7,binder_void,outside,-1.1569,-2.9844,2.2751,-1.2245,-3.1509,2.405,0.221929,21.5432
T001090,alpha,BN,binder_void,0,0,0,0.1469,0.3724,-0.3064,0.504185,184.471
T001090,alpha,binder_void,BN,0.1469,0.3724,-0.3064,0.2372,0.6029,-0.4972,0.312612,48.978
T001090,alpha,BN,binder_void,0.2372,0.6029,-0.4972,0.4898,1.2507,-1.0337,0.878386,358.622
T001090,alpha,binder_void,ZnS,0.4898,1.2507,-1.0337,0.4976,1.2695,-1.0493,0.0255564,4.13962
T001090,alpha,ZnS,ZnS,0.4976,1.2695,-1.0493,1.6602,4.0851,-3.384,3.90309,873.79
T001090,alpha,ZnS,ZnS,1.6602,4.0851,-3.384,1.6602,4.0851,-3.384,0,0
T001091,Li7,BN,binder_void,0,0,0,0.535,-0.4025,-0.2104,0.702277,433.736
T001091,Li7,binder_void,BN,0.535,-0.4025,-0.2104,0.6111,-0.4644,-0.2383,0.10197,14.7292
T001091,Li7,BN,binder_void,0.6111,-0.4644,-0.2383,1.2174,-0.9644,-0.4525,0.817645,342.416
T001091,Li7,binder_void,ZnS,1.2174,-0.9644,-0.4525,1.2995,-1.0589,-0.5343,0.150849,7.70232
T001091,Li7,ZnS,ZnS,1.2995,-1.0589,-0.5343,1.404,-1.1153,-0.5534,0.129257,30.3124
T001091,Li7,ZnS,binder_void,1.404,-1.1153,-0.5534,1.4233,-1.1137,-0.5324,0.0463832,6.40856
T001091,Li7,binder_void,ZnS,1.4233,-1.1137,-0.5324,1.4233,-1.1137,-0.5324,0,0
T001091,Li7,ZnS,ZnS,1.4233,-1.1137,-0.5324,1.4153,-1.1027,-0.5334,0.0508491,5.04647
T001091,Li7,ZnS,ZnS,1.4153,-1.1027,-0.5334,1.4153,-1.1027,-0.5334,0,0
T001092,alpha,BN,binder_void,0,0,0,-0.0437,0.0329,0.0172,0.0573296,20.0691
T001092,alpha,binder_void,ZnS,-0.0437,0.0329,0.0172,-0.061,0.0459,0.024,0.0226575,3.2831
T001092,alpha,ZnS,binder_void,-0.061,0.0459,0.024,-3.1146,2.3375,1.2227,4.02141,1077.27
T001092,alpha,binder_void,BN,-3.1146,2.3375,1.2227,-4.2701,2.9666,1.2358,1.31688,176.482
T001092,alpha,BN,binder_void,-4.2701,2.9666,1.2358,-4.8473,3.2824,1.1839,0.66324,113.086
T001092,alpha,binder_void,BN,-4.8473,3.2824,1.1839,-4.8913,3.2977,1.183,0.0466551,6.20338
T001092,alpha,BN,BN,-4.8913,3.2977,1.183,-5.2404,3.4241,1.1694,0.377869,73.6079
T001092,alpha,BN,BN,-5.2404,3.4241,1.1694,-5.2404,3.4241,1.1694,0,0
T001093,Li7,BN,binder_void,0,0,0,0.3063,-0.37772,-0.33053,0.588342,353.797
T001093,Li7,binder_void,BN,0.3063,-0.37772,-0.33053,0.3148,-0.38783,-0.33925,0.0158199,2.07417
T001093,Li7,BN,binder_void,0.3148,-0.38783,-0.33925,0.7105,-0.85666,-0.7441,0.73657,321.49
T001093,Li7,binder_void,ZnS,0.7105,-0.85666,-0.7441,0.7589,-0.92353,-0.78866,0.0938915,10.2096
T001093,Li7,ZnS,ZnS,0.7589,-0.92353,-0.78866,0.9781,-1.52272,-1.22036,0.852488,156.06
T001093,Li7,ZnS,ZnS,0.9781,-1.52272,-1.22036,0.9781,-1.52272,-1.22036,0,0
T001094,alpha,BN,binder_void,0,0,0,-0.1242,0.15317,0.13403,0.238452,92.0733
T001094,alpha,binder_void,BN,-0.1242,0.15317,0.13403,-0.2464,0.30256,0.26449,0.23295,28.6722
T001094,alpha,BN,binder_void,-0.2464,0.30256,0.26449,-0.558,0.68414,0.59517,0.593402,235.204
T001094,alpha,binder_void,BN,-0.558,0.68414,0.59517,-0.8036,0.97339,0.85512,0.459945,75.382
T001094,alpha,BN,binder_void,-0.8036,0.97339,0.85512,-1.0675,1.28929,1.13894,0.500089,219.542
T001094,alpha,binder_void,BN,-1.0675,1.28929,1.13894,-1.317,1.57962,1.40312,0.465154,74.3519
T001094,alpha,BN,binder_void,-1.317,1.57962,1.40312,-1.5644,1.86742,1.66471,0.460997,219.268
T001094,alpha,binder_void,BN,-1.5644,1.86742,1.66471,-1.8892,2.23164,2.00523,0.595197,110.858
T001094,alpha,BN,binder_void,-1.8892,2.23164,2.00523,-2.421,2.80261,2.59427,0.97932,381.282
T001094,alpha,binder_void,BN,-2.421,2.80261,2.59427,-2.5135,2.88509,2.7116,0.172306,10.2059
T001094,alpha,BN,BN,-2.5135,2.88509,2.7116,-2.661,3.0786,2.87585,0.331137,4.84904
T001094,alpha,BN,binder_void,-2.661,3.0786,2.87585,-2.6221,3.1444,2.79437,0.11902,5.83482
T001094,alpha,binder_void,BN,-2.6221,3.1444,2.79437,-2.6221,3.1444,2.79437,0,0
T001094,alpha,BN,BN,-2.6221,3.1444,2.79437,-2.6381,3.10236,2.70405,0.109945,12.4775
T001094,alpha,BN,BN,-2.6381,3.10236,2.70405,-2.6381,3.10236,2.70405,0,0
T001095,Li7,BN,binder_void,0,0,0,0.4628,-0.02288,0.4885,0.67375,386.89
T001095,Li7,binder_void,ZnS,0.4628,-0.02288,0.4885,1.1329,-0.07355,1.19296,0.974542,137.457
T001095,Li7,ZnS,ZnS,1.1329,-0.07355,1.19296,1.78398,-0.11733,1.95189,1.04411,315.653
T001095,Li7,ZnS,ZnS,1.78398,-0.11733,1.95189,1.78398,-0.11733,1.95189,0,0
T001096,alpha,BN,binder_void,0,0,0,-0.1431,0.00708,-0.15108,0.208243,83.1937
T001096,alpha,binder_void,BN,-0.1431,0.00708,-0.15108,-0.6113,0.03224,-0.6416,0.678546,98.9961
T001096,alpha,BN,binder_void,-0.6113,0.03224,-0.6416,-1.1808,0.06838,-1.23705,0.824898,328.926
T001096,alpha,binder_void,BN,-1.1808,0.06838,-1.23705,-2.048,0.14011,-2.15237,1.26306,226.053
T001096,alpha,BN,binder_void,-2.048,0.14011,-2.15237,-2.3073,0.16151,-2.426708,0.378192,164.915
T001096,alpha,binder_void,BN,-2.3073,0.16151,-2.426708,-2.5174,0.17712,-2.647758,0.305417,61.0874
T001096,alpha,BN,binder_void,-2.5174,0.17712,-2.647758,-2.9012,0.20851,-3.046565,0.554685,238.379
T001096,alpha,binder_void,ZnS,-2.9012,0.20851,-3.046565,-2.952,0.21207,-3.106773,0.0788828,9.46056
T001096,alpha,ZnS,ZnS,-2.952,0.21207,-3.106773,-4.1865,0.29987,-4.62004,2.12085,258.989
T001096,alpha,ZnS,ZnS,-4.1865,0.29987,-4.62004,-4.1865,0.29987,-4.62004,0,0
T001097,Li7,BN,binder_void,0,0,0,0.06398,-0.1653,-0.08066,0.194706,120.14
T001097,Li7,binder_void,ZnS,0.06398,-0.1653,-0.08066,0.20343,-0.5316,-0.25211,0.427883,71.3299
T001097,Li7,ZnS,ZnS,0.20343,-0.5316,-0.25211,0.90664,-1.81359,-0.78014,1.56828,633.639
T001097,Li7,ZnS,ZnS,0.90664,-1.81359,-0.78014,0.94489,-1.86109,-0.7933,0.442937,14.8907
T001097,Li7,ZnS,ZnS,0.94489,-1.86109,-0.7933,0.94489,-1.86109,-0.7933,0,0
T001098,alpha,BN,binder_void,0,0,0,-0.15805,0.4082,0.19928,0.48102,186.379
T001098,alpha,binder_void,ZnS,-0.15805,0.4082,0.19928,-0.36714,0.9456,0.45186,0.629583,86.4554
T001098,alpha,ZnS,binder_void,-0.36714,0.9456,0.45186,-1.28584,3.4041,1.58595,2.87213,1086.01
T001098,alpha,binder_void,BN,-1.28584,3.4041,1.58595,-1.82453,4.0905,1.80615,0.905348,79.9447
T001098,alpha,BN,BN,-1.82453,4.0905,1.80615,-1.97041,4.4044,1.87213,0.40116,31.2119
T001098,alpha,BN,BN,-1.97041,4.4044,1.87213,-1.97041,4.4044,1.87213,0,0
T001099,Li7,BN,binder_void,0,0,0,-0.18359,-0.0694,0.01182,0.19666,124.316
T001099,Li7,binder_void,BN,-0.18359,-0.0694,0.01182,-0.36386,-0.1429,0.01781,0.194793,30.7491
T001099,Li7,BN,binder_void,-0.36386,-0.1429,0.01781,-1.21027,-0.4856,0.03398,0.914596,441.164
T001099,Li7,binder_void,BN,-1.21027,-0.4856,0.03398,-1.70428,-0.6682,0.01011,0.52806,53.4403
T001099,Li7,BN,binder_void,-1.70428,-0.6682,0.01011,-2.47431,-1.0208,0.05109,0.863075,170.029
T001099,Li7,binder_void,BN,-2.47431,-1.0208,0.05109,-2.57533,-1.0936,0.08151,0.133601,6.22977
T001099,Li7,BN,BN,-2.57533,-1.0936,0.08151,-2.61778,-1.1096,0.12523,0.0663574,10.1853
T001099,Li7,BN,BN,-2.61778,-1.1096,0.12523,-2.59416,-1.1104,0.15608,0.0487058,4.49582
T001099,Li7,BN,BN,-2.59416,-1.1104,0.15608,-2.59416,-1.1104,0.15608,0,0
T001100,alpha,BN,binder_void,0,0,0,0.44466,0.168,-0.02864,0.476242,174.793
T001100,alpha,binder_void,ZnS,0.44466,0.168,-0.02864,0.85584,0.326,-0.05628,0.441351,72.5028
T001100,alpha,ZnS,binder_void,0.85584,0.326,-0.05628,2.5678,0.9869,-0.16187,1.84277,632.649
T001100,alpha,binder_void,BN,2.5678,0.9869,-0.16187,2.95451,1.1365,-0.16712,0.414733,70.9737
T001100,alpha,BN,binder_void,2.95451,1.1365,-0.16712,3.08227,1.1877,-0.16998,0.13767,61.8483
T001100,alpha,binder_void,BN,3.08227,1.1877,-0.16998,4.40457,1.7203,-0.20238,1.42679,238.086
T001100,alpha,BN,binder_void,4.40457,1.7203,-0.20238,4.7014,1.8309,-0.22099,0.31781,73.4954
T001100,alpha,binder_void,BN,4.7014,1.8309,-0.22099,4.89609,1.8861,-0.23775,0.203223,22.5987
T001100,alpha,BN,BN,4.89609,1.8861,-0.23775,5.5593,2.0832,-0.31037,0.705857,123.054
T001100,alpha,BN,BN,5.5593,2.0832,-0.31037,5.5593,2.0832,-0.31037,0,0
T001101,Li7,BN,binder_void,0,0,0,-0.1496,0.07674,0.41287,0.445933,293.381
T001101,Li7,binder_void,BN,-0.1496,0.07674,0.41287,-0.3872,0.20503,1.13803,0.774037,111.904
T001101,Li7,BN,binder_void,-0.3872,0.20503,1.13803,-0.6086,0.34519,1.87373,0.782116,396.552
T001101,Li7,binder_void,BN,-0.6086,0.34519,1.87373,-0.6283,0.35976,1.93619,0.0671176,7.23867
T001101,Li7,BN,BN,-0.6283,0.35976,1.93619,-0.8405,0.51939,2.63188,0.753798,203.924
T001101,Li7,BN,BN,-0.8405,0.51939,2.63188,-0.8405,0.51939,2.63188,0,0
T001102,alpha,BN,binder_void,0,0,0,0.0845,-0.04332,-0.23311,0.251705,88.9693
T001102,alpha,binder_void,BN,0.0845,-0.04332,-0.23311,0.118,-0.06083,-0.32605,0.100324,16.5793
T001102,alpha,BN,binder_void,0.118,-0.06083,-0.32605,0.4221,-0.2184,-1.16817,0.909194,332.626
T001102,alpha,binder_void,BN,0.4221,-0.2184,-1.16817,0.6512,-0.34212,-1.79065,0.674775,106.75
T001102,alpha,BN,binder_void,0.6512,-0.34212,-1.79065,0.9857,-0.52718,-2.71318,0.998785,446.384
T001102,alpha,binder_void,BN,0.9857,-0.52718,-2.71318,1.0932,-0.58371,-2.99545,0.307314,44.8202
T001102,alpha,BN,binder_void,1.0932,-0.58371,-2.99545,1.2798,-0.68311,-3.48013,0.528924,237.981
T001102,alpha,binder_void,BN,1.2798,-0.68311,-3.48013,1.3552,-0.71992,-3.68002,0.216793,33.3625
T001102,alpha,BN,binder_void,1.3552,-0.71992,-3.68002,1.6927,-0.89051,-4.59524,0.991639,348.865
T001102,alpha,binder_void,BN,1.6927,-0.89051,-4.59524,1.7711,-0.89154,-4.80041,0.219869,24.0189
T001102,alpha,BN,binder_void,1.7711,-0.89154,-4.80041,1.8579,-0.89725,-5.13725,0.351055,74.8132
T001102,alpha,binder_void,binder_void,1.8579,-0.89725,-5.13725,2.2062,-0.73122,-5.70346,0.77211,20.8295
T001102,alpha,binder_void,binder_void,2.2062,-0.73122,-5.70346,2.2062,-0.73122,-5.70346,0,0
T001103,Li7,BN,binder_void,0,0,0,0.4274,0.10729,-0.07718,0.447508,273.465
T001103,Li7,binder_void,BN,0.4274,0.10729,-0.07718,0.623,0.15917,-0.11477,0.205882,33.5919
T001103,Li7,BN,binder_void,0.623,0.15917,-0.11477,1.3221,0.33753,-0.25466,0.736227,374.436
T001103,Li7,binder_void,BN,1.3221,0.33753,-0.25466,1.3895,0.35526,-0.26877,0.0711097,6.82431
T001103,Li7,BN,binder_void,1.3895,0.35526,-0.26877,1.6706,0.4592,-0.27984,0.302002,87.0093
T001103,Li7,binder_void,ZnS,1.6706,0.4592,-0.27984,2.0366,0.54699,-0.22083,0.386475,19.5205
T001103,Li7,ZnS,ZnS,2.0366,0.54699,-0.22083,2.1435,0.58889,-0.14121,0.154937,32.3303
T001103,Li7,ZnS,ZnS,2.1435,0.58889,-0.14121,2.1715,0.63069,-0.11904,0.148848,8.41274
T001103,Li7,ZnS,binder_void,2.1715,0.63069,-0.11904,2.1712,0.63119,-0.11865,0.000708879,0.0275422
T001103,Li7,binder_void,binder_void,2.1712,0.63119,-0.11865,2.1688,0.69729,-0.07958,0.0892793,5.20421
T001103,Li7,binder_void,binder_void,2.1688,0.69729,-0.07958,2.1688,0.69729,-0.07958,0,0
T001104,alpha,BN,binder_void,0,0,0,-0.2396,-0.06016,0.04328,0.250853,89.3248
T001104,alpha,binder_void,BN,-0.2396,-0.06016,0.04328,-1.6633,-0.41291,0.29624,1.48849,214.713
T001104,alpha,BN,binder_void,-1.6633,-0.41291,0.29624,-1.9518,-0.4824,0.35007,0.30165,124.972
T001104,alpha,binder_void,ZnS,-1.9518,-0.4824,0.35007,-2.37,-0.58193,0.43407,0.437996,70.2668
T001104,alpha,ZnS,ZnS,-2.37,-0.58193,0.43407,-6.3149,-1.47679,1.15175,4.16982,970.723
T001104,alpha,ZnS,ZnS,-6.3149,-1.47679,1.15175,-6.3149,-1.47679,1.15175,0,0
T001105,Li7,BN,binder_void,0,0,0,-0.0367,-0.00826,-0.0491,0.0619001,42.6531
T001105,Li7,binder_void,BN,-0.0367,-0.00826,-0.0491,-0.9072,-0.20147,-1.2149,1.46852,256.443
T001105,Li7,BN,binder_void,-0.9072,-0.20147,-1.2149,-1.4483,-0.3085,-1.9665,0.934433,418.373
T001105,Li7,binder_void,BN,-1.4483,-0.3085,-1.9665,-2.0363,-0.46311,-2.88036,1.11314,78.6515
T001105,Li7,BN,BN,-2.0363,-0.46311,-2.88036,-2.2774,-0.39651,-3.2419,0.468688,43.8793
T001105,Li7,BN,BN,-2.2774,-0.39651,-3.2419,-2.2774,-0.39651,-3.2419,0,0
T001106,alpha,BN,binder_void,0,0,0,0.2342,0.05275,0.3142,0.395383,138.366
T001106,alpha,binder_void,outside,0.2342,0.05275,0.3142,1.8986,0.54022,2.7354,2.97885,456.514
T001107,Li7,BN,binder_void,0,0,0,-0.0495,0.02124,0.0116,0.0551056,37.3636
T001107,Li7,binder_void,BN,-0.0495,0.02124,0.0116,-1.798,0.75658,0.4005,1.93773,286.93
T001107,Li7,BN,binder_void,-1.798,0.75658,0.4005,-2.1394,0.8961,0.4536,0.372909,192.462
T001107,Li7,binder_void,BN,-2.1394,0.8961,0.4536,-2.5428,1.05938,0.5029,0.438299,52.3769
T001107,Li7,BN,binder_void,-2.5428,1.05938,0.5029,-3.4697,1.36295,0.6967,1.00557,245.874
T001107,Li7,binder_void,binder_void,-3.4697,1.36295,0.6967,-3.8834,1.5991,0.8809,0.540952,20.3271
T001107,Li7,binder_void,binder_void,-3.8834,1.5991,0.8809,-3.93029,1.65576,0.9427,0.452127,4.66614
T001107,Li7,binder_void,binder_void,-3.93029,1.65576,0.9427,-3.93029,1.65576,0.9427,0,0
T001108,alpha,BN,binder_void,0,0,0,0.3991,-0.17118,-0.0932,0.444134,154.615
T001108,alpha,binder_void,BN,0.3991,-0.17118,-0.0932,0.4738,-0.20363,-0.111,0.0833839,15.1889
T001108,alpha,BN,binder_void,0.4738,-0.20363,-0.111,1.1665,-0.5044,-0.2766,0.773303,317.696
T001108,alpha,binder_void,ZnS,1.1665,-0.5044,-0.2766,1.2416,-0.53556,-0.2943,0.0832153,14.5705
T001108,alpha,ZnS,binder_void,1.2416,-0.53556,-0.2943,4.3304,-1.82679,-1.0227,3.45904,801.532
T001108,alpha,binder_void,binder_void,4.3304,-1.82679,-1.0227,6.6348,-1.7681,-1.6362,2.41515,166.397
T001108,alpha,binder_void,binder_void,6.6348,-1.7681,-1.6362,6.6348,-1.7681,-1.6362,0,0
T001109,Li7,BN,binder_void,0,0,0,0.1688,-0.28758,-0.409066,0.528013,344.575
T001109,Li7,binder_void,ZnS,0.1688,-0.28758,-0.409066,0.1966,-0.33852,-0.479099,0.090954,12.2328
T001109,Li7,ZnS,ZnS,0.1966,-0.33852,-0.479099,0.5176,-0.99131,-1.783312,1.51551,446.971
T001109,Li7,ZnS,ZnS,0.5176,-0.99131,-1.783312,0.5744,-1.0628,-1.978403,0.690819,36.2213
T001109,Li7,ZnS,ZnS,0.5744,-1.0628,-1.978403,0.5744,-1.0628,-1.978403,0,0
T001110,alpha,BN,binder_void,0,0,0,-0.1095,0.18662,0.26546,0.342492,132.905
T001110,alpha,binder_void,BN,-0.1095,0.18662,0.26546,-0.2727,0.46952,0.66222,0.513909,80.7044
T001110,alpha,BN,binder_void,-0.2727,0.46952,0.66222,-0.4091,0.70728,0.99007,0.427366,171.848
T001110,alpha,binder_void,BN,-0.4091,0.70728,0.99007,-0.4936,0.85388,1.19716,0.267434,39.9661
T001110,alpha,BN,binder_void,-0.4936,0.85388,1.19716,-0.6093,1.05401,1.4807,0.365874,149.789
T001110,alpha,binder_void,BN,-0.6093,1.05401,1.4807,-0.9226,1.59611,2.26621,1.00464,167.84
T001110,alpha,BN,binder_void,-0.9226,1.59611,2.26621,-1.1094,1.91866,2.74065,0.603543,279.833
T001110,alpha,binder_void,BN,-1.1094,1.91866,2.74065,-1.2019,2.08355,2.96918,0.296629,52.1268
T001110,alpha,BN,binder_void,-1.2019,2.08355,2.96918,-1.4923,2.63094,3.7353,0.987253,273.369
T001110,alpha,binder_void,BN,-1.4923,2.63094,3.7353,-1.5258,2.76064,3.92461,0.232178,18.7016
T001110,alpha,BN,BN,-1.5258,2.76064,3.92461,-1.6642,3.16284,4.51903,0.751152,102.917
T001110,alpha,BN,BN,-1.6642,3.16284,4.51903,-1.6642,3.16284,4.51903,0,0
T001111,Li7,BN,binder_void,0,0,0,-0.2,0.21535,-0.595136,0.664037,429.001
T001111,Li7,binder_void,BN,-0.2,0.21535,-0.595136,-0.2556,0.27257,-0.751184,0.175278,28.1997
T001111,Li7,BN,binder_void,-0.2556,0.27257,-0.751184,-0.5524,0.5754,-1.582893,0.935656,358.905
T001111,Li7,binder_void,ZnS,-0.5524,0.5754,-1.582893,-0.6168,0.64997,-1.848109,0.283285,25.5252
T001111,Li7,ZnS,ZnS,-0.6168,0.64997,-1.848109,-0.5215,0.71879,-2.82529,1.04517,171.369
T001111,Li7,ZnS,ZnS,-0.5215,0.71879,-2.82529,-0.5215,0.71879,-2.82529,0,0
T001112,alpha,BN,binder_void,0,0,0,0.0821,-0.08835,0.24416,0.272317,94.6786
T001112,alpha,binder_void,BN,0.0821,-0.08835,0.24416,0.2206,-0.24292,0.66226,0.466778,53.9784
T001112,alpha,BN,binder_void,0.2206,-0.24292,0.66226,0.3363,-0.37182,1.01421,0.392297,138.342
T001112,alpha,binder_void,BN,0.3363,-0.37182,1.01421,0.4494,-0.49941,1.37674,0.400643,53.4065
T001112,alpha,BN,binder_void,0.4494,-0.49941,1.37674,0.513,-0.57111,1.58032,0.224992,81.3512
T001112,alpha,binder_void,BN,0.513,-0.57111,1.58032,0.6644,-0.74338,2.06847,0.539371,71.3227
T001112,alpha,BN,binder_void,0.6644,-0.74338,2.06847,0.8547,-0.96748,2.68666,0.684617,285.57
T001112,alpha,binder_void,BN,0.8547,-0.96748,2.68666,0.9551,-1.08185,3.00784,0.355421,59.6617
T001112,alpha,BN,binder_void,0.9551,-1.08185,3.00784,1.0394,-1.17564,3.27364,0.294227,130.174
T001112,alpha,binder_void,BN,1.0394,-1.17564,3.27364,1.0545,-1.19411,3.32303,0.054867,7.82566
T001112,alpha,BN,binder_void,1.0545,-1.19411,3.32303,1.224,-1.39706,3.86874,0.606553,245.104
T001112,alpha,binder_void,ZnS,1.224,-1.39706,3.86874,1.6587,-1.86139,5.21465,1.4893,219.909
T001112,alpha,ZnS,ZnS,1.6587,-1.86139,5.21465,2.3529,-2.55503,7.23398,2.37827,334.676
T001112,alpha,ZnS,ZnS,2.3529,-2.55503,7.23398,2.3529,-2.55503,7.23398,0,0
T001113,Li7,BN,binder_void,0,0,0,0.18876,-0.1989,0.19226,0.334995,204.767
T001113,Li7,binder_void,ZnS,0.18876,-0.1989,0.19226,0.97658,-0.98481,0.97521,1.36166,193.323
T001113,Li7,ZnS,ZnS,0.97658,-0.98481,0.97521,1.70301,-2.13883,1.53543,1.49982,409.322
T001113,Li7,ZnS,ZnS,1.70301,-2.13883,1.53543,1.76978,-2.31382,1.52631,0.655259,32.5882
T001113,Li7,ZnS,ZnS,1.76978,-2.31382,1.52631,1.76978,-2.31382,1.52631,0,0
T001114,alpha,BN,binder_void,0,0,0,-0.24752,0.26083,-0.25211,0.439185,171.891
T001114,alpha,binder_void,BN,-0.24752,0.26083,-0.25211,-0.38345,0.39932,-0.38335,0.234264,37.1095
T001114,alpha,BN,binder_void,-0.38345,0.39932,-0.38335,-0.7709,0.78749,-0.7556,0.662922,271.143
T001114,alpha,binder_void,BN,-0.7709,0.78749,-0.7556,-1.43915,1.45213,-1.39646,1.13987,196.536
T001114,alpha,BN,binder_void,-1.43915,1.45213,-1.39646,-1.93427,1.93602,-1.8597,0.833318,348.375
T001114,alpha,binder_void,BN,-1.93427,1.93602,-1.8597,-2.00929,2.00509,-1.92982,0.123769,23.8363
T001114,alpha,BN,binder_void,-2.00929,2.00509,-1.92982,-2.49024,2.45226,-2.381,0.797771,319.649
T001114,alpha,binder_void,binder_void,-2.49024,2.45226,-2.381,-3.57632,3.62335,-3.23596,1.85589,101.46
T001114,alpha,binder_void,binder_void,-3.57632,3.62335,-3.23596,-3.57632,3.62335,-3.23596,0,0
T001115,Li7,BN,binder_void,0,0,0,0.09049,0.03395,0.23493,0.254086,162.622
T001115,Li7,binder_void,BN,0.09049,0.03395,0.23493,0.23827,0.07683,0.60303,0.399037,62.6762
T001115,Li7,BN,binder_void,0.23827,0.07683,0.60303,0.52868,0.15743,1.31022,0.769814,422.34
T001115,Li7,binder_void,ZnS,0.52868,0.15743,1.31022,0.57998,0.16458,1.38639,0.0921567,9.67785
T001115,Li7,ZnS,ZnS,0.57998,0.16458,1.38639,0.94785,-0.11082,2.48002,1.27429,135.831
T001115,Li7,ZnS,ZnS,0.94785,-0.11082,2.48002,1.00384,0.07878,2.70835,0.785685,46.8523
T001115,Li7,ZnS,ZnS,1.00384,0.07878,2.70835,1.00384,0.07878,2.70835,0,0
T001116,alpha,BN,binder_void,0,0,0,-0.20624,-0.07737,-0.53541,0.579004,215.067
T001116,alpha,binder_void,BN,-0.20624,-0.07737,-0.53541,-0.4995,-0.18209,-1.29274,0.818889,127.575
T001116,alpha,BN,binder_void,-0.4995,-0.18209,-1.29274,-0.82684,-0.31549,-2.14073,0.918911,358.443
T001116,alpha,binder_void,BN,-0.82684,-0.31549,-2.14073,-0.84657,-0.32313,-2.18958,0.0532346,9.93929
T001116,alpha,BN,binder_void,-0.84657,-0.32313,-2.18958,-1.21879,-0.45053,-3.09342,0.986254,501.907
T001116,alpha,binder_void,BN,-1.21879,-0.45053,-3.09342,-1.45179,-0.54442,-3.66159,0.621705,74.3961
T001116,alpha,BN,binder_void,-1.45179,-0.54442,-3.66159,-1.74617,-0.68979,-4.41398,0.827317,177.166
T001116,alpha,binder_void,binder_void,-1.74617,-0.68979,-4.41398,-1.80126,-0.68302,-4.46371,0.0782865,0.771611
T001116,alpha,binder_void,binder_void,-1.80126,-0.68302,-4.46371,-1.86814,-0.67262,-4.48625,0.0758316,0.7147
T001116,alpha,binder_void,binder_void,-1.86814,-0.67262,-4.48625,-1.90631,-0.66822,-4.53998,0.0711552,0.656694
T001116,alpha,binder_void,binder_void,-1.90631,-0.66822,-4.53998,-1.96816,-0.68143,-4.56388,0.0757713,0.919306
T001116,alpha,binder_void,BN,-1.96816,-0.68143,-4.56388,-1.9827,-0.68531,-4.56971,0.0177532,0.225312
T001116,alpha,BN,BN,-1.9827,-0.68531,-4.56971,-2.0017,-0.68749,-4.56913,0.0222666,0.63969
T001116,alpha,BN,BN,-2.0017,-0.68749,-4.56913,-1.99582,-0.6853,-4.5563,0.0196141,1.57912
T001116,alpha,BN,BN,-1.99582,-0.6853,-4.5563,-1.99582,-0.6853,-4.5563,0,0
T001117,Li7,BN,binder_void,0,0,0,0.44293,0.1665,-0.12194,0.48884,305.3
T001117,Li7,binder_void,BN,0.44293,0.1665,-0.12194,0.64013,0.2383,-0.1755,0.216642,33.9399
T001117,Li7,BN,binder_void,0.64013,0.2383,-0.1755,1.28749,0.4691,-0.35233,0.711014,376.944
T001117,Li7,binder_void,ZnS,1.28749,0.4691,-0.35233,1.35235,0.4908,-0.38,0.0738076,6.75381
T001117,Li7,ZnS,ZnS,1.35235,0.4908,-0.38,1.71551,0.5285,-0.71809,0.523994,95.973
T001117,Li7,ZnS,ZnS,1.71551,0.5285,-0.71809,1.63228,0.5909,-0.84648,0.478483,21.0891
T001117,Li7,ZnS,ZnS,1.63228,0.5909,-0.84648,1.63228,0.5909,-0.84648,0,0
T001118,alpha,BN,binder_void,0,0,0,-0.36822,-0.1383,0.10137,0.406221,138.807
T001118,alpha,binder_void,BN,-0.36822,-0.1383,0.10137,-0.46388,-0.1759,0.12999,0.106701,10.0594
T001118,alpha,BN,binder_void,-0.46388,-0.1759,0.12999,-1.25141,-0.4842,0.36421,0.877702,354.734
T001118,alpha,binder_void,BN,-1.25141,-0.4842,0.36421,-1.43637,-0.5562,0.42061,0.206321,33.8131
T001118,alpha,BN,binder_void,-1.43637,-0.5562,0.42061,-2.0215,-0.7821,0.59442,0.651016,288.69
T001118,alpha,binder_void,BN,-2.0215,-0.7821,0.59442,-2.42494,-0.9369,0.70859,0.446991,80.584
T001118,alpha,BN,binder_void,-2.42494,-0.9369,0.70859,-2.83469,-1.0981,0.82867,0.456545,190.991
T001118,alpha,binder_void,ZnS,-2.83469,-1.0981,0.82867,-3.27729,-1.2581,0.96012,0.488815,91.5344
T001118,alpha,ZnS,ZnS,-3.27729,-1.2581,0.96012,-5.1205,-1.9358,1.52409,2.19801,280.787
T001118,alpha,ZnS,ZnS,-5.1205,-1.9358,1.52409,-5.1205,-1.9358,1.52409,0,0
T001119,Li7,BN,binder_void,0,0,0,-0.19681,-0.5836,0.02883,0.616934,361.474
T001119,Li7,binder_void,BN,-0.19681,-0.5836,0.02883,-0.3528,-1.0243,0.0522,0.46831,68.2705
T001119,Li7,BN,binder_void,-0.3528,-1.0243,0.0522,-0.63521,-1.7758,0.08173,0.806034,334.881
T001119,Li7,binder_void,BN,-0.63521,-1.7758,0.08173,-0.85064,-2.1485,0.16222,0.443435,27.2059
T001119,Li7,BN,BN,-0.85064,-2.1485,0.16222,-1.12849,-2.5152,0.25052,0.559223,48.1685
T001119,Li7,BN,BN,-1.12849,-2.5152,0.25052,-1.12849,-2.5152,0.25052,0,0
T001120,alpha,BN,binder_void,0,0,0,0.10274,0.3047,-0.01505,0.321917,117.378
T001120,alpha,binder_void,ZnS,0.10274,0.3047,-0.01505,0.44135,1.2917,-0.05926,1.04441,147.78
T001120,alpha,ZnS,binder_void,0.44135,1.2917,-0.05926,1.75141,5.12372,-0.23116,4.08479,1082.44
T001120,alpha,binder_void,BN,1.75141,5.12372,-0.23116,1.89287,5.35128,-0.1074,0.295563,28.958
T001120,alpha,BN,BN,1.89287,5.35128,-0.1074,2.26275,5.82961,0.22896,0.713797,93.4445
T001120,alpha,BN,BN,2.26275,5.82961,0.22896,2.26275,5.82961,0.22896,0,0
T001121,Li7,BN,binder_void,0,0,0,-0.0582,0.01088,0.132662,0.145292,87.772
T001121,Li7,binder_void,BN,-0.0582,0.01088,0.132662,-0.1635,0.02923,0.372011,0.262161,45.6762
T001121,Li7,BN,binder_void,-0.1635,0.02923,0.372011,-0.5158,0.07566,1.118281,0.827531,409.217
T001121,Li7,binder_void,BN,-0.5158,0.07566,1.118281,-0.6341,0.09766,1.353931,0.264726,29.2866
T001121,Li7,BN,BN,-0.6341,0.09766,1.353931,-1.0796,0.12789,2.183151,0.951483,268.048
T001121,Li7,BN,BN,-1.0796,0.12789,2.183151,-1.0796,0.12789,2.183151,0,0
T001122,alpha,BN,binder_void,0,0,0,0.1912,-0.03576,-0.435832,0.477302,181.169
T001122,alpha,binder_void,BN,0.1912,-0.03576,-0.435832,0.4518,-0.08106,-1.026879,0.647545,102.475
T001122,alpha,BN,binder_void,0.4518,-0.08106,-1.026879,0.5757,-0.1053,-1.310978,0.310919,134.141
T001122,alpha,binder_void,BN,0.5757,-0.1053,-1.310978,0.7629,-0.14864,-1.737018,0.467376,74.1148
T001122,alpha,BN,binder_void,0.7629,-0.14864,-1.737018,1.0575,-0.21623,-2.409579,0.737523,322.6
T001122,alpha,binder_void,BN,1.0575,-0.21623,-2.409579,1.0886,-0.22136,-2.483909,0.0807428,13.172
T001122,alpha,BN,binder_void,1.0886,-0.22136,-2.483909,1.3635,-0.2657,-3.144989,0.717672,336.74
T001122,alpha,binder_void,BN,1.3635,-0.2657,-3.144989,1.6042,-0.33563,-3.683009,0.593854,92.1936
T001122,alpha,BN,binder_void,1.6042,-0.33563,-3.683009,1.8404,-0.39343,-4.186049,0.560527,145.514
T001122,alpha,binder_void,BN,1.8404,-0.39343,-4.186049,1.8817,-0.40682,-4.256469,0.0827973,8.13666
T001122,alpha,BN,BN,1.8817,-0.40682,-4.256469,2.1479,-0.49656,-4.709499,0.564023,59.7448
T001122,alpha,BN,BN,2.1479,-0.49656,-4.709499,2.1479,-0.49656,-4.709499,0,0
T001123,Li7,BN,binder_void,0,0,0,-0.0053,0.00631,0.16964,0.169866,108.209
T001123,Li7,binder_void,BN,-0.0053,0.00631,0.16964,-0.0146,0.01928,0.499511,0.330296,56.9573
T001123,Li7,BN,binder_void,-0.0146,0.01928,0.499511,-0.0274,0.0326,1.001901,0.503087,297.694
T001123,Li7,binder_void,BN,-0.0274,0.0326,1.001901,-0.0222,0.06405,1.483091,0.482543,65.0082
T001123,Li7,BN,binder_void,-0.0222,0.06405,1.483091,-0.0202,0.0791,1.768041,0.285816,110.015
T001123,Li7,binder_void,BN,-0.0202,0.0791,1.768041,0.0157,0.12013,2.399211,0.635298,64.4633
T001123,Li7,BN,binder_void,0.0157,0.12013,2.399211,0.0433,0.14672,2.898621,0.50863,98.3152
T001123,Li7,binder_void,BN,0.0433,0.14672,2.898621,-0.0306,0.14419,3.175401,0.294582,15.5926
T001123,Li7,BN,BN,-0.0306,0.14419,3.175401,-0.12,0.12419,3.269811,0.144973,16.3382
T001123,Li7,BN,binder_void,-0.12,0.12419,3.269811,-0.1211,0.12441,3.270661,0.00147299,0.0987658
T001123,Li7,binder_void,binder_void,-0.1211,0.12441,3.270661,-0.1797,0.14861,3.352141,0.121988,4.73564
T001123,Li7,binder_void,BN,-0.1797,0.14861,3.352141,-0.1741,0.15217,3.354631,0.00771147,0.424472
T001123,Li7,BN,BN,-0.1741,0.15217,3.354631,-0.1694,0.15212,3.366791,0.0215937,2.17894
T001123,Li7,BN,BN,-0.1694,0.15212,3.366791,-0.1694,0.15212,3.366791,0,0
T001124,alpha,BN,binder_void,0,0,0,0.0129,-0.01518,-0.407751,0.408258,150.92
T001124,alpha,binder_void,ZnS,0.0129,-0.01518,-0.407751,0.0147,-0.01666,-0.462736,0.0550367,9.37814
T001124,alpha,ZnS,binder_void,0.0147,-0.01666,-0.462736,0.0954,-0.08446,-2.834759,2.38149,897.046
T001124,alpha,binder_void,BN,0.0954,-0.08446,-2.834759,0.1021,-0.07517,-2.939029,0.104902,19.8738
T001124,alpha,BN,binder_void,0.1021,-0.07517,-2.939029,0.1717,0.02631,-3.831689,0.902647,298.167
T001124,alpha,binder_void,BN,0.1717,0.02631,-3.831689,0.1766,0.03278,-3.904989,0.0737892,7.51181
T001124,alpha,BN,BN,0.1766,0.03278,-3.904989,0.2297,0.11249,-4.562749,0.687816,87.1036
T001124,alpha,BN,BN,0.2297,0.11249,-4.562749,0.2297,0.11249,-4.562749,0,0
T001125,Li7,BN,binder_void,0,0,0,0.11779,0.19413,-0.03034,0.229144,154.634
T001125,Li7,binder_void,binder_void,0.11779,0.19413,-0.03034,1.07255,1.83104,-0.45334,1.94253,287.618
T001125,Li7,binder_void,BN,1.07255,1.83104,-0.45334,1.18597,2.02355,-0.49331,0.227046,33.2829
T001125,Li7,BN,binder_void,1.18597,2.02355,-0.49331,1.66531,2.7956,-0.65588,0.927964,318.304
T001125,Li7,binder_void,binder_void,1.66531,2.7956,-0.65588,2.42864,3.61506,-0.43489,1.30931,46.1602
T001125,Li7,binder_void,binder_void,2.42864,3.61506,-0.43489,2.42864,3.61506,-0.43489,0,0
T001126,alpha,BN,binder_void,0,0,0,-0.08772,-0.14458,0.02259,0.170608,64.8905
T001126,alpha,binder_void,BN,-0.08772,-0.14458,0.02259,-0.29342,-0.48612,0.07507,0.402153,57.9239
T001126,alpha,BN,binder_void,-0.29342,-0.48612,0.07507,-0.65773,-1.08857,0.16942,0.710412,276.931
T001126,alpha,binder_void,BN,-0.65773,-1.08857,0.16942,-1.41801,-2.32545,0.38736,1.46833,257.127
T001126,alpha,BN,binder_void,-1.41801,-2.32545,0.38736,-1.70077,-2.79375,0.47779,0.554563,258.966
T001126,alpha,binder_void,BN,-1.70077,-2.79375,0.47779,-1.7753,-2.92285,0.5035,0.151286,27.271
T001126,alpha,BN,binder_void,-1.7753,-2.92285,0.5035,-2.06306,-3.41825,0.60109,0.58152,262.555
T001126,alpha,binder_void,BN,-2.06306,-3.41825,0.60109,-2.08296,-3.45395,0.6075,0.0413791,5.32092
T001126,alpha,BN,binder_void,-2.08296,-3.45395,0.6075,-2.31939,-3.86905,0.68581,0.484958,168.831
T001126,alpha,binder_void,BN,-2.31939,-3.86905,0.68581,-2.69479,-4.48085,0.74656,0.725387,56.5795
T001126,alpha,BN,BN,-2.69479,-4.48085,0.74656,-2.903528,-4.78575,0.7727,0.417004,33.6049
T001126,alpha,BN,BN,-2.903528,-4.78575,0.7727,-2.903528,-4.78575,0.7727,0,0
T001127,Li7,BN,binder_void,0,0,0,-0.30616,-0.2608,0.23255,0.464767,295.837
T001127,Li7,binder_void,BN,-0.30616,-0.2608,0.23255,-0.44194,-0.36456,0.33328,0.198396,30.4576
T001127,Li7,BN,binder_void,-0.44194,-0.36456,0.33328,-0.72191,-0.57492,0.54554,0.40988,223.656
T001127,Li7,binder_void,BN,-0.72191,-0.57492,0.54554,-1.20303,-0.94994,0.88661,0.699974,76.5364
T001127,Li7,BN,binder_void,-1.20303,-0.94994,0.88661,-1.61463,-1.27621,1.20683,0.620349,185.87
T001127,Li7,binder_void,BN,-1.61463,-1.27621,1.20683,-1.67098,-1.32763,1.25074,0.0893798,2.79163
T001127,Li7,BN,BN,-1.67098,-1.32763,1.25074,-1.80129,-1.40355,1.29197,0.164206,23.0648
T001127,Li7,BN,BN,-1.80129,-1.40355,1.29197,-1.80918,-1.40315,1.29248,0.107723,1.78731
T001127,Li7,BN,BN,-1.80918,-1.40315,1.29248,-1.80918,-1.40315,1.29248,0,0
T001128,alpha,BN,binder_void,0,0,0,0.05544,0.04722,-0.04211,0.0841329,35.4085
T001128,alpha,binder_void,BN,0.05544,0.04722,-0.04211,0.46179,0.39336,-0.35291,0.617695,95.0965
T001128,alpha,BN,binder_void,0.46179,0.39336,-0.35291,0.97261,0.83098,-0.74342,0.777887,325.379
T001128,alpha,binder_void,BN,0.97261,0.83098,-0.74342,1.10513,0.94518,-0.84516,0.202372,33.3851
T001128,alpha,BN,binder_void,1.10513,0.94518,-0.84516,1.5862,1.35751,-1.21831,0.735472,304.361
T001128,alpha,binder_void,ZnS,1.5862,1.35751,-1.21831,2.68691,2.04897,-1.8091,1.42826,256.223
T001128,alpha,ZnS,ZnS,2.68691,2.04897,-1.8091,4.64434,3.27757,-2.84566,2.64272,420.148
T001128,alpha,ZnS,ZnS,4.64434,3.27757,-2.84566,4.64434,3.27757,-2.84566,0,0
T001129,Li7,BN,binder_void,0,0,0,-0.0911838,0.4334,-0.0784,0.450001,279.246
T001129,Li7,binder_void,BN,-0.0911838,0.4334,-0.0784,-0.12189247,0.5966,-0.10939,0.168947,26.9192
T001129,Li7,BN,binder_void,-0.12189247,0.5966,-0.10939,-0.239651,1.2487,-0.24376,0.67723,349.107
T001129,Li7,binder_void,ZnS,-0.239651,1.2487,-0.24376,-0.323857,2.0834,-0.54371,0.895257,74.7024
T001129,Li7,ZnS,ZnS,-0.323857,2.0834,-0.54371,-0.551646,2.4578,-0.5897,0.463524,76.7414
T001129,Li7,ZnS,ZnS,-0.551646,2.4578,-0.5897,-0.61585,2.6448,-0.43991,0.427849,36.1939
T001129,Li7,ZnS,ZnS,-0.61585,2.6448,-0.43991,-0.61585,2.6448,-0.43991,0,0
T001130,alpha,BN,binder_void,0,0,0,0.097144,-0.4618,0.08352,0.479255,179.32
T001130,alpha,binder_void,ZnS,0.097144,-0.4618,0.08352,0.386204,-1.8457,0.31952,1.43343,206.762
T001130,alpha,ZnS,binder_void,0.386204,-1.8457,0.31952,0.935855,-4.4551,0.784555,2.72103,751.578
T001130,alpha,binder_void,BN,0.935855,-4.4551,0.784555,1.111975,-5.13068,0.792767,0.698577,99.1863
T001130,alpha,BN,BN,1.111975,-5.13068,0.792767,1.283905,-5.96095,0.73437,0.853955,233.154
T001130,alpha,BN,BN,1.283905,-5.96095,0.73437,1.283905,-5.96095,0.73437,0,0
T001131,Li7,BN,binder_void,0,0,0,-0.527624,0.0909,0.40935,0.6744,384.007
T001131,Li7,binder_void,BN,-0.527624,0.0909,0.40935,-0.725438,0.1186,0.56067,0.250646,33.9696
T001131,Li7,BN,binder_void,-0.725438,0.1186,0.56067,-0.915319,0.148,0.707058,0.241742,122.396
T001131,Li7,binder_void,BN,-0.915319,0.148,0.707058,-0.995634,0.1638,0.764021,0.0997424,12.2359
T001131,Li7,BN,binder_void,-0.995634,0.1638,0.764021,-1.363905,0.2351,1.030063,0.461362,167.157
T001131,Li7,binder_void,BN,-1.363905,0.2351,1.030063,-1.786235,0.2428,1.279481,0.493359,40.7876
T001131,Li7,BN,BN,-1.786235,0.2428,1.279481,-2.316695,0.3627,1.612706,0.692743,79.4458
T001131,Li7,BN,BN,-2.316695,0.3627,1.612706,-2.316695,0.3627,1.612706,0,0
T001132,alpha,BN,binder_void,0,0,0,0.250398,-0.0432,-0.19427,0.31986,119.644
T001132,alpha,binder_void,BN,0.250398,-0.0432,-0.19427,0.696966,-0.1188,-0.53938,0.569435,83.8439
T001132,alpha,BN,binder_void,0.696966,-0.1188,-0.53938,1.476845,-0.253,-1.14203,0.994889,403.768
T001132,alpha,binder_void,BN,1.476845,-0.253,-1.14203,1.951425,-0.343,-1.51624,0.611067,111.316
T001132,alpha,BN,binder_void,1.951425,-0.343,-1.51624,2.438885,-0.4345,-1.89366,0.623439,280.193
T001132,alpha,binder_void,ZnS,2.438885,-0.4345,-1.89366,3.250405,-0.5993,-2.53767,1.04947,170.907
T001132,alpha,ZnS,ZnS,3.250405,-0.5993,-2.53767,4.864255,-0.9116,-3.87467,2.26494,300.327
T001132,alpha,ZnS,ZnS,4.864255,-0.9116,-3.87467,4.864255,-0.9116,-3.87467,0,0
T001133,Li7,BN,binder_void,0,0,0,0.20312,-0.24385,0.2818,0.424583,271.449
T001133,Li7,binder_void,BN,0.20312,-0.24385,0.2818,0.27454,-0.33176,0.38706,0.154639,27.0238
T001133,Li7,BN,binder_void,0.27454,-0.33176,0.38706,0.32382,-0.39224,0.462,0.108196,59.8918
T001133,Li7,binder_void,BN,0.32382,-0.39224,0.462,0.46936,-0.56201,0.67771,0.310786,43.4643
T001133,Li7,BN,binder_void,0.46936,-0.56201,0.67771,0.70929,-0.85609,1.04214,0.527061,236.398
T001133,Li7,binder_void,ZnS,0.70929,-0.85609,1.04214,1.21085,-1.36609,1.82124,1.06299,94.9745
T001133,Li7,ZnS,ZnS,1.21085,-1.36609,1.82124,1.42979,-1.6799,2.04977,0.470465,70.7022
T001133,Li7,ZnS,ZnS,1.42979,-1.6799,2.04977,1.53316,-1.76053,2.37066,0.434067,45.0672
T001133,Li7,ZnS,ZnS,1.53316,-1.76053,2.37066,1.53316,-1.76053,2.37066,0,0
T001134,alpha,BN,binder_void,0,0,0,-0.16868,0.2025,-0.23402,0.352471,121.384
T001134,alpha,binder_void,ZnS,-0.16868,0.2025,-0.23402,-0.41189,0.49782,-0.56518,0.506009,77.5533
T001134,alpha,ZnS,binder_void,-0.41189,0.49782,-0.56518,-1.81517,2.20499,-2.477621,2.93467,1078.58
T001134,alpha,binder_void,BN,-1.81517,2.20499,-2.477621,-2.27552,2.78639,-3.26294,1.08283,126.716
T001134,alpha,BN,BN,-2.27552,2.78639,-3.26294,-2.42513,3.09352,-3.71226,0.593206,65.7623
T001134,alpha,BN,BN,-2.42513,3.09352,-3.71226,-2.42513,3.09352,-3.71226,0,0
T001135,Li7,BN,binder_void,0,0,0,0.11071,0.17685,-0.00536,0.208751,132.41
T001135,Li7,binder_void,BN,0.11071,0.17685,-0.00536,0.14028,0.22359,-0.00716,0.0553366,9.78252
T001135,Li7,BN,binder_void,0.14028,0.22359,-0.00716,0.60153,0.95289,-0.04133,0.864711,450.466
T001135,Li7,binder_void,BN,0.60153,0.95289,-0.04133,0.61483,0.977,-0.04369,0.0276372,2.87237
T001135,Li7,BN,binder_void,0.61483,0.977,-0.04369,1.04846,1.76707,-0.11999,0.914999,223.38
T001135,Li7,binder_void,BN,1.04846,1.76707,-0.11999,1.08534,1.86621,-0.06232,0.124913,5.16035
T001135,Li7,BN,BN,1.08534,1.86621,-0.06232,1.12742,1.89919,-0.02556,0.0697268,10.9493
T001135,Li7,BN,BN,1.12742,1.89919,-0.02556,1.15641,1.91064,-0.01122,0.0736336,4.8493
T001135,Li7,BN,BN,1.15641,1.91064,-0.01122,1.15626,1.9105,-0.01104,0.029062,0.130091
T001135,Li7,BN,BN,1.15626,1.9105,-0.01104,1.15626,1.9105,-0.01104,0,0
T001136,alpha,BN,binder_void,0,0,0,-0.38017,-0.60731,0.01839,0.716789,265.902
T001136,alpha,binder_void,BN,-0.38017,-0.60731,0.01839,-0.38926,-0.62223,0.01942,0.0175046,2.44403
T001136,alpha,BN,binder_void,-0.38926,-0.62223,0.01942,-0.80844,-1.30939,0.06652,0.806428,340.444
T001136,alpha,binder_void,BN,-0.80844,-1.30939,0.06652,-0.8746,-1.4213,0.07609,0.130361,17.5887
T001136,alpha,BN,binder_void,-0.8746,-1.4213,0.07609,-1.35185,-2.20662,0.13849,0.921441,447.971
T001136,alpha,binder_void,BN,-1.35185,-2.20662,0.13849,-1.53449,-2.62288,0.18928,0.457494,72.9829
T001136,alpha,BN,binder_void,-1.53449,-2.62288,0.18928,-1.60065,-2.77835,0.21032,0.170339,63.3629
T001136,alpha,binder_void,BN,-1.60065,-2.77835,0.21032,-1.78381,-3.20274,0.26487,0.465693,43.7254
T001136,alpha,BN,BN,-1.78381,-3.20274,0.26487,-2.13386,-3.99903,0.35053,0.879241,215.579
T001136,alpha,BN,BN,-2.13386,-3.99903,0.35053,-2.13386,-3.99903,0.35053,0,0
T001137,Li7,BN,binder_void,0,0,0,-0.0153,-0.1088,-0.05049,0.120878,75.5438
T001137,Li7,binder_void,BN,-0.0153,-0.1088,-0.05049,-0.04543,-0.3425,-0.15681,0.258534,51.4123
T001137,Li7,BN,binder_void,-0.04543,-0.3425,-0.15681,-0.06795,-0.5055,-0.23195,0.180971,113.545
T001137,Li7,binder_void,BN,-0.06795,-0.5055,-0.23195,-0.12798,-0.94228,-0.43308,0.484704,79.5686
T001137,Li7,BN,binder_void,-0.12798,-0.94228,-0.43308,-0.23194,-1.67615,-0.77259,0.816977,408.687
T001137,Li7,binder_void,BN,-0.23194,-1.67615,-0.77259,-0.33237,-2.04709,-0.95083,0.426026,32.2115
T001137,Li7,BN,binder_void,-0.33237,-2.04709,-0.95083,-0.47249,-2.52449,-1.18016,0.581118,66.5042
T001137,Li7,binder_void,binder_void,-0.47249,-2.52449,-1.18016,-0.47454,-2.64519,-1.18311,0.125916,4.87071
T001137,Li7,binder_void,binder_void,-0.47454,-2.64519,-1.18311,-0.47285,-2.76388,-1.17038,0.147827,5.54846
T001137,Li7,binder_void,binder_void,-0.47285,-2.76388,-1.17038,-0.45758,-2.75494,-1.08003,0.131577,2.1091
T001137,Li7,binder_void,binder_void,-0.45758,-2.75494,-1.08003,-0.45758,-2.75494,-1.08003,0,0
T001138,alpha,BN,binder_void,0,0,0,0.0993,0.7058,0.32773,0.784617,284.12
T001138,alpha,binder_void,BN,0.0993,0.7058,0.32773,0.10468,0.7433,0.3451,0.0416834,6.53441
T001138,alpha,BN,binder_void,0.10468,0.7433,0.3451,0.19803,1.3903,0.64595,0.71967,308.009
T001138,alpha,binder_void,BN,0.19803,1.3903,0.64595,0.23442,1.6592,0.77006,0.298465,46.0001
T001138,alpha,BN,binder_void,0.23442,1.6592,0.77006,0.35679,2.5353,1.16665,0.969846,470.151
T001138,alpha,binder_void,BN,0.35679,2.5353,1.16665,0.36544,2.5866,1.18777,0.056092,8.77072
T001138,alpha,BN,binder_void,0.36544,2.5866,1.18777,0.43421,3.2735,1.48614,0.753372,259.777
T001138,alpha,binder_void,BN,0.43421,3.2735,1.48614,0.75945,4.2931,1.88625,1.15867,37.581
T001138,alpha,BN,BN,0.75945,4.2931,1.88625,0.75503,4.7653,1.86289,0.508554,49.0565
T001138,alpha,BN,BN,0.75503,4.7653,1.86289,0.75503,4.7653,1.86289,0,0
T001139,Li7,BN,binder_void,0,0,0,-0.07352,-0.0982,-0.12679,0.176429,107.537
T001139,Li7,binder_void,binder_void,-0.07352,-0.0982,-0.12679,-0.95578,-1.20988,-1.47382,1.95751,296.034
T001139,Li7,binder_void,BN,-0.95578,-1.20988,-1.47382,-1.02119,-1.27726,-1.55398,0.123487,18.7473
T001139,Li7,BN,binder_void,-1.02119,-1.27726,-1.55398,-1.4631,-1.7275,-2.10922,0.84327,344.048
T001139,Li7,binder_void,BN,-1.4631,-1.7275,-2.10922,-1.4713,-1.73572,-2.11916,0.0152948,1.02152
T001139,Li7,BN,BN,-1.4713,-1.73572,-2.11916,-1.81501,-2.05859,-2.5194,0.686616,72.6123
T001139,Li7,BN,BN,-1.81501,-2.05859,-2.5194,-1.81501,-2.05859,-2.5194,0,0
T001140,alpha,BN,binder_void,0,0,0,0.22405,0.2991,0.38636,0.537578,200.728
T001140,alpha,binder_void,BN,0.22405,0.2991,0.38636,0.34334,0.4585,0.59691,0.289808,45.5708
T001140,alpha,BN,binder_void,0.34334,0.4585,0.59691,0.6364,0.8516,1.11653,0.714491,298.58
T001140,alpha,binder_void,BN,0.6364,0.8516,1.11653,1.08814,1.4094,1.82414,1.00805,174.381
T001140,alpha,BN,binder_void,1.08814,1.4094,1.82414,1.49189,1.9128,2.4525,0.901118,393.356
T001140,alpha,binder_void,ZnS,1.49189,1.9128,2.4525,1.56449,2.0129,2.56095,0.164526,27.0037
T001140,alpha,ZnS,ZnS,1.56449,2.0129,2.56095,2.53512,3.3669,4.04302,2.36437,330.38
T001140,alpha,ZnS,ZnS,2.53512,3.3669,4.04302,2.53512,3.3669,4.04302,0,0
T001141,Li7,BN,binder_void,0,0,0,0.0557,-0.13682,-0.03638,0.152187,103.628
T001141,Li7,binder_void,BN,0.0557,-0.13682,-0.03638,0.0665,-0.16299,-0.04343,0.0291776,3.42399
T001141,Li7,BN,binder_void,0.0665,-0.16299,-0.04343,0.3071,-0.74309,-0.19977,0.64771,360.193
T001141,Li7,binder_void,BN,0.3071,-0.74309,-0.19977,0.4525,-1.10856,-0.27565,0.40079,51.0466
T001141,Li7,BN,binder_void,0.4525,-1.10856,-0.27565,0.7149,-1.82157,-0.3797,0.770713,233.326
T001141,Li7,binder_void,BN,0.7149,-1.82157,-0.3797,0.8383,-2.78223,-0.58068,1.01318,64.8723
T001141,Li7,BN,BN,0.8383,-2.78223,-0.58068,0.8581,-2.91867,-0.61851,0.150175,24.4996
T001141,Li7,BN,BN,0.8581,-2.91867,-0.61851,0.8581,-2.91867,-0.61851,0,0
T001142,alpha,BN,binder_void,0,0,0,-0.173,0.42418,0.11277,0.471792,178.706
T001142,alpha,binder_void,BN,-0.173,0.42418,0.11277,-0.2102,0.51651,0.1366,0.102348,12.6431
T001142,alpha,BN,binder_void,-0.2102,0.51651,0.1366,-0.5543,1.3714,0.35753,0.947811,389.099
T001142,alpha,binder_void,ZnS,-0.5543,1.3714,0.35753,-0.7094,1.76968,0.45884,0.439297,81.42
T001142,alpha,ZnS,binder_void,-0.7094,1.76968,0.45884,-1.2453,3.16921,0.82469,1.54968,538.29
T001142,alpha,binder_void,BN,-1.2453,3.16921,0.82469,-1.4902,3.74987,0.96901,0.646969,97.8941
T001142,alpha,BN,binder_void,-1.4902,3.74987,0.96901,-1.7049,4.30811,1.10935,0.617852,139.878
T001142,alpha,binder_void,BN,-1.7049,4.30811,1.10935,-1.8604,5.11758,1.4581,0.990071,9.15647
T001142,alpha,BN,BN,-1.8604,5.11758,1.4581,-1.9619,5.33768,1.5835,0.289145,2.48626
T001142,alpha,BN,binder_void,-1.9619,5.33768,1.5835,-1.9924,5.28684,1.50626,0.101634,12.7229
T001142,alpha,binder_void,binder_void,-1.9924,5.28684,1.50626,-2.03679,5.2344,1.41705,0.11752,7.70333
T001142,alpha,binder_void,binder_void,-2.03679,5.2344,1.41705,-2.03679,5.2344,1.41705,0,0
T001143,Li7,BN,binder_void,0,0,0,-0.1478,0.35496,0.20074,0.433909,270.036
T001143,Li7,binder_void,BN,-0.1478,0.35496,0.20074,-0.2346,0.56204,0.33626,0.262295,43.3399
T001143,Li7,BN,binder_void,-0.2346,0.56204,0.33626,-0.4075,0.97803,0.60879,0.527147,268.684
T001143,Li7,binder_void,ZnS,-0.4075,0.97803,0.60879,-0.4327,1.04227,0.65079,0.0807917,6.52013
T001143,Li7,ZnS,ZnS,-0.4327,1.04227,0.65079,-1.0929,2.14621,0.99631,1.39406,221.338
T001143,Li7,ZnS,ZnS,-1.0929,2.14621,0.99631,-1.0859,2.31201,1.02421,0.62956,30.0821
T001143,Li7,ZnS,ZnS,-1.0859,2.31201,1.02421,-1.0859,2.31201,1.02421,0,0
T001144,alpha,BN,binder_void,0,0,0,0.0563,-0.13544,-0.0766,0.165511,63.2972
T001144,alpha,binder_void,BN,0.0563,-0.13544,-0.0766,0.061,-0.14659,-0.08289,0.0136305,1.46308
T001144,alpha,BN,binder_void,0.061,-0.14659,-0.08289,0.2863,-0.68397,-0.38625,0.656979,258.778
T001144,alpha,binder_void,BN,0.2863,-0.68397,-0.38625,0.5055,-1.20876,-0.67383,0.637325,95.9995
T001144,alpha,BN,binder_void,0.5055,-1.20876,-0.67383,0.5683,-1.35719,-0.75594,0.180904,75.4671
T001144,alpha,binder_void,BN,0.5683,-1.35719,-0.75594,0.7782,-1.86168,-1.04127,0.616479,98.6669
T001144,alpha,BN,binder_void,0.7782,-1.86168,-1.04127,1.0184,-2.45042,-1.3801,0.720668,337.029
T001144,alpha,binder_void,BN,1.0184,-2.45042,-1.3801,1.1093,-2.66647,-1.49408,0.260655,48.1745
T001144,alpha,BN,binder_void,1.1093,-2.66647,-1.49408,1.3681,-3.27976,-1.82088,0.742184,302.224
T001144,alpha,binder_void,ZnS,1.3681,-3.27976,-1.82088,1.3794,-3.3017,-1.83524,0.0285721,2.52018
T001144,alpha,ZnS,ZnS,1.3794,-3.3017,-1.83524,2.0243,-4.54098,-2.65275,1.83791,186.381
T001144,alpha,ZnS,ZnS,2.0243,-4.54098,-2.65275,2.0243,-4.54098,-2.65275,0,0
T001145,Li7,BN,binder_void,0,0,0,-0.0343,-0.47086,0.3205,0.570918,349.427
T001145,Li7,binder_void,BN,-0.0343,-0.47086,0.3205,-0.0389,-0.51024,0.3463,0.047289,6.66434
T001145,Li7,BN,binder_void,-0.0389,-0.51024,0.3463,-0.103,-1.04907,0.704,0.651128,294.402
T001145,Li7,binder_void,BN,-0.103,-1.04907,0.704,-0.1838,-1.49444,0.9643,0.523456,52.2045
T001145,Li7,BN,BN,-0.1838,-1.49444,0.9643,-0.246,-2.2207,1.3595,0.859253,137.302
T001145,Li7,BN,BN,-0.246,-2.2207,1.3595,-0.246,-2.2207,1.3595,0,0
T001146,alpha,BN,binder_void,0,0,0,0.0181,0.24835,-0.169,0.300964,116.7
T001146,alpha,binder_void,BN,0.0181,0.24835,-0.169,0.0364,0.48763,-0.33385,0.291126,39.0045
T001146,alpha,BN,binder_void,0.0364,0.48763,-0.33385,0.0757,0.99252,-0.68213,0.614692,240.8
T001146,alpha,binder_void,BN,0.0757,0.99252,-0.68213,0.094,1.2165,-0.83488,0.271726,38.8851
T001146,alpha,BN,binder_void,0.094,1.2165,-0.83488,0.1481,1.9076,-1.30592,0.838306,376.893
T001146,alpha,binder_void,ZnS,0.1481,1.9076,-1.30592,0.2148,2.66646,-1.83735,0.929022,176.873
T001146,alpha,ZnS,ZnS,0.2148,2.66646,-1.83735,0.3727,4.90159,-3.38268,2.82025,480.845
T001146,alpha,ZnS,ZnS,0.3727,4.90159,-3.38268,0.3727,4.90159,-3.38268,0,0
T001147,Li7,BN,binder_void,0,0,0,-0.0451,0.27457,-0.1784,0.33062,204.253
T001147,Li7,binder_void,BN,-0.0451,0.27457,-0.1784,-0.0682,0.45332,-0.28723,0.210566,30.9879
T001147,Li7,BN,binder_void,-0.0682,0.45332,-0.28723,-0.1601,1.13057,-0.69585,0.797501,398.716
T001147,Li7,binder_void,BN,-0.1601,1.13057,-0.69585,-0.1878,1.23542,-0.75485,0.123516,13.199
T001147,Li7,BN,BN,-0.1878,1.23542,-0.75485,-0.3839,1.94144,-1.16805,0.855629,192.844
T001147,Li7,BN,BN,-0.3839,1.94144,-1.16805,-0.3839,1.94144,-1.16805,0,0
T001148,alpha,BN,binder_void,0,0,0,0.0708,-0.43159,0.2804,0.519597,190.443
T001148,alpha,binder_void,BN,0.0708,-0.43159,0.2804,0.0737,-0.44866,0.2914,0.0204831,4.24209
T001148,alpha,BN,binder_void,0.0737,-0.44866,0.2914,0.2063,-1.23316,0.7954,0.941967,369.709
T001148,alpha,binder_void,BN,0.2063,-1.23316,0.7954,0.4469,-2.60382,1.6401,1.62826,274.997
T001148,alpha,BN,binder_void,0.4469,-2.60382,1.6401,0.5267,-3.063121,1.9144,0.541093,233.526
T001148,alpha,binder_void,BN,0.5267,-3.063121,1.9144,0.5889,-3.396899,2.1302,0.402419,73.845
T001148,alpha,BN,binder_void,0.5889,-3.396899,2.1302,0.6892,-3.898063,2.4479,0.602675,249.637
T001148,alpha,binder_void,BN,0.6892,-3.898063,2.4479,0.7658,-4.351701,2.7997,0.583895,36.8132
T001148,alpha,BN,binder_void,0.7658,-4.351701,2.7997,0.8114,-4.487321,2.8856,0.171148,15.3906
T001148,alpha,binder_void,BN,0.8114,-4.487321,2.8856,0.8114,-4.487321,2.8856,0,0
T001148,alpha,BN,BN,0.8114,-4.487321,2.8856,0.8042,-4.616145,2.9558,0.15676,21.396
T001148,alpha,BN,BN,0.8042,-4.616145,2.9558,0.8042,-4.616145,2.9558,0,0
T001149,Li7,BN,binder_void,0,0,0,0.49998,-0.23981,-0.09698,0.563229,345.321
T001149,Li7,binder_void,BN,0.49998,-0.23981,-0.09698,0.64438,-0.31296,-0.12871,0.164968,23.7886
T001149,Li7,BN,binder_void,0.64438,-0.31296,-0.12871,1.42303,-0.70808,-0.29302,0.891069,369.2
T001149,Li7,binder_void,ZnS,1.42303,-0.70808,-0.29302,1.57537,-0.79335,-0.35319,0.185183,15.3592
T001149,Li7,ZnS,ZnS,1.57537,-0.79335,-0.35319,1.79226,-0.84524,-0.39571,0.235901,53.2199
T001149,Li7,ZnS,ZnS,1.79226,-0.84524,-0.39571,1.9677,-0.75006,-0.52581,0.287588,20.3118
T001149,Li7,ZnS,ZnS,1.9677,-0.75006,-0.52581,2.09373,-0.80195,-0.65898,0.256778,12.7992
T001149,Li7,ZnS,ZnS,2.09373,-0.80195,-0.65898,2.09373,-0.80195,-0.65898,0,0
T001150,alpha,BN,binder_void,0,0,0,-0.2112,0.10128,0.04097,0.237773,93.6838
T001150,alpha,binder_void,BN,-0.2112,0.10128,0.04097,-0.2734,0.13166,0.05399,0.0704175,8.36923
T001150,alpha,BN,binder_void,-0.2734,0.13166,0.05399,-0.7752,0.3771,0.15918,0.568527,226.149
T001150,alpha,binder_void,BN,-0.7752,0.3771,0.15918,-2.067,1.01476,0.42896,1.46583,225.723
T001150,alpha,BN,binder_void,-2.067,1.01476,0.42896,-2.3685,1.16276,0.48741,0.340893,149.887
T001150,alpha,binder_void,BN,-2.3685,1.16276,0.48741,-2.6254,1.2888,0.53789,0.290662,56.8386
T001150,alpha,BN,binder_void,-2.6254,1.2888,0.53789,-2.7835,1.36655,0.56905,0.178887,81.445
T001150,alpha,binder_void,ZnS,-2.7835,1.36655,0.56905,-2.9959,1.47041,0.61193,0.240337,34.3367
T001150,alpha,ZnS,ZnS,-2.9959,1.47041,0.61193,-5.6934,2.79331,1.15795,3.13726,593.567
T001150,alpha,ZnS,ZnS,-5.6934,2.79331,1.15795,-5.6934,2.79331,1.15795,0,0
T001151,Li7,BN,binder_void,0,0,0,0.42472,-0.34311,-0.4321,0.696757,419.465
T001151,Li7,binder_void,BN,0.42472,-0.34311,-0.4321,0.56138,-0.43494,-0.55625,0.206251,25.6119
T001151,Li7,BN,binder_void,0.56138,-0.43494,-0.55625,0.83075,-0.61947,-0.80416,0.410606,184.136
T001151,Li7,binder_void,ZnS,0.83075,-0.61947,-0.80416,1.07276,-0.74869,-0.99445,0.334309,34.1251
T001151,Li7,ZnS,ZnS,1.07276,-0.74869,-0.99445,2.03632,-0.8983,-1.2844,1.07962,176.662
T001151,Li7,ZnS,ZnS,2.03632,-0.8983,-1.2844,2.03632,-0.8983,-1.2844,0,0
T001152,alpha,BN,binder_void,0,0,0,-0.1172,0.09472,0.1193,0.192233,74.385
T001152,alpha,binder_void,BN,-0.1172,0.09472,0.1193,-0.2578,0.20891,0.2619,0.2305,33.4553
T001152,alpha,BN,binder_void,-0.2578,0.20891,0.2619,-0.3879,0.31389,0.39406,0.213102,75.7831
T001152,alpha,binder_void,BN,-0.3879,0.31389,0.39406,-0.6715,0.53531,0.68166,0.460623,67.7035
T001152,alpha,BN,binder_void,-0.6715,0.53531,0.68166,-1.177,0.93336,1.19213,0.821465,348.097
T001152,alpha,binder_void,BN,-1.177,0.93336,1.19213,-1.2337,0.97786,1.24688,0.0905417,20.0073
T001152,alpha,BN,binder_void,-1.2337,0.97786,1.24688,-1.7308,1.37282,1.733074,0.799885,378.969
T001152,alpha,binder_void,BN,-1.7308,1.37282,1.733074,-1.83,1.45527,1.830191,0.161487,28.6768
T001152,alpha,BN,binder_void,-1.83,1.45527,1.830191,-2.1883,1.75089,2.180401,0.58222,222.69
T001152,alpha,binder_void,ZnS,-2.1883,1.75089,2.180401,-2.1994,1.75942,2.191267,0.0177217,3.1953
T001152,alpha,ZnS,ZnS,-2.1994,1.75942,2.191267,-3.3146,2.60271,3.276784,1.96311,217.037
T001152,alpha,ZnS,ZnS,-3.3146,2.60271,3.276784,-3.3146,2.60271,3.276784,0,0
T001153,Li7,BN,binder_void,0,0,0,0.41735,-0.0519,-0.06898,0.426348,281.142
T001153,Li7,binder_void,BN,0.41735,-0.0519,-0.06898,0.71009,-0.097,-0.11955,0.300532,48.3937
T001153,Li7,BN,binder_void,0.71009,-0.097,-0.11955,1.55464,-0.1921,-0.33136,0.878009,437.723
T001153,Li7,binder_void,BN,1.55464,-0.1921,-0.33136,2.10528,-0.2267,-0.53108,0.597873,36.3562
T001153,Li7,BN,BN,2.10528,-0.2267,-0.53108,2.32835,-0.2184,-0.67895,0.299375,29.2978
T001153,Li7,BN,binder_void,2.32835,-0.2184,-0.67895,2.32876,-0.2184,-0.67922,0.000496196,0.0197465
T001153,Li7,binder_void,binder_void,2.32876,-0.2184,-0.67922,2.3753,-0.2427,-0.74548,0.0935027,3.96529
T001153,Li7,binder_void,binder_void,2.3753,-0.2427,-0.74548,2.42856,-0.3234,-0.75524,0.124687,4.49927
T001153,Li7,binder_void,binder_void,2.42856,-0.3234,-0.75524,2.42856,-0.3234,-0.75524,0,0
T001154,alpha,BN,binder_void,0,0,0,-0.30061,0.0374,0.04968,0.30699,115.982
T001154,alpha,binder_void,BN,-0.30061,0.0374,0.04968,-0.7278,0.0907,0.12447,0.436958,63.2931
T001154,alpha,BN,binder_void,-0.7278,0.0907,0.12447,-1.27005,0.1598,0.21939,0.554867,227.452
T001154,alpha,binder_void,BN,-1.27005,0.1598,0.21939,-3.05876,0.3972,0.52006,1.82957,301.353
T001154,alpha,BN,binder_void,-3.05876,0.3972,0.52006,-3.64964,0.474,0.63893,0.607772,295.524
T001154,alpha,binder_void,ZnS,-3.64964,0.474,0.63893,-3.994446,0.5124,0.70807,0.353819,57.8274
T001154,alpha,ZnS,binder_void,-3.994446,0.5124,0.70807,-6.15806,0.7477,1.17421,2.29762,391.569
T001154,alpha,binder_void,binder_void,-6.15806,0.7477,1.17421,-6.54231,0.5904,1.3117,0.485088,2.57743
T001154,alpha,binder_void,binder_void,-6.54231,0.5904,1.3117,-6.59254,0.5647,1.13142,0.199483,14.4224
T001154,alpha,binder_void,binder_void,-6.59254,0.5647,1.13142,-6.59254,0.5647,1.13142,0,0
T001155,Li7,BN,binder_void,0,0,0,-0.00027,-0.8136,0.19617,0.837641,475.68
T001155,Li7,binder_void,BN,-0.00027,-0.8136,0.19617,0.00116,-0.8298,0.20011,0.016788,2.66302
T001155,Li7,BN,binder_void,0.00116,-0.8298,0.20011,0.08156,-1.7336,0.41494,0.93745,292.859
T001155,Li7,binder_void,BN,0.08156,-1.7336,0.41494,0.10874,-1.9538,0.46548,0.229164,16.0185
T001155,Li7,BN,BN,0.10874,-1.9538,0.46548,0.15764,-2.3927,0.5948,0.518065,58.4182
T001155,Li7,BN,BN,0.15764,-2.3927,0.5948,0.15764,-2.3927,0.5948,0,0
T001156,alpha,BN,binder_void,0,0,0,5e-05,0.152,-0.03664,0.156323,57.2907
T001156,alpha,binder_void,BN,5e-05,0.152,-0.03664,0.00032,0.4074,-0.09912,0.262912,31.8981
T001156,alpha,BN,binder_void,0.00032,0.4074,-0.09912,1e-05,0.6519,-0.15893,0.251777,93.4633
T001156,alpha,binder_void,BN,1e-05,0.6519,-0.15893,-0.00068,0.8715,-0.21345,0.226255,30.5432
T001156,alpha,BN,binder_void,-0.00068,0.8715,-0.21345,-0.00217,1.2351,-0.30203,0.374232,142.959
T001156,alpha,binder_void,BN,-0.00217,1.2351,-0.30203,-0.00242,1.8365,-0.4462,0.618535,97.8503
T001156,alpha,BN,binder_void,-0.00242,1.8365,-0.4462,9e-05,2.3415,-0.56912,0.519777,235.26
T001156,alpha,binder_void,BN,9e-05,2.3415,-0.56912,0.00224,2.6369,-0.63852,0.303468,50.002
T001156,alpha,BN,binder_void,0.00224,2.6369,-0.63852,0.0051,3.1886,-0.76559,0.566282,261.178
T001156,alpha,binder_void,BN,0.0051,3.1886,-0.76559,0.01867,4.3031,-1.00781,1.14114,182.421
T001156,alpha,BN,binder_void,0.01867,4.3031,-1.00781,0.05204,5.066,-1.18887,0.786987,219.434
T001156,alpha,binder_void,BN,0.05204,5.066,-1.18887,0.07135,5.2587,-1.22123,0.196885,11.7161
T001156,alpha,BN,binder_void,0.07135,5.2587,-1.22123,0.12554,5.5982,-1.27777,0.358283,11.4598
T001156,alpha,binder_void,BN,0.12554,5.5982,-1.27777,0.12554,5.5982,-1.27777,0,0
T001156,alpha,BN,binder_void,0.12554,5.5982,-1.27777,-0.18386,5.8632,-1.28496,0.433679,15.0987
T001156,alpha,binder_void,BN,-0.18386,5.8632,-1.28496,-0.02093,5.9396,-1.09045,0.270321,8.23571
T001156,alpha,BN,BN,-0.02093,5.9396,-1.09045,0.13786,5.979,-0.92875,0.260962,2.35475
T001156,alpha,BN,BN,0.13786,5.979,-0.92875,0.26757,5.8166,-0.79632,0.281158,2.29901
T001156,alpha,BN,binder_void,0.26757,5.8166,-0.79632,0.26959,5.8161,-0.79676,0.00211817,0.0226132
T001156,alpha,binder_void,BN,0.26959,5.8161,-0.79676,0.33422,5.7996,-0.80107,0.067749,2.12479
T001156,alpha,BN,BN,0.33422,5.7996,-0.80107,0.41822,5.7561,-0.85434,0.113202,14.2741
T001156,alpha,BN,BN,0.41822,5.7561,-0.85434,0.41863,5.7559,-0.85457,0.0229356,0.114964
T001156,alpha,BN,BN,0.41863,5.7559,-0.85457,0.41863,5.7559,-0.85457,0,0
T001157,Li7,BN,binder_void,0,0,0,-0.3621,0.533156,-0.28483,0.705141,442.498
T001157,Li7,binder_void,ZnS,-0.3621,0.533156,-0.28483,-0.6482,0.913294,-0.51321,0.528039,70.855
T001157,Li7,ZnS,ZnS,-0.6482,0.913294,-0.51321,-1.2438,1.84349,-1.33097,1.44537,326.647
T001157,Li7,ZnS,ZnS,-1.2438,1.84349,-1.33097,-1.2438,1.84349,-1.33097,0,0
T001158,alpha,BN,binder_void,0,0,0,0.0449,-0.06608,0.0353,0.087332,34.7263
T001158,alpha,binder_void,BN,0.0449,-0.06608,0.0353,0.2358,-0.34547,0.18462,0.369848,49.2102
T001158,alpha,BN,binder_void,0.2358,-0.34547,0.18462,0.4363,-0.64153,0.34082,0.390255,142.166
T001158,alpha,binder_void,BN,0.4363,-0.64153,0.34082,1.4756,-2.21504,1.13484,2.04637,341.25
T001158,alpha,BN,binder_void,1.4756,-2.21504,1.13484,1.6854,-2.53068,1.28595,0.40808,183.696
T001158,alpha,binder_void,ZnS,1.6854,-2.53068,1.28595,2.15628,-3.23067,1.62948,0.911033,158.429
T001158,alpha,ZnS,ZnS,2.15628,-3.23067,1.62948,3.69439,-5.47167,2.797038,3.04552,560.522
T001158,alpha,ZnS,ZnS,3.69439,-5.47167,2.797038,3.69439,-5.47167,2.797038,0,0
T001159,Li7,BN,binder_void,0,0,0,0.242,0.12463,0.26354,0.378982,239.307
T001159,Li7,binder_void,BN,0.242,0.12463,0.26354,0.4998,0.260507,0.55887,0.415031,66.668
T001159,Li7,BN,binder_void,0.4998,0.260507,0.55887,0.8998,0.463823,1.01435,0.640273,314.732
T001159,Li7,binder_void,BN,0.8998,0.463823,1.01435,1.6139,0.722221,1.880662,1.15752,93.8903
T001159,Li7,BN,BN,1.6139,0.722221,1.880662,2.26253,0.794789,2.4210971,0.890534,125.403
T001159,Li7,BN,BN,2.26253,0.794789,2.4210971,2.26253,0.794789,2.4210971,0,0
T001160,alpha,BN,binder_void,0,0,0,-0.1037,-0.05344,-0.11299,0.162436,62.6618
T001160,alpha,binder_void,ZnS,-0.1037,-0.05344,-0.11299,-0.9199,-0.4796,-1.00346,1.28096,177.752
T001160,alpha,ZnS,binder_void,-0.9199,-0.4796,-1.00346,-1.7386,-0.89993,-1.88769,1.27836,463.151
T001160,alpha,binder_void,BN,-1.7386,-0.89993,-1.88769,-2.1895,-1.12493,-2.31817,0.662843,118.468
T001160,alpha,BN,binder_void,-2.1895,-1.12493,-2.31817,-2.7698,-1.40547,-2.85136,0.836943,349.742
T001160,alpha,binder_void,BN,-2.7698,-1.40547,-2.85136,-2.9443,-1.47978,-3.03526,0.264293,37.2049
T001160,alpha,BN,binder_void,-2.9443,-1.47978,-3.03526,-3.3739,-1.66175,-3.46777,0.637756,207.253
T001160,alpha,binder_void,BN,-3.3739,-1.66175,-3.46777,-3.3823,-1.66631,-3.47631,0.0128393,5.13953
T001160,alpha,BN,BN,-3.3823,-1.66631,-3.47631,-3.6882,-1.83211,-3.79258,0.506213,48.6274
T001160,alpha,BN,BN,-3.6882,-1.83211,-3.79258,-3.6882,-1.83211,-3.79258,0,0
T001161,Li7,BN,binder_void,0,0,0,-0.21229,-0.3498,0.44694,0.606323,377.319
T001161,Li7,binder_void,BN,-0.21229,-0.3498,0.44694,-0.46566,-0.821,1.01174,0.778517,104.333
T001161,Li7,BN,binder_void,-0.46566,-0.821,1.01174,-0.78064,-1.3596,1.66477,0.907889,272.539
T001161,Li7,binder_void,BN,-0.78064,-1.3596,1.66477,-0.84119,-1.4572,1.79341,0.173036,12.9927
T001161,Li7,BN,BN,-0.84119,-1.4572,1.79341,-1.04864,-1.807,2.26087,0.687581,72.8161
T001161,Li7,BN,BN,-1.04864,-1.807,2.26087,-1.04864,-1.807,2.26087,0,0
T001162,alpha,BN,binder_void,0,0,0,0.08539,0.1407,-0.17976,0.243742,84.4303
T001162,alpha,binder_void,BN,0.08539,0.1407,-0.17976,0.25649,0.421,-0.53365,0.482807,65.3331
T001162,alpha,BN,binder_void,0.25649,0.421,-0.53365,0.33889,0.558,-0.70815,0.236628,96.9161
T001162,alpha,binder_void,ZnS,0.33889,0.558,-0.70815,0.790686,1.3007,-1.64213,1.27609,206.076
T001162,alpha,ZnS,binder_void,0.790686,1.3007,-1.64213,1.7261248,2.8443,-3.51843,2.6182,790.129
T001162,alpha,binder_void,BN,1.7261248,2.8443,-3.51843,1.8039354,2.9893,-3.71688,0.257875,36.6572
T001162,alpha,BN,binder_void,1.8039354,2.9893,-3.71688,1.992854,3.3417,-4.20402,0.633198,182.989
T001162,alpha,binder_void,ZnS,1.992854,3.3417,-4.20402,2.005123,3.4036,-4.24372,0.0798363,1.10383
T001162,alpha,ZnS,ZnS,2.005123,3.4036,-4.24372,2.033724,3.4094,-4.27922,0.0893864,1.27714
T001162,alpha,ZnS,ZnS,2.033724,3.4094,-4.27922,2.028577,3.3754,-4.25832,0.0776941,1.11226
T001162,alpha,ZnS,binder_void,2.028577,3.3754,-4.25832,2.028445,3.3747,-4.25712,0.00144864,0.0905312
T001162,alpha,binder_void,BN,2.028445,3.3747,-4.25712,2.031487,3.3453,-4.22462,0.0499918,0.531964
T001162,alpha,BN,BN,2.031487,3.3453,-4.22462,2.045892,3.3308,-4.22512,0.0223087,1.04313
T001162,alpha,BN,BN,2.045892,3.3308,-4.22512,2.058827,3.3324,-4.23512,0.0229966,0.595981
T001162,alpha,BN,BN,2.058827,3.3324,-4.23512,2.069438,3.3263,-4.23942,0.0226576,0.562239
T001162,alpha,BN,BN,2.069438,3.3263,-4.23942,2.07086,3.3244,-4.22522,0.0256957,0.77131
T001162,alpha,BN,BN,2.07086,3.3244,-4.22522,2.060616,3.3386,-4.22222,0.0242921,0.381452
T001162,alpha,BN,BN,2.060616,3.3386,-4.22222,2.060616,3.3386,-4.22222,0,0
T001163,Li7,BN,binder_void,0,0,0,-0.21922,-0.0539,0.73802,0.772368,452.381
T001163,Li7,binder_void,ZnS,-0.21922,-0.0539,0.73802,-0.59591,-0.0656,1.74055,1.07258,129.644
T001163,Li7,ZnS,ZnS,-0.59591,-0.0656,1.74055,-0.78947,0.3012,3.01425,1.39935,218.776
T001163,Li7,ZnS,ZnS,-0.78947,0.3012,3.01425,-0.85909,0.3403,3.23907,0.718656,39.1992
T001163,Li7,ZnS,ZnS,-0.85909,0.3403,3.23907,-0.85909,0.3403,3.23907,0,0
T001164,alpha,BN,binder_void,0,0,0,0.05436,0.0134,-0.183,0.191378,71.9368
T001164,alpha,binder_void,BN,0.05436,0.0134,-0.183,0.3954,0.0889,-1.29828,1.16877,155.212
T001164,alpha,BN,binder_void,0.3954,0.0889,-1.29828,0.59982,0.1296,-1.94696,0.68143,293.353
T001164,alpha,binder_void,BN,0.59982,0.1296,-1.94696,1.229252,0.2663,-3.83375,1.99416,344.072
T001164,alpha,BN,binder_void,1.229252,0.2663,-3.83375,1.254024,0.2731,-3.91285,0.0831629,39.9719
T001164,alpha,binder_void,BN,1.254024,0.2731,-3.91285,1.621571,0.3597,-5.06492,1.2128,201.883
T001164,alpha,BN,binder_void,1.621571,0.3597,-5.06492,1.7425082,0.386,-5.46522,0.419294,154.939
T001164,alpha,binder_void,BN,1.7425082,0.386,-5.46522,1.8122078,0.4026,-5.68512,0.231459,26.397
T001164,alpha,BN,binder_void,1.8122078,0.4026,-5.68512,2.065193,0.4642,-6.48662,0.849632,124.597
T001164,alpha,binder_void,BN,2.065193,0.4642,-6.48662,2.354797,0.7578,-7.55102,1.18245,17.7562
T001164,alpha,BN,BN,2.354797,0.7578,-7.55102,2.62616,0.9234,-7.81732,0.456193,39.882
T001164,alpha,BN,BN,2.62616,0.9234,-7.81732,2.62616,0.9234,-7.81732,0,0
T001165,Li7,BN,binder_void,0,0,0,0.1067,-0.10391,-0.00842,0.149222,98.6496
T001165,Li7,binder_void,BN,0.1067,-0.10391,-0.00842,0.4621,-0.45511,-0.03867,0.500653,84.8991
T001165,Li7,BN,binder_void,0.4621,-0.45511,-0.03867,0.98144,-0.95988,-0.08297,0.726413,392.54
T001165,Li7,binder_void,ZnS,0.98144,-0.95988,-0.08297,1.04414,-1.02654,-0.08736,0.09164,9.84224
T001165,Li7,ZnS,ZnS,1.04414,-1.02654,-0.08736,1.87374,-2.00139,0.29175,1.39622,254.069
T001165,Li7,ZnS,ZnS,1.87374,-2.00139,0.29175,1.87374,-2.00139,0.29175,0,0
T001166,alpha,BN,binder_void,0,0,0,-0.0354,0.03447,0.00279,0.0494813,18.617
T001166,alpha,binder_void,BN,-0.0354,0.03447,0.00279,-1.8392,1.78909,0.14598,2.52081,375.555
T001166,alpha,BN,binder_void,-1.8392,1.78909,0.14598,-2.0716,2.00843,0.16577,0.320189,144.969
T001166,alpha,binder_void,BN,-2.0716,2.00843,0.16577,-2.1292,2.06297,0.17142,0.0795292,15.9449
T001166,alpha,BN,binder_void,-2.1292,2.06297,0.17142,-2.6916,2.59571,0.22732,0.776912,379.075
T001166,alpha,binder_void,BN,-2.6916,2.59571,0.22732,-2.8895,2.78809,0.24252,0.276428,42.6932
T001166,alpha,BN,binder_void,-2.8895,2.78809,0.24252,-3.528,3.40113,0.28136,0.886908,288.796
T001166,alpha,binder_void,BN,-3.528,3.40113,0.28136,-3.589,3.46035,0.27814,0.0851225,13.0083
T001166,alpha,BN,binder_void,-3.589,3.46035,0.27814,-4.0822,3.95077,0.22493,0.701392,180.08
T001166,alpha,binder_void,binder_void,-4.0822,3.95077,0.22493,-4.2417,4.1072,0.29175,0.244633,1.38653
T001166,alpha,binder_void,binder_void,-4.2417,4.1072,0.29175,-4.4204,4.12781,0.45249,0.284492,2.66746
T001166,alpha,binder_void,BN,-4.4204,4.12781,0.45249,-4.4372,4.11295,0.45196,0.0228471,0.638016
T001166,alpha,BN,BN,-4.4372,4.11295,0.45196,-4.4657,4.09908,0.46091,0.0346171,0.79719
T001166,alpha,BN,BN,-4.4657,4.09908,0.46091,-4.4873,4.07862,0.46655,0.0319532,4.43663
T001166,alpha,BN,BN,-4.4873,4.07862,0.46655,-4.4807,4.06421,0.49017,0.0377074,1.19682
T001166,alpha,BN,BN,-4.4807,4.06421,0.49017,-4.4806,4.06369,0.49051,0.0252006,0.138748
T001166,alpha,BN,BN,-4.4806,4.06369,0.49051,-4.4806,4.06369,0.49051,0,0
T001167,Li7,BN,binder_void,0,0,0,0.0084,-0.00245,-0.01209,0.0149624,7.4493
T001167,Li7,binder_void,BN,0.0084,-0.00245,-0.01209,0.2341,-0.06745,-0.33259,0.397367,72.2983
T001167,Li7,BN,binder_void,0.2341,-0.06745,-0.33259,0.74884,-0.22223,-1.05278,0.899683,461.783
T001167,Li7,binder_void,ZnS,0.74884,-0.22223,-1.05278,1.01239,-0.27307,-1.44743,0.477743,56.0359
T001167,Li7,ZnS,ZnS,1.01239,-0.27307,-1.44743,1.67469,-0.39099,-2.49138,1.38648,208.226
T001167,Li7,ZnS,binder_void,1.67469,-0.39099,-2.49138,1.67551,-0.39076,-2.49021,0.00145846,0.209115
T001167,Li7,binder_void,ZnS,1.67551,-0.39076,-2.49021,1.91794,-0.31746,-2.14575,0.453748,22.2434
T001167,Li7,ZnS,ZnS,1.91794,-0.31746,-2.14575,1.96763,-0.30201,-2.15945,0.0987223,7.43866
T001167,Li7,ZnS,ZnS,1.96763,-0.30201,-2.15945,1.98013,-0.31592,-2.17176,0.0704003,4.79018
T001167,Li7,ZnS,ZnS,1.98013,-0.31592,-2.17176,1.98013,-0.31592,-2.17176,0,0
T001168,alpha,BN,binder_void,0,0,0,-0.2792,0.08101,0.39868,0.493459,188.534
T001168,alpha,binder_void,BN,-0.2792,0.08101,0.39868,-0.6841,0.20418,0.98117,0.720022,115.093
T001168,alpha,BN,binder_void,-0.6841,0.20418,0.98117,-1.1105,0.17327,1.33861,0.557297,253.87
T001168,alpha,binder_void,BN,-1.1105,0.17327,1.33861,-1.2672,0.15862,1.47318,0.20707,34.4593
T001168,alpha,BN,binder_void,-1.2672,0.15862,1.47318,-1.521,0.13608,1.69218,0.336008,145.421
T001168,alpha,binder_void,BN,-1.521,0.13608,1.69218,-2.244,0.06656,2.33225,0.968283,168.48
T001168,alpha,BN,binder_void,-2.244,0.06656,2.33225,-2.8703,0.0129,2.87628,0.83195,368.595
T001168,alpha,binder_void,BN,-2.8703,0.0129,2.87628,-3.067,0.00341,3.02864,0.24916,27.2832
T001168,alpha,BN,binder_void,-3.067,0.00341,3.02864,-3.4279,-0.01934,3.28933,0.447517,125.945
T001168,alpha,binder_void,BN,-3.4279,-0.01934,3.28933,-3.7563,-0.0062,3.4828,0.387108,20.9305
T001168,alpha,BN,BN,-3.7563,-0.0062,3.4828,-3.8419,0.12917,3.670452,0.261067,16.9958
T001168,alpha,BN,BN,-3.8419,0.12917,3.670452,-3.8112,0.1602,3.701147,0.144059,4.39295
T001168,alpha,BN,BN,-3.8112,0.1602,3.701147,-3.8112,0.1602,3.701147,0,0
T001169,Li7,BN,binder_void,0,0,0,-0.223,-0.2701,0.2128,0.41,249.205
T001169,Li7,binder_void,BN,-0.223,-0.2701,0.2128,-0.2476,-0.2995,0.23613,0.0448328,6.66023
T001169,Li7,BN,binder_void,-0.2476,-0.2995,0.23613,-0.724,-0.8649,0.68409,0.866039,387.205
T001169,Li7,binder_void,BN,-0.724,-0.8649,0.68409,-0.7472,-0.8971,0.70845,0.0465647,5.40317
T001169,Li7,BN,BN,-0.7472,-0.8971,0.70845,-1.2368,-1.56639,1.22243,1.00072,191.526
T001169,Li7,BN,BN,-1.2368,-1.56639,1.22243,-1.2368,-1.56639,1.22243,0,0
T001170,alpha,BN,binder_void,0,0,0,0.3092,0.3744,-0.29502,0.568246,208.757
T001170,alpha,binder_void,ZnS,0.3092,0.3744,-0.29502,0.6349,0.7939,-0.57976,0.60264,100.257
T001170,alpha,ZnS,binder_void,0.6349,0.7939,-0.57976,2.05067,2.6154,-1.828416,2.63465,1137.26
T001170,alpha,binder_void,BN,2.05067,2.6154,-1.828416,2.15314,2.751,-1.919568,0.196937,12.8438
T001170,alpha,BN,BN,2.15314,2.751,-1.919568,2.18785,2.8135,-1.949063,0.0811314,7.72479
T001170,alpha,BN,BN,2.18785,2.8135,-1.949063,2.22437,2.8482,-1.904625,0.0862044,2.23237
T001170,alpha,BN,BN,2.22437,2.8482,-1.904625,2.22724,2.8504,-1.899511,0.0649589,0.921931
T001170,alpha,BN,BN,2.22724,2.8504,-1.899511,2.22724,2.8504,-1.899511,0,0
T001171,Li7,BN,binder_void,0,0,0,-0.2279,0.3479,0.40238,0.579017,337.009
T001171,Li7,binder_void,BN,-0.2279,0.3479,0.40238,-0.2804,0.4145,0.48606,0.119164,17.7424
T001171,Li7,BN,binder_void,-0.2804,0.4145,0.48606,-0.6007,0.8239,0.99517,0.729081,348.043
T001171,Li7,binder_void,BN,-0.6007,0.8239,0.99517,-0.767,1.0009,1.32359,0.409964,32.4059
T001171,Li7,BN,BN,-0.767,1.0009,1.32359,-0.9689,1.3487,1.88442,0.722506,104.8
T001171,Li7,BN,BN,-0.9689,1.3487,1.88442,-0.9689,1.3487,1.88442,0,0
T001172,alpha,BN,binder_void,0,0,0,0.1585,-0.242,-0.27981,0.402435,163.009
T001172,alpha,binder_void,BN,0.1585,-0.242,-0.27981,0.2252,-0.3393,-0.3945,0.164551,21.6967
T001172,alpha,BN,binder_void,0.2252,-0.3393,-0.3945,0.3662,-0.5462,-0.6389,0.349936,151.904
T001172,alpha,binder_void,BN,0.3662,-0.5462,-0.6389,0.9283,-1.34282,-1.581437,1.3562,217.969
T001172,alpha,BN,binder_void,0.9283,-1.34282,-1.581437,1.24428,-1.79413,-2.114098,0.766523,318.445
T001172,alpha,binder_void,BN,1.24428,-1.79413,-2.114098,1.43334,-2.08417,-2.414623,0.458509,79.054
T001172,alpha,BN,binder_void,1.43334,-2.08417,-2.414623,1.68084,-2.45378,-2.801601,0.589945,260.051
T001172,alpha,binder_void,BN,1.68084,-2.45378,-2.801601,1.68934,-2.46777,-2.816574,0.0221831,2.71536
T001172,alpha,BN,binder_void,1.68934,-2.46777,-2.816574,1.98704,-2.91033,-3.300158,0.722192,140.619
T001172,alpha,binder_void,BN,1.98704,-2.91033,-3.300158,2.057,-2.98829,-3.450444,0.183373,22.285
T001172,alpha,BN,binder_void,2.057,-2.98829,-3.450444,2.29592,-3.2501,-3.97819,0.651725,39.7492
T001172,alpha,binder_void,binder_void,2.29592,-3.2501,-3.97819,3.0016,-4.06761,-4.5841,1.31215,52.5021
T001172,alpha,binder_void,binder_void,3.0016,-4.06761,-4.5841,3.0016,-4.06761,-4.5841,0,0
T001173,Li7,BN,binder_void,0,0,0,-0.03954,-0.3658,0.74728,0.833612,484.67
T001173,Li7,binder_void,BN,-0.03954,-0.3658,0.74728,-0.04625,-0.419,0.83793,0.105346,14.0793
T001173,Li7,BN,binder_void,-0.04625,-0.419,0.83793,-0.08239,-0.7686,1.42782,0.689314,263.977
T001173,Li7,binder_void,BN,-0.08239,-0.7686,1.42782,-0.10808,-0.8913,1.76363,0.361912,24.9161
T001173,Li7,BN,BN,-0.10808,-0.8913,1.76363,-0.18129,-1.0568,2.22671,0.583033,52.3577
T001173,Li7,BN,BN,-0.18129,-1.0568,2.22671,-0.18129,-1.0568,2.22671,0,0
T001174,alpha,BN,binder_void,0,0,0,0.00735,0.0679,-0.13876,0.154666,47.4756
T001174,alpha,binder_void,BN,0.00735,0.0679,-0.13876,0.01689,0.1595,-0.32462,0.20745,31.2134
T001174,alpha,BN,binder_void,0.01689,0.1595,-0.32462,0.04839,0.4756,-0.96952,0.718955,285.635
T001174,alpha,binder_void,BN,0.04839,0.4756,-0.96952,0.05098,0.50626,-1.03297,0.0705286,9.86487
T001174,alpha,BN,binder_void,0.05098,0.50626,-1.03297,0.07819,0.82695,-1.69718,0.738211,340.311
T001174,alpha,binder_void,BN,0.07819,0.82695,-1.69718,0.0801,0.84045,-1.72497,0.0309496,5.00906
T001174,alpha,BN,binder_void,0.0801,0.84045,-1.72497,0.13861,1.24993,-2.56487,0.936696,396.795
T001174,alpha,binder_void,BN,0.13861,1.24993,-2.56487,0.15038,1.34791,-2.79347,0.249025,43.075
T001174,alpha,BN,binder_void,0.15038,1.34791,-2.79347,0.17719,1.68308,-3.55714,0.836514,303.002
T001174,alpha,binder_void,binder_void,0.17719,1.68308,-3.55714,0.13231,1.72026,-3.67954,0.142982,2.81611
T001174,alpha,binder_void,binder_void,0.13231,1.72026,-3.67954,0.15642,1.73237,-3.79634,0.132608,4.80372
T001174,alpha,binder_void,binder_void,0.15642,1.73237,-3.79634,0.15642,1.73237,-3.79634,0,0
T001175,Li7,BN,binder_void,0,0,0,-0.24762,0.1622,-0.06067,0.302253,190.864
T001175,Li7,binder_void,BN,-0.24762,0.1622,-0.06067,-0.35015,0.2304,-0.08655,0.125851,24.192
T001175,Li7,BN,binder_void,-0.35015,0.2304,-0.08655,-0.9749,0.64957,-0.2376,0.768402,404.667
T001175,Li7,binder_void,BN,-0.9749,0.64957,-0.2376,-1.63024,1.07572,-0.40207,0.801277,78.714
T001175,Li7,BN,BN,-1.63024,1.07572,-0.40207,-2.245865,1.43543,-0.60231,0.760232,147.7
T001175,Li7,BN,BN,-2.245865,1.43543,-0.60231,-2.245865,1.43543,-0.60231,0,0
T001176,alpha,BN,binder_void,0,0,0,0.34936,-0.2289,0.08561,0.426335,163.01
T001176,alpha,binder_void,BN,0.34936,-0.2289,0.08561,1.60478,-1.0575,0.39058,1.53501,235.711
T001176,alpha,BN,binder_void,1.60478,-1.0575,0.39058,2.2108,-1.4544,0.54717,0.741273,311.419
T001176,alpha,binder_void,BN,2.2108,-1.4544,0.54717,2.97949,-1.9602,0.72505,0.937318,147.539
T001176,alpha,BN,binder_void,2.97949,-1.9602,0.72505,3.49521,-2.2961,0.85324,0.629005,294.364
T001176,alpha,binder_void,BN,3.49521,-2.2961,0.85324,3.61128,-2.3727,0.88519,0.142679,23.6201
T001176,alpha,BN,binder_void,3.61128,-2.3727,0.88519,3.98376,-2.6224,0.98913,0.460934,172.901
T001176,alpha,binder_void,BN,3.98376,-2.6224,0.98913,4.23655,-2.7982,1.06867,0.318531,29.196
T001176,alpha,BN,BN,4.23655,-2.7982,1.06867,4.78818,-3.1981,1.15544,0.708927,92.2405
T001176,alpha,BN,BN,4.78818,-3.1981,1.15544,4.78818,-3.1981,1.15544,0,0
T001177,Li7,BN,binder_void,0,0,0,0.11174,0.13832,0.115839,0.212256,136.815
T001177,Li7,binder_void,BN,0.11174,0.13832,0.115839,0.24503,0.33042,0.287838,0.290297,46.2907
T001177,Li7,BN,binder_void,0.24503,0.33042,0.287838,0.57273,0.79133,0.683228,0.690791,379.911
T001177,Li7,binder_void,BN,0.57273,0.79133,0.683228,0.58256,0.80385,0.692027,0.0181844,1.95446
T001177,Li7,BN,BN,0.58256,0.80385,0.692027,1.00464,1.34184,1.069706,0.786749,281.227
T001177,Li7,BN,BN,1.00464,1.34184,1.069706,1.00464,1.34184,1.069706,0,0
T001178,alpha,BN,binder_void,0,0,0,-0.32123,-0.39765,-0.333024,0.61015,219.865
T001178,alpha,binder_void,BN,-0.32123,-0.39765,-0.333024,-0.3609,-0.44625,-0.374502,0.0752052,15.4189
T001178,alpha,BN,binder_void,-0.3609,-0.44625,-0.374502,-0.88473,-1.08426,-0.920537,0.989952,401.557
T001178,alpha,binder_void,BN,-0.88473,-1.08426,-0.920537,-0.99417,-1.2255,-1.045415,0.217995,36.8492
T001178,alpha,BN,binder_void,-0.99417,-1.2255,-1.045415,-1.22984,-1.52087,-1.309414,0.461048,192.933
T001178,alpha,binder_void,BN,-1.22984,-1.52087,-1.309414,-1.40717,-1.73219,-1.507084,0.339404,50.6995
T001178,alpha,BN,binder_void,-1.40717,-1.73219,-1.507084,-1.84975,-2.26579,-1.994844,0.848324,334.862
T001178,alpha,binder_void,BN,-1.84975,-2.26579,-1.994844,-2.05658,-2.55306,-2.244584,0.433524,59.1439
T001178,alpha,BN,binder_void,-2.05658,-2.55306,-2.244584,-2.27974,-2.85703,-2.499024,0.456965,108.53
T001178,alpha,binder_void,BN,-2.27974,-2.85703,-2.499024,-2.44029,-2.97513,-2.651354,0.252544,10.8589
T001178,alpha,BN,BN,-2.44029,-2.97513,-2.651354,-2.7105,-3.14751,-2.908094,0.452579,39.2819
T001178,alpha,BN,BN,-2.7105,-3.14751,-2.908094,-2.7105,-3.14751,-2.908094,0,0
T001179,Li7,BN,binder_void,0,0,0,0.09614,-0.42572,0.310942,0.536153,340.222
T001179,Li7,binder_void,BN,0.09614,-0.42572,0.310942,0.21945,-0.96084,0.691691,0.668584,88.9048
T001179,Li7,BN,binder_void,0.21945,-0.96084,0.691691,0.31652,-1.39279,0.991526,0.535741,245.59
T001179,Li7,binder_void,BN,0.31652,-1.39279,0.991526,0.35624,-1.65572,1.131626,0.301118,29.7456
T001179,Li7,BN,BN,0.35624,-1.65572,1.131626,0.48313,-2.42145,1.531086,0.91225,135.537
T001179,Li7,BN,BN,0.48313,-2.42145,1.531086,0.48313,-2.42145,1.531086,0,0
T001180,alpha,BN,binder_void,0,0,0,-0.04335,0.19195,-0.1401906,0.241615,91.3221
T001180,alpha,binder_void,BN,-0.04335,0.19195,-0.1401906,-0.05782,0.25261,-0.18466789,0.0766044,14.7877
T001180,alpha,BN,binder_void,-0.05782,0.25261,-0.18466789,-0.15308,0.65174,-0.477381,0.504083,193.87
T001180,alpha,binder_void,BN,-0.15308,0.65174,-0.477381,-0.37922,1.80034,-1.351164,1.46095,246.896
T001180,alpha,BN,binder_void,-0.37922,1.80034,-1.351164,-0.51711,2.43824,-1.817654,0.802424,365.761
T001180,alpha,binder_void,BN,-0.51711,2.43824,-1.817654,-0.53157,2.49704,-1.860744,0.0743321,14.5681
T001180,alpha,BN,binder_void,-0.53157,2.49704,-1.860744,-0.72581,3.27294,-2.425214,0.979911,453.767
T001180,alpha,binder_void,ZnS,-0.72581,3.27294,-2.425214,-0.81742,3.55644,-2.620834,0.357628,26.5521
T001180,alpha,ZnS,ZnS,-0.81742,3.55644,-2.620834,-0.95771,3.82114,-2.722494,0.330403,49.3174
T001180,alpha,ZnS,ZnS,-0.95771,3.82114,-2.722494,-1.14421,3.81014,-2.851634,0.294665,3.13009
T001180,alpha,ZnS,ZnS,-1.14421,3.81014,-2.851634,-1.33725,3.83064,-2.679774,0.348375,9.94562
T001180,alpha,ZnS,ZnS,-1.33725,3.83064,-2.679774,-1.33732,3.83034,-2.679494,0.0503945,0.0827172
T001180,alpha,ZnS,ZnS,-1.33732,3.83034,-2.679494,-1.33732,3.83034,-2.679494,0,0
T001181,Li7,BN,binder_void,0,0,0,0.5789,0.29111,-0.020089,0.64874,392.604
T001181,Li7,binder_void,BN,0.5789,0.29111,-0.020089,0.7925,0.41432,-0.030341,0.24682,35.069
T001181,Li7,BN,binder_void,0.7925,0.41432,-0.030341,1.5488,0.86235,-0.058366,0.882769,345.947
T001181,Li7,binder_void,binder_void,1.5488,0.86235,-0.058366,2.6527,1.61706,-0.1100667,1.43843,68.9419
T001181,Li7,binder_void,binder_void,2.6527,1.61706,-0.1100667,2.6527,1.61706,-0.1100667,0,0
T001182,alpha,BN,binder_void,0,0,0,-0.1425,-0.07163,0.004943,0.159525,57.5936
T001182,alpha,binder_void,BN,-0.1425,-0.07163,0.004943,-0.27716,-0.13949,0.009921,0.150898,23.9657
T001182,alpha,BN,binder_void,-0.27716,-0.13949,0.009921,-0.71075,-0.3582,0.027048,0.485966,184.827
T001182,alpha,binder_void,BN,-0.71075,-0.3582,0.027048,-1.37914,-0.68511,0.053387,0.744558,125.621
T001182,alpha,BN,binder_void,-1.37914,-0.68511,0.053387,-2.0962,-1.03143,0.087136,0.797191,318.279
T001182,alpha,binder_void,ZnS,-2.0962,-1.03143,0.087136,-2.58347,-1.28105,0.121519,0.548605,99.2939
T001182,alpha,ZnS,binder_void,-2.58347,-1.28105,0.121519,-4.6205,-2.33675,0.280851,2.32656,601.586
T001182,alpha,binder_void,binder_void,-4.6205,-2.33675,0.280851,-5.90972,-2.24012,-0.010216,1.39297,58.8335
T001182,alpha,binder_void,binder_void,-5.90972,-2.24012,-0.010216,-5.90972,-2.24012,-0.010216,0,0
T001183,Li7,BN,binder_void,0,0,0,-0.0297,-0.32544,-0.2483589,0.410558,270.699
T001183,Li7,binder_void,ZnS,-0.0297,-0.32544,-0.2483589,-0.0709,-0.86477,-0.65799,0.678686,111.803
T001183,Li7,ZnS,ZnS,-0.0709,-0.86477,-0.65799,-0.0002,-2.01007,-1.698172,1.56306,603.512
T001183,Li7,ZnS,ZnS,-0.0002,-2.01007,-1.698172,0.0397,-2.07092,-1.823292,0.596284,26.9861
T001183,Li7,ZnS,ZnS,0.0397,-2.07092,-1.823292,0.0397,-2.07092,-1.823292,0,0
T001184,alpha,BN,binder_void,0,0,0,0.0182,0.19978,0.152467,0.251981,78.8347
T001184,alpha,binder_void,BN,0.0182,0.19978,0.152467,0.0356,0.40539,0.311419,0.260471,34.3232
T001184,alpha,BN,binder_void,0.0356,0.40539,0.311419,0.0863,1.00017,0.772447,0.754307,272.726
T001184,alpha,binder_void,BN,0.0863,1.00017,0.772447,0.091,1.05902,0.817098,0.0740188,9.65074
T001184,alpha,BN,binder_void,0.091,1.05902,0.817098,0.1217,1.44619,1.110018,0.486497,187.527
T001184,alpha,binder_void,BN,0.1217,1.44619,1.110018,0.1912,2.31502,1.774288,1.09596,180.152
T001184,alpha,BN,binder_void,0.1912,2.31502,1.774288,0.2241,2.76995,2.126748,0.576527,256.801
T001184,alpha,binder_void,BN,0.2241,2.76995,2.126748,0.2492,3.051558,2.347938,0.358988,65.0848
T001184,alpha,BN,binder_void,0.2492,3.051558,2.347938,0.3128,3.7492552,2.898048,0.891236,368.867
T001184,alpha,binder_void,BN,0.3128,3.7492552,2.898048,0.3231,3.8241318,2.965308,0.101187,16.0078
T001184,alpha,BN,binder_void,0.3231,3.8241318,2.965308,0.4727,4.472894,3.562948,0.897235,255.965
T001184,alpha,binder_void,ZnS,0.4727,4.472894,3.562948,0.7001,5.16863,4.207238,1.01176,25.9575
T001184,alpha,ZnS,ZnS,0.7001,5.16863,4.207238,0.6818,5.24741,4.326788,0.158678,8.01981
T001184,alpha,ZnS,ZnS,0.6818,5.24741,4.326788,0.681,5.32254,4.442128,0.16143,2.03487
T001184,alpha,ZnS,ZnS,0.681,5.32254,4.442128,0.7498,5.38216,4.530638,0.151269,2.24636
T001184,alpha,ZnS,ZnS,0.7498,5.38216,4.530638,0.7848,5.30226,4.601348,0.136345,7.55341
T001184,alpha,ZnS,ZnS,0.7848,5.30226,4.601348,0.8006,5.30016,4.583938,0.35038,4.24856
T001184,alpha,ZnS,ZnS,0.8006,5.30016,4.583938,0.8006,5.30016,4.583938,0,0
T001185,Li7,BN,binder_void,0,0,0,-0.3933,0.22188,0.46583,0.649189,381.756
T001185,Li7,binder_void,BN,-0.3933,0.22188,0.46583,-0.6328,0.34685,0.72842,0.376884,52.4212
T001185,Li7,BN,BN,-0.6328,0.34685,0.72842,-1.204,0.6432,1.37319,0.914651,405.823
T001185,Li7,BN,BN,-1.204,0.6432,1.37319,-1.204,0.6432,1.37319,0,0
T001186,alpha,BN,binder_void,0,0,0,0.1566,-0.08835,-0.18549,0.25834,99.4853
T001186,alpha,binder_void,BN,0.1566,-0.08835,-0.18549,0.4271,-0.24158,-0.51125,0.450284,59.2796
T001186,alpha,BN,binder_void,0.4271,-0.24158,-0.51125,0.8081,-0.45286,-0.97012,0.632836,234.764
T001186,alpha,binder_void,BN,0.8081,-0.45286,-0.97012,1.1534,-0.63727,-1.37894,0.566014,94.3767
T001186,alpha,BN,binder_void,1.1534,-0.63727,-1.37894,1.6398,-0.89647,-1.9482,0.79255,346.098
T001186,alpha,binder_void,BN,1.6398,-0.89647,-1.9482,2.189,-1.19219,-2.58851,0.894088,164.143
T001186,alpha,BN,binder_void,2.189,-1.19219,-2.58851,2.7809,-1.48595,-3.31359,0.982288,365.583
T001186,alpha,binder_void,BN,2.7809,-1.48595,-3.31359,3.2088,-1.62355,-3.86052,0.711478,56.2362
T001186,alpha,BN,BN,3.2088,-1.62355,-3.86052,3.5708,-1.67285,-4.16964,0.513851,50.0344
T001186,alpha,BN,BN,3.5708,-1.67285,-4.16964,3.5708,-1.67285,-4.16964,0,0
T001187,Li7,BN,binder_void,0,0,0,0.4694,-0.03101,0.18185,0.504613,308.911
T001187,Li7,binder_void,BN,0.4694,-0.03101,0.18185,0.496,-0.03095,0.1915,0.0282701,4.55083
T001187,Li7,BN,binder_void,0.496,-0.03095,0.1915,1.3652,-0.03005,0.50607,0.926643,341.073
T001187,Li7,binder_void,ZnS,1.3652,-0.03005,0.50607,1.4615,-0.02985,0.5353,0.100691,10.3451
T001187,Li7,ZnS,ZnS,1.4615,-0.02985,0.5353,2.2952,0.21059,1.16547,1.15108,182.166
T001187,Li7,ZnS,ZnS,2.2952,0.21059,1.16547,2.2952,0.21059,1.16547,0,0
T001188,alpha,BN,binder_void,0,0,0,-0.3093,0.02043,-0.11981,0.332307,117.628
T001188,alpha,binder_void,BN,-0.3093,0.02043,-0.11981,-0.8812,0.05768,-0.33914,0.613724,99.3142
T001188,alpha,BN,binder_void,-0.8812,0.05768,-0.33914,-1.1616,0.07719,-0.44772,0.301309,119.307
T001188,alpha,binder_void,BN,-1.1616,0.07719,-0.44772,-1.4922,0.10337,-0.57743,0.356089,58.4949
T001188,alpha,BN,binder_void,-1.4922,0.10337,-0.57743,-2.2632,0.16086,-0.88519,0.832397,365.181
T001188,alpha,binder_void,ZnS,-2.2632,0.16086,-0.88519,-2.3433,0.16733,-0.91803,0.0867333,15.8727
T001188,alpha,ZnS,ZnS,-2.3433,0.16733,-0.91803,-5.4262,0.43154,-2.17117,3.41331,694.202
T001188,alpha,ZnS,ZnS,-5.4262,0.43154,-2.17117,-5.4262,0.43154,-2.17117,0,0
T001189,Li7,BN,binder_void,0,0,0,0.03185,-0.1326,-0.09903,0.168512,100.127
T001189,Li7,binder_void,BN,0.03185,-0.1326,-0.09903,0.08621,-0.3612,-0.26761,0.289294,50.3221
T001189,Li7,BN,binder_void,0.08621,-0.3612,-0.26761,0.20108,-0.8314,-0.61355,0.595403,354.299
T001189,Li7,binder_void,BN,0.20108,-0.8314,-0.61355,0.26114,-1.102,-0.80226,0.33548,43.7484
T001189,Li7,BN,binder_void,0.26114,-1.102,-0.80226,0.28162,-1.1938,-0.86649,0.114012,49.3864
T001189,Li7,binder_void,BN,0.28162,-1.1938,-0.86649,0.36184,-1.5599,-1.1285,0.457884,46.6068
T001189,Li7,BN,BN,0.36184,-1.5599,-1.1285,0.55263,-2.2672,-1.63619,0.907984,195.51
T001189,Li7,BN,BN,0.55263,-2.2672,-1.63619,0.55263,-2.2672,-1.63619,0,0
T001190,alpha,BN,binder_void,0,0,0,-0.15493,0.6447,0.48169,0.819646,322.545
T001190,alpha,binder_void,BN,-0.15493,0.6447,0.48169,-0.27736,1.1578,0.86261,0.650688,99.706
T001190,alpha,BN,binder_void,-0.27736,1.1578,0.86261,-0.43176,1.8111,1.34957,0.829495,375.041
T001190,alpha,binder_void,BN,-0.43176,1.8111,1.34957,-0.63187,2.5688,1.94333,0.98345,159.782
T001190,alpha,BN,binder_void,-0.63187,2.5688,1.94333,-0.6841,2.7801,2.11035,0.274394,126.31
T001190,alpha,binder_void,BN,-0.6841,2.7801,2.11035,-0.75276,3.0452,2.32533,0.348253,56.2397
T001190,alpha,BN,binder_void,-0.75276,3.0452,2.32533,-0.90238,3.5105,2.72134,0.629973,243.029
T001190,alpha,binder_void,binder_void,-0.90238,3.5105,2.72134,-1.51366,4.6309,3.79049,1.71482,87.3476
T001190,alpha,binder_void,binder_void,-1.51366,4.6309,3.79049,-1.51366,4.6309,3.79049,0,0
T001191,Li7,BN,binder_void,0,0,0,0.01057,-0.011,-0.24836,0.248881,154.554
T001191,Li7,binder_void,BN,0.01057,-0.011,-0.24836,0.02226,-0.0196,-0.48709,0.239194,36.798
T001191,Li7,BN,binder_void,0.02226,-0.0196,-0.48709,0.03611,-0.0372,-0.97394,0.487724,264.933
T001191,Li7,binder_void,ZnS,0.03611,-0.0372,-0.97394,0.0406,-0.0518,-1.18752,0.214184,29.4091
T001191,Li7,ZnS,ZnS,0.0406,-0.0518,-1.18752,0.12944,-0.4864,-2.54046,1.46037,332.996
T001191,Li7,ZnS,ZnS,0.12944,-0.4864,-2.54046,0.2191,-0.4811,-2.59054,0.52988,21.3103
T001191,Li7,ZnS,ZnS,0.2191,-0.4811,-2.59054,0.2191,-0.4811,-2.59054,0,0
T001192,alpha,BN,binder_void,0,0,0,-0.02356,0.0246,0.55389,0.554982,210.183
T001192,alpha,binder_void,BN,-0.02356,0.0246,0.55389,-0.07444,0.092,1.7949,1.24397,199.537
T001192,alpha,BN,binder_void,-0.07444,0.092,1.7949,-0.10377,0.1382,2.55418,0.761397,328.464
T001192,alpha,binder_void,ZnS,-0.10377,0.1382,2.55418,-0.12677,0.1773,3.14131,0.588946,96.8667
T001192,alpha,ZnS,binder_void,-0.12677,0.1773,3.14131,-0.23443,0.363,5.66761,2.57289,543.133
T001192,alpha,binder_void,BN,-0.23443,0.363,5.66761,-0.25079,0.4312,5.802302,0.152047,19.1976
T001192,alpha,BN,binder_void,-0.25079,0.4312,5.802302,-0.29931,0.595,6.134774,0.38047,54.8874
T001192,alpha,binder_void,binder_void,-0.29931,0.595,6.134774,-0.26365,0.621,6.427056,0.314595,17.7311
T001192,alpha,binder_void,binder_void,-0.26365,0.621,6.427056,-0.26365,0.621,6.427056,0,0
T001193,Li7,BN,binder_void,0,0,0,-0.195227,-0.346,0.069916,0.403514,248.982
T001193,Li7,binder_void,BN,-0.195227,-0.346,0.069916,-0.459285,-0.8331,0.180559,0.565265,86.7594
T001193,Li7,BN,binder_void,-0.459285,-0.8331,0.180559,-0.685015,-1.2571,0.269796,0.489117,240.049
T001193,Li7,binder_void,BN,-0.685015,-1.2571,0.269796,-1.353925,-2.3718,0.35993,1.30812,122.301
T001193,Li7,BN,BN,-1.353925,-2.3718,0.35993,-1.736945,-3.172,0.3291,0.924857,141.909
T001193,Li7,BN,BN,-1.736945,-3.172,0.3291,-1.736945,-3.172,0.3291,0,0
T001194,alpha,BN,binder_void,0,0,0,0.128628,0.228,-0.046065,0.265772,99.3852
T001194,alpha,binder_void,BN,0.128628,0.228,-0.046065,0.361637,0.6394,-0.128906,0.480053,74.376
T001194,alpha,BN,binder_void,0.361637,0.6394,-0.128906,0.7688419,1.35784,-0.2732315,0.838438,340.007
T001194,alpha,binder_void,BN,0.7688419,1.35784,-0.2732315,1.059702,1.86297,-0.3793726,0.592509,106.936
T001194,alpha,BN,binder_void,1.059702,1.86297,-0.3793726,1.538709,2.67914,-0.541291,0.960487,448.891
T001194,alpha,binder_void,BN,1.538709,2.67914,-0.541291,1.589295,2.76506,-0.557486,0.101015,18.1657
T001194,alpha,BN,binder_void,1.589295,2.76506,-0.557486,2.004565,3.47041,-0.692593,0.830941,290.551
T001194,alpha,binder_void,ZnS,2.004565,3.47041,-0.692593,2.319105,4.10121,-0.903647,0.740932,49.3349
T001194,alpha,ZnS,ZnS,2.319105,4.10121,-0.903647,2.473125,4.17498,-0.939175,0.18261,12.6317
T001194,alpha,ZnS,ZnS,2.473125,4.17498,-0.939175,2.603875,4.1567,-1.02385,0.185513,5.77037
T001194,alpha,ZnS,binder_void,2.603875,4.1567,-1.02385,2.607545,4.15442,-1.028626,0.00649427,0.145989
T001194,alpha,binder_void,binder_void,2.607545,4.15442,-1.028626,2.861085,3.95278,-1.354292,0.487963,23.8051
T001194,alpha,binder_void,binder_void,2.861085,3.95278,-1.354292,2.861085,3.95278,-1.354292,0,0
T001195,Li7,BN,binder_void,0,0,0,0.077233,0.0479,-0.111984,0.144225,97.4403
T001195,Li7,binder_void,BN,0.077233,0.0479,-0.111984,0.317418,0.202,-0.470795,0.458531,76.9779
T001195,Li7,BN,binder_void,0.317418,0.202,-0.470795,0.56012,0.361,-0.851589,0.479068,269.959
T001195,Li7,binder_void,BN,0.56012,0.361,-0.851589,0.591504,0.3871,-0.907644,0.069342,7.42767
T001195,Li7,BN,binder_void,0.591504,0.3871,-0.907644,0.949665,0.6794,-1.559192,0.80182,311.878
T001195,Li7,binder_void,BN,0.949665,0.6794,-1.559192,1.043726,0.7908,-1.833202,0.313024,22.7786
T001195,Li7,BN,binder_void,1.043726,0.7908,-1.833202,1.140795,0.8836,-2.167652,0.387583,52.9316
T001195,Li7,binder_void,binder_void,1.140795,0.8836,-2.167652,1.144023,0.8869,-2.170282,0.0303564,0.606303
T001195,Li7,binder_void,binder_void,1.144023,0.8869,-2.170282,1.144023,0.8869,-2.170282,0,0
T001196,alpha,BN,binder_void,0,0,0,-0.398125,-0.2467,0.577266,0.743453,283.268
T001196,alpha,binder_void,BN,-0.398125,-0.2467,0.577266,-0.531765,-0.3459,0.790748,0.270688,37.6923
T001196,alpha,BN,binder_void,-0.531765,-0.3459,0.790748,-0.810005,-0.5476,1.228438,0.556546,223.752
T001196,alpha,binder_void,BN,-0.810005,-0.5476,1.228438,-2.107945,-1.5178,3.246198,2.58877,450.649
T001196,alpha,BN,binder_void,-2.107945,-1.5178,3.246198,-2.157605,-1.5547,3.325318,0.100428,48.4659
T001196,alpha,binder_void,BN,-2.157605,-1.5547,3.325318,-2.297155,-1.6508,3.551958,0.283007,51.0581
T001196,alpha,BN,binder_void,-2.297155,-1.6508,3.551958,-2.461795,-1.7657,3.819738,0.334887,147.756
T001196,alpha,binder_void,BN,-2.461795,-1.7657,3.819738,-2.702165,-1.9365,4.275528,0.543317,72.6673
T001196,alpha,BN,binder_void,-2.702165,-1.9365,4.275528,-2.778755,-1.9948,4.432478,0.184427,43.6293
T001196,alpha,binder_void,BN,-2.778755,-1.9948,4.432478,-2.959605,-2.1425,4.760038,0.403244,41.7659
T001196,alpha,BN,BN,-2.959605,-2.1425,4.760038,-3.230455,-2.3666,5.224058,0.609764,69.2964
T001196,alpha,BN,BN,-3.230455,-2.3666,5.224058,-3.230455,-2.3666,5.224058,0,0
T001197,Li7,BN,binder_void,0,0,0,-0.5411,-0.4462,-0.24353,0.742934,471.351
T001197,Li7,binder_void,binder_void,-0.5411,-0.4462,-0.24353,-1.7497,-1.6738,-0.84855,1.82844,189.897
T001197,Li7,binder_void,BN,-1.7497,-1.6738,-0.84855,-2.7203,-2.527,-1.00619,1.31267,111.853
T001197,Li7,BN,binder_void,-2.7203,-2.527,-1.00619,-2.9225,-2.6626,-1.02456,0.250823,32.7132
T001197,Li7,binder_void,BN,-2.9225,-2.6626,-1.02456,-3.089,-2.7718,-1.00665,0.204976,10.7046
T001197,Li7,BN,BN,-3.089,-2.7718,-1.00665,-3.1893,-2.8722,-1.00436,0.148982,17.0201
T001197,Li7,BN,BN,-3.1893,-2.8722,-1.00436,-3.1229,-2.8126,-1.04535,0.156039,6.53302
T001197,Li7,BN,BN,-3.1229,-2.8126,-1.04535,-3.1229,-2.8126,-1.04535,0,0
T001198,alpha,BN,binder_void,0,0,0,0.0163,0.0134,0.00735,0.022406,8.72149
T001198,alpha,binder_void,BN,0.0163,0.0134,0.00735,0.4269,0.3509,0.19073,0.562279,90.5448
T001198,alpha,BN,binder_void,0.4269,0.3509,0.19073,0.8515,0.6989,0.37724,0.579784,233.953
T001198,alpha,binder_void,BN,0.8515,0.6989,0.37724,2.1075,1.7157,0.91563,1.7036,285.129
T001198,alpha,BN,binder_void,2.1075,1.7157,0.91563,2.796,2.2694,1.20259,0.929307,397.209
T001198,alpha,binder_void,BN,2.796,2.2694,1.20259,4.0061,3.1746,1.66454,1.58133,264.344
T001198,alpha,BN,binder_void,4.0061,3.1746,1.66454,4.4209,3.5011,1.79243,0.54529,121.613
T001198,alpha,binder_void,BN,4.4209,3.5011,1.79243,4.5407,3.647,1.80381,0.189644,16.3658
T001198,alpha,BN,BN,4.5407,3.647,1.80381,4.8537,4.0227,1.84528,0.524988,52.1201
T001198,alpha,BN,BN,4.8537,4.0227,1.84528,4.8537,4.0227,1.84528,0,0
T001199,Li7,BN,binder_void,0,0,0,-0.6943,-0.3954,-0.17511,0.818661,484.06
T001199,Li7,binder_void,BN,-0.6943,-0.3954,-0.17511,-1.5974,-1.0108,-0.42378,1.12274,132.988
T001199,Li7,BN,BN,-1.5974,-1.0108,-0.42378,-2.1916,-1.4636,-0.60875,0.777909,222.952
T001199,Li7,BN,BN,-2.1916,-1.4636,-0.60875,-2.1916,-1.4636,-0.60875,0,0
T001200,alpha,BN,binder_void,0,0,0,0.0173,0.0098,0.00435,0.0203353,7.93
T001200,alpha,binder_void,BN,0.0173,0.0098,0.00435,0.4241,0.2411,0.10688,0.479068,75.4861
T001200,alpha,BN,binder_void,0.4241,0.2411,0.10688,1.1549,0.6579,0.28931,0.861046,346.563
T001200,alpha,binder_void,BN,1.1549,0.6579,0.28931,2.461,1.4342,0.6005,1.55106,265.432
T001200,alpha,BN,binder_void,2.461,1.4342,0.6005,2.7934,1.6388,0.6784,0.398096,168.292
T001200,alpha,binder_void,BN,2.7934,1.6388,0.6784,3.1524,1.8652,0.76831,0.433933,72.9565
T001200,alpha,BN,binder_void,3.1524,1.8652,0.76831,3.9245,2.3588,0.9688,0.939014,360.633
T001200,alpha,binder_void,BN,3.9245,2.3588,0.9688,4.0053,2.4127,0.98748,0.0989226,13.6602
T001200,alpha,BN,BN,4.0053,2.4127,0.98748,4.566,2.7816,1.11575,0.688662,159.048
T001200,alpha,BN,BN,4.566,2.7816,1.11575,4.566,2.7816,1.11575,0,0
T001201,Li7,BN,binder_void,0,0,0,0.2091,-0.0169,0.20502,0.293342,184.465
T001201,Li7,binder_void,ZnS,0.2091,-0.0169,0.20502,0.9749,-0.0835,0.9597,1.07781,177.696
T001201,Li7,ZnS,ZnS,0.9749,-0.0835,0.9597,2.158,-0.3417,1.82956,1.51355,477.839
T001201,Li7,ZnS,ZnS,2.158,-0.3417,1.82956,2.158,-0.3417,1.82956,0,0
T001202,alpha,BN,binder_void,0,0,0,-0.3313,0.0267,-0.32503,0.464967,167.214
T001202,alpha,binder_void,BN,-0.3313,0.0267,-0.32503,-0.477,0.0395,-0.46643,0.203452,28.7759
T001202,alpha,BN,binder_void,-0.477,0.0395,-0.46643,-0.7554,0.0646,-0.73761,0.389472,162.03
T001202,alpha,binder_void,BN,-0.7554,0.0646,-0.73761,-0.8212,0.0704,-0.80305,0.0929376,18.0657
T001202,alpha,BN,binder_void,-0.8212,0.0704,-0.80305,-1.29689,0.1142,-1.27585,0.672244,286.351
T001202,alpha,binder_void,BN,-1.29689,0.1142,-1.27585,-1.36226,0.1193,-1.34382,0.0944502,17.6985
T001202,alpha,BN,binder_void,-1.36226,0.1193,-1.34382,-1.98365,0.1673,-1.98781,0.896567,398.293
T001202,alpha,binder_void,BN,-1.98365,0.1673,-1.98781,-2.40276,0.241,-2.40983,0.599519,95.1917
T001202,alpha,BN,binder_void,-2.40276,0.241,-2.40983,-2.84936,0.3183,-2.85498,0.636513,212.463
T001202,alpha,binder_void,BN,-2.84936,0.3183,-2.85498,-3.17572,0.3736,-3.16687,0.456969,39.1024
T001202,alpha,BN,BN,-3.17572,0.3736,-3.16687,-3.48698,0.4199,-3.48403,0.484975,44.8144
